date,userid,startdate,plan,Status,DayOfWeek,Weekend,DaysSinceStart,AI_AutoComplete_Success,AI_Chat_Success,AI_Agent_Success,AI_AutoComplete_Error,AI_Chat_Error,AI_Agent_Error
3/3/2025,11207503,3/3/2025,Paid,Active,Monday,False,0,37,4,2,2,0,0
3/3/2025,14003926,3/3/2025,Free,Active,Monday,False,0,5,6,2,0,0,0
3/3/2025,14017653,3/3/2025,Free,Active,Monday,False,0,5,2,3,0,0,2
3/3/2025,14453470,3/3/2025,Free,Active,Monday,False,0,9,8,2,1,0,0
3/3/2025,17463270,3/3/2025,Free,Active,Monday,False,0,29,3,1,1,0,0
3/3/2025,18139249,3/3/2025,Free,Active,Monday,False,0,4,2,1,0,0,0
3/3/2025,19360498,3/3/2025,Paid,Active,Monday,False,0,15,2,0,1,0,0
3/3/2025,21395247,3/3/2025,Paid,Active,Monday,False,0,10,2,1,2,1,0
3/3/2025,22067873,3/3/2025,Free,Active,Monday,False,0,10,10,1,1,0,0
3/3/2025,28947491,3/3/2025,Free,Active,Monday,False,0,11,5,3,0,0,0
3/3/2025,29402937,3/3/2025,Free,Active,Monday,False,0,16,2,0,1,0,1
3/3/2025,30377112,3/3/2025,Free,Active,Monday,False,0,4,2,3,0,0,1
3/3/2025,30427864,3/3/2025,Paid,Active,Monday,False,0,4,9,1,0,1,0
3/3/2025,30932855,3/3/2025,Free,Active,Monday,False,0,8,5,1,0,0,0
3/3/2025,31206130,3/3/2025,Free,Active,Monday,False,0,26,3,2,2,0,0
3/3/2025,33910622,3/3/2025,Paid,Active,Monday,False,0,5,3,3,2,1,0
3/3/2025,34138344,3/3/2025,Paid,Active,Monday,False,0,5,1,2,0,0,0
3/3/2025,36059574,3/3/2025,Free,Active,Monday,False,0,3,4,1,1,0,0
3/3/2025,37577338,3/3/2025,Free,Active,Monday,False,0,26,2,1,1,0,0
3/3/2025,39062302,3/3/2025,Paid,Active,Monday,False,0,2,1,3,0,0,0
3/3/2025,40027203,3/3/2025,Free,Active,Monday,False,0,5,3,0,0,0,0
3/3/2025,44549411,3/3/2025,Paid,Active,Monday,False,0,10,10,3,0,1,0
3/3/2025,44814486,3/3/2025,Paid,Active,Monday,False,0,2,7,1,0,0,0
3/3/2025,46768760,3/3/2025,Free,Active,Monday,False,0,11,2,3,1,0,0
3/3/2025,50569399,3/3/2025,Paid,Active,Monday,False,0,8,11,1,1,1,0
3/3/2025,51936265,3/3/2025,Free,Active,Monday,False,0,4,0,1,1,0,0
3/3/2025,52344802,3/3/2025,Free,Active,Monday,False,0,11,2,0,0,0,0
3/3/2025,52823633,3/3/2025,Free,Active,Monday,False,0,36,6,2,2,0,0
3/3/2025,55631853,3/3/2025,Free,Active,Monday,False,0,8,1,3,0,0,0
3/3/2025,57595168,3/3/2025,Free,Active,Monday,False,0,11,5,3,1,0,0
3/3/2025,57850647,3/3/2025,Paid,Active,Monday,False,0,15,3,1,1,1,0
3/3/2025,57990055,3/3/2025,Free,Active,Monday,False,0,3,1,2,2,0,0
3/3/2025,61125704,3/3/2025,Paid,Active,Monday,False,0,22,1,2,2,0,0
3/3/2025,61356578,3/3/2025,Free,Active,Monday,False,0,16,10,1,0,0,0
3/3/2025,61786206,3/3/2025,Free,Active,Monday,False,0,3,2,4,2,0,0
3/3/2025,65072148,3/3/2025,Free,Active,Monday,False,0,12,1,3,0,0,0
3/3/2025,66077920,3/3/2025,Paid,Active,Monday,False,0,1,2,3,1,0,0
3/3/2025,68233734,3/3/2025,Free,Active,Monday,False,0,10,3,5,0,0,0
3/3/2025,70564858,3/3/2025,Free,Active,Monday,False,0,6,2,1,1,0,0
3/3/2025,71124136,3/3/2025,Free,Active,Monday,False,0,31,2,2,1,0,0
3/3/2025,72469436,3/3/2025,Free,Active,Monday,False,0,30,2,2,0,0,0
3/3/2025,73530116,3/3/2025,Paid,Active,Monday,False,0,6,2,1,0,0,0
3/3/2025,76295172,3/3/2025,Free,Active,Monday,False,0,5,3,0,0,0,0
3/3/2025,77337890,3/3/2025,Free,Active,Monday,False,0,11,3,4,0,0,1
3/3/2025,77687782,3/3/2025,Free,Active,Monday,False,0,21,3,3,2,0,0
3/3/2025,77836185,3/3/2025,Free,Active,Monday,False,0,4,1,2,0,0,0
3/3/2025,78101713,3/3/2025,Free,Active,Monday,False,0,4,2,4,0,0,1
3/3/2025,82699256,3/3/2025,Paid,Active,Monday,False,0,6,1,2,0,0,0
3/3/2025,83673862,3/3/2025,Free,Active,Monday,False,0,7,1,3,0,0,0
3/3/2025,85292675,3/3/2025,Free,Active,Monday,False,0,7,1,0,0,0,0
3/3/2025,85697187,3/3/2025,Free,Active,Monday,False,0,10,0,3,0,1,0
3/3/2025,86372804,3/3/2025,Paid,Active,Monday,False,0,4,5,1,1,0,0
3/3/2025,89281326,3/3/2025,Free,Active,Monday,False,0,6,6,1,1,0,0
3/3/2025,90053100,3/3/2025,Free,Active,Monday,False,0,5,10,1,1,0,0
3/3/2025,93792220,3/3/2025,Free,Active,Monday,False,0,6,7,1,1,0,0
3/3/2025,95082245,3/3/2025,Free,Active,Monday,False,0,4,5,0,0,0,0
3/3/2025,95834438,3/3/2025,Free,Active,Monday,False,0,8,10,2,0,0,0
3/3/2025,96659622,3/3/2025,Free,Active,Monday,False,0,4,3,1,0,0,0
3/3/2025,97515553,3/3/2025,Free,Active,Monday,False,0,4,4,2,2,0,0
3/3/2025,98245773,3/3/2025,Free,Active,Monday,False,0,4,6,0,0,1,0
3/4/2025,10213838,3/4/2025,Free,Active,Tuesday,False,0,5,3,0,0,2,0
3/4/2025,11207503,3/3/2025,Paid,Active,Tuesday,False,1,17,7,1,2,0,0
3/4/2025,13638476,3/4/2025,Free,Active,Tuesday,False,0,10,2,5,1,0,0
3/4/2025,14017653,3/3/2025,Free,Active,Tuesday,False,1,11,4,5,0,0,0
3/4/2025,14209843,3/4/2025,Free,Active,Tuesday,False,0,3,4,2,1,0,0
3/4/2025,14453470,3/3/2025,Free,Active,Tuesday,False,1,10,8,2,1,2,0
3/4/2025,17463270,3/3/2025,Free,Active,Tuesday,False,1,14,2,0,1,0,0
3/4/2025,17983248,3/4/2025,Paid,Active,Tuesday,False,0,12,9,1,0,2,0
3/4/2025,18873581,3/4/2025,Paid,Active,Tuesday,False,0,6,2,1,0,1,0
3/4/2025,21395247,3/3/2025,Paid,Active,Tuesday,False,1,21,3,0,0,0,0
3/4/2025,22067873,3/3/2025,Free,Active,Tuesday,False,1,3,8,2,0,0,0
3/4/2025,25983272,3/4/2025,Free,Active,Tuesday,False,0,4,1,2,0,0,0
3/4/2025,26103384,3/4/2025,Free,Active,Tuesday,False,0,12,4,4,1,0,1
3/4/2025,27469715,3/4/2025,Free,Active,Tuesday,False,0,11,2,0,0,0,0
3/4/2025,27852032,3/4/2025,Free,Active,Tuesday,False,0,8,6,4,0,0,1
3/4/2025,28032367,3/4/2025,Free,Active,Tuesday,False,0,11,10,2,0,0,0
3/4/2025,28122354,3/4/2025,Free,Active,Tuesday,False,0,5,1,3,0,0,0
3/4/2025,28608102,3/4/2025,Paid,Active,Tuesday,False,0,25,3,0,0,0,1
3/4/2025,28947491,3/3/2025,Free,Active,Tuesday,False,1,12,9,2,1,1,0
3/4/2025,29402937,3/3/2025,Free,Active,Tuesday,False,1,7,3,0,2,0,0
3/4/2025,30377112,3/3/2025,Free,Active,Tuesday,False,1,9,2,2,0,0,0
3/4/2025,30556865,3/4/2025,Free,Active,Tuesday,False,0,14,8,2,1,0,0
3/4/2025,30932855,3/3/2025,Free,Active,Tuesday,False,1,8,4,1,1,1,0
3/4/2025,31297307,3/4/2025,Paid,Active,Tuesday,False,0,10,2,1,0,1,0
3/4/2025,32287062,3/4/2025,Free,Active,Tuesday,False,0,25,3,1,1,1,0
3/4/2025,33910622,3/3/2025,Paid,Active,Tuesday,False,1,6,2,5,2,0,0
3/4/2025,34138344,3/3/2025,Paid,Active,Tuesday,False,1,10,4,3,0,0,0
3/4/2025,34782115,3/4/2025,Free,Active,Tuesday,False,0,9,3,2,1,0,0
3/4/2025,36329183,3/4/2025,Paid,Active,Tuesday,False,0,14,5,2,0,0,1
3/4/2025,39554899,3/4/2025,Free,Active,Tuesday,False,0,9,2,1,1,0,2
3/4/2025,40070917,3/4/2025,Paid,Active,Tuesday,False,0,30,2,1,2,0,0
3/4/2025,43564818,3/4/2025,Free,Active,Tuesday,False,0,8,4,2,0,1,0
3/4/2025,44549411,3/3/2025,Paid,Active,Tuesday,False,1,14,8,1,1,1,0
3/4/2025,45324189,3/4/2025,Free,Active,Tuesday,False,0,30,3,1,2,0,0
3/4/2025,50424021,3/4/2025,Paid,Active,Tuesday,False,0,5,7,1,1,0,0
3/4/2025,50493763,3/4/2025,Free,Active,Tuesday,False,0,5,6,1,0,1,0
3/4/2025,52355265,3/4/2025,Free,Active,Tuesday,False,0,9,1,0,0,0,0
3/4/2025,52702390,3/4/2025,Free,Active,Tuesday,False,0,12,8,3,0,2,0
3/4/2025,52823633,3/3/2025,Free,Active,Tuesday,False,1,14,4,3,1,0,0
3/4/2025,53226858,3/4/2025,Free,Active,Tuesday,False,0,3,2,4,0,2,1
3/4/2025,53588630,3/4/2025,Free,Active,Tuesday,False,0,4,2,3,0,0,0
3/4/2025,55631853,3/3/2025,Free,Active,Tuesday,False,1,10,3,1,0,0,0
3/4/2025,56172997,3/4/2025,Free,Active,Tuesday,False,0,1,4,0,0,1,0
3/4/2025,57850647,3/3/2025,Paid,Active,Tuesday,False,1,16,4,0,1,0,0
3/4/2025,59320316,3/4/2025,Free,Active,Tuesday,False,0,16,10,2,0,0,0
3/4/2025,60977230,3/4/2025,Free,Active,Tuesday,False,0,16,10,1,2,0,1
3/4/2025,61125704,3/3/2025,Paid,Active,Tuesday,False,1,12,4,1,1,0,0
3/4/2025,61356578,3/3/2025,Free,Active,Tuesday,False,1,10,6,2,0,0,0
3/4/2025,61786206,3/3/2025,Free,Active,Tuesday,False,1,11,2,4,1,1,0
3/4/2025,63823859,3/4/2025,Free,Active,Tuesday,False,0,10,3,3,0,0,1
3/4/2025,64826108,3/4/2025,Paid,Active,Tuesday,False,0,34,2,2,2,0,0
3/4/2025,65164953,3/4/2025,Free,Active,Tuesday,False,0,10,3,2,0,0,0
3/4/2025,66478852,3/4/2025,Free,Active,Tuesday,False,0,14,3,5,0,0,0
3/4/2025,68233734,3/3/2025,Free,Active,Tuesday,False,1,9,4,2,0,1,0
3/4/2025,69497858,3/4/2025,Free,Active,Tuesday,False,0,5,6,1,0,0,0
3/4/2025,69692747,3/4/2025,Free,Active,Tuesday,False,0,24,1,0,0,0,0
3/4/2025,70007939,3/4/2025,Free,Active,Tuesday,False,0,17,1,1,1,0,0
3/4/2025,70268283,3/4/2025,Free,Active,Tuesday,False,0,6,6,1,0,0,0
3/4/2025,70853849,3/4/2025,Free,Active,Tuesday,False,0,7,4,1,1,0,0
3/4/2025,71124136,3/3/2025,Free,Active,Tuesday,False,1,30,1,2,1,0,0
3/4/2025,71358668,3/4/2025,Free,Active,Tuesday,False,0,48,4,2,3,0,0
3/4/2025,71446365,3/4/2025,Free,Active,Tuesday,False,0,10,5,1,1,0,0
3/4/2025,71790553,3/4/2025,Paid,Active,Tuesday,False,0,9,2,1,0,0,0
3/4/2025,72050326,3/4/2025,Free,Active,Tuesday,False,0,12,1,4,0,0,0
3/4/2025,72469436,3/3/2025,Free,Active,Tuesday,False,1,50,1,0,1,0,0
3/4/2025,73594845,3/4/2025,Free,Active,Tuesday,False,0,6,0,0,0,0,0
3/4/2025,73963079,3/4/2025,Paid,Active,Tuesday,False,0,13,3,1,0,0,0
3/4/2025,74484152,3/4/2025,Paid,Active,Tuesday,False,0,15,14,1,2,1,0
3/4/2025,76023894,3/4/2025,Free,Active,Tuesday,False,0,4,7,2,0,0,0
3/4/2025,76587233,3/4/2025,Paid,Active,Tuesday,False,0,9,1,1,1,0,0
3/4/2025,77337890,3/3/2025,Free,Active,Tuesday,False,1,8,2,5,0,0,0
3/4/2025,78101713,3/3/2025,Free,Active,Tuesday,False,1,7,2,5,1,0,0
3/4/2025,78432211,3/4/2025,Paid,Active,Tuesday,False,0,10,2,0,0,0,0
3/4/2025,78524558,3/4/2025,Free,Active,Tuesday,False,0,20,3,1,0,0,0
3/4/2025,81058962,3/4/2025,Free,Active,Tuesday,False,0,6,3,0,1,0,0
3/4/2025,83297810,3/4/2025,Free,Active,Tuesday,False,0,94,4,1,5,0,0
3/4/2025,86372804,3/3/2025,Paid,Active,Tuesday,False,1,5,7,0,0,0,0
3/4/2025,89243555,3/4/2025,Free,Active,Tuesday,False,0,18,5,1,2,0,0
3/4/2025,89281326,3/3/2025,Free,Active,Tuesday,False,1,5,10,1,0,0,0
3/4/2025,89285908,3/4/2025,Free,Active,Tuesday,False,0,4,10,1,1,0,1
3/4/2025,90053100,3/3/2025,Free,Active,Tuesday,False,1,11,9,2,0,1,0
3/4/2025,92187206,3/4/2025,Paid,Active,Tuesday,False,0,1,1,1,0,0,0
3/4/2025,92575198,3/4/2025,Free,Active,Tuesday,False,0,14,1,5,2,1,0
3/4/2025,93721129,3/4/2025,Paid,Active,Tuesday,False,0,9,4,3,0,0,1
3/4/2025,93805705,3/4/2025,Free,Active,Tuesday,False,0,2,0,1,0,0,0
3/4/2025,95082245,3/3/2025,Free,Active,Tuesday,False,1,4,3,0,0,0,0
3/4/2025,95432541,3/4/2025,Free,Active,Tuesday,False,0,2,7,0,0,0,0
3/4/2025,95834438,3/3/2025,Free,Active,Tuesday,False,1,11,8,2,1,0,0
3/4/2025,96659622,3/3/2025,Free,Active,Tuesday,False,1,11,6,1,0,0,0
3/4/2025,97515553,3/3/2025,Free,Active,Tuesday,False,1,5,4,4,0,0,1
3/4/2025,99756298,3/4/2025,Free,Active,Tuesday,False,0,31,2,0,1,0,0
3/5/2025,10453161,3/5/2025,Free,Active,Wednesday,False,0,8,3,2,0,0,0
3/5/2025,11207503,3/3/2025,Paid,Active,Wednesday,False,2,23,3,3,2,1,0
3/5/2025,13602493,3/5/2025,Free,Active,Wednesday,False,0,24,0,0,0,0,0
3/5/2025,13638476,3/4/2025,Free,Active,Wednesday,False,1,5,2,2,0,0,0
3/5/2025,14003926,3/3/2025,Free,Active,Wednesday,False,2,18,9,3,0,1,0
3/5/2025,14017653,3/3/2025,Free,Active,Wednesday,False,2,8,3,4,0,0,0
3/5/2025,14453470,3/3/2025,Free,Active,Wednesday,False,2,5,9,1,0,1,1
3/5/2025,14495366,3/5/2025,Free,Active,Wednesday,False,0,5,10,1,0,0,0
3/5/2025,14528458,3/5/2025,Free,Active,Wednesday,False,0,15,3,1,0,0,0
3/5/2025,16005607,3/5/2025,Paid,Active,Wednesday,False,0,13,3,0,0,0,0
3/5/2025,16175009,3/5/2025,Free,Active,Wednesday,False,0,2,2,0,0,0,0
3/5/2025,16323501,3/5/2025,Free,Active,Wednesday,False,0,7,9,0,1,1,0
3/5/2025,17463270,3/3/2025,Free,Active,Wednesday,False,2,72,1,2,6,0,0
3/5/2025,18580473,3/5/2025,Free,Active,Wednesday,False,0,12,10,1,0,0,0
3/5/2025,19034164,3/5/2025,Free,Active,Wednesday,False,0,16,4,1,1,0,0
3/5/2025,20473587,3/5/2025,Free,Active,Wednesday,False,0,26,4,2,0,0,0
3/5/2025,22067873,3/3/2025,Free,Active,Wednesday,False,2,10,9,1,0,0,0
3/5/2025,23272498,3/5/2025,Free,Active,Wednesday,False,0,3,10,1,0,0,0
3/5/2025,23358649,3/5/2025,Free,Active,Wednesday,False,0,3,2,5,0,0,0
3/5/2025,25983272,3/4/2025,Free,Active,Wednesday,False,1,5,2,5,0,0,0
3/5/2025,26103384,3/4/2025,Free,Active,Wednesday,False,1,17,5,5,1,0,0
3/5/2025,27852032,3/4/2025,Free,Active,Wednesday,False,1,12,4,5,0,0,0
3/5/2025,28122354,3/4/2025,Free,Active,Wednesday,False,1,6,1,1,0,0,0
3/5/2025,28168630,3/5/2025,Free,Active,Wednesday,False,0,35,4,2,2,1,0
3/5/2025,28569480,3/5/2025,Free,Active,Wednesday,False,0,8,3,3,0,0,1
3/5/2025,28608102,3/4/2025,Paid,Active,Wednesday,False,1,30,4,1,0,0,0
3/5/2025,28947491,3/3/2025,Free,Active,Wednesday,False,2,10,10,1,1,0,0
3/5/2025,29736860,3/5/2025,Free,Active,Wednesday,False,0,4,9,2,0,1,0
3/5/2025,30377112,3/3/2025,Free,Active,Wednesday,False,2,4,4,2,0,0,0
3/5/2025,30556865,3/4/2025,Free,Active,Wednesday,False,1,9,9,3,0,1,0
3/5/2025,30932855,3/3/2025,Free,Active,Wednesday,False,2,3,8,1,0,0,0
3/5/2025,31206130,3/3/2025,Free,Active,Wednesday,False,2,30,3,2,0,0,0
3/5/2025,32287062,3/4/2025,Free,Active,Wednesday,False,1,30,2,1,0,0,0
3/5/2025,33834899,3/5/2025,Paid,Active,Wednesday,False,0,8,10,2,1,0,0
3/5/2025,34614777,3/5/2025,Free,Active,Wednesday,False,0,3,2,3,0,0,0
3/5/2025,34782115,3/4/2025,Free,Active,Wednesday,False,1,6,10,2,0,0,0
3/5/2025,34889504,3/5/2025,Free,Active,Wednesday,False,0,16,10,3,1,0,0
3/5/2025,36222279,3/5/2025,Free,Active,Wednesday,False,0,7,3,5,0,0,0
3/5/2025,36329183,3/4/2025,Paid,Active,Wednesday,False,1,11,17,1,2,1,0
3/5/2025,37577338,3/3/2025,Free,Active,Wednesday,False,2,9,2,2,2,1,0
3/5/2025,39554899,3/4/2025,Free,Active,Wednesday,False,1,5,3,4,0,0,0
3/5/2025,40027203,3/3/2025,Free,Active,Wednesday,False,2,4,1,1,0,0,0
3/5/2025,40070917,3/4/2025,Paid,Active,Wednesday,False,1,8,2,2,1,0,0
3/5/2025,40836783,3/5/2025,Free,Active,Wednesday,False,0,5,10,0,0,0,0
3/5/2025,42233475,3/5/2025,Free,Active,Wednesday,False,0,9,3,1,0,0,0
3/5/2025,43564818,3/4/2025,Free,Active,Wednesday,False,1,10,5,5,0,0,0
3/5/2025,44382081,3/5/2025,Free,Active,Wednesday,False,0,18,1,1,0,0,0
3/5/2025,44549411,3/3/2025,Paid,Active,Wednesday,False,2,12,14,3,1,1,0
3/5/2025,44814486,3/3/2025,Paid,Active,Wednesday,False,2,2,6,0,0,0,0
3/5/2025,45150214,3/5/2025,Free,Active,Wednesday,False,0,3,0,1,0,1,0
3/5/2025,45324189,3/4/2025,Free,Active,Wednesday,False,1,14,4,1,0,0,0
3/5/2025,46347412,3/5/2025,Free,Active,Wednesday,False,0,5,10,0,0,0,0
3/5/2025,46768760,3/3/2025,Free,Active,Wednesday,False,2,12,2,4,0,0,1
3/5/2025,47269107,3/5/2025,Free,Active,Wednesday,False,0,3,10,1,0,0,0
3/5/2025,48213441,3/5/2025,Free,Active,Wednesday,False,0,3,0,1,2,0,0
3/5/2025,48501532,3/5/2025,Free,Active,Wednesday,False,0,20,2,1,2,0,0
3/5/2025,49088774,3/5/2025,Free,Active,Wednesday,False,0,4,2,3,0,0,0
3/5/2025,50309563,3/5/2025,Paid,Active,Wednesday,False,0,6,3,1,0,0,0
3/5/2025,50424021,3/4/2025,Paid,Active,Wednesday,False,1,4,2,1,0,0,0
3/5/2025,51531887,3/5/2025,Paid,Active,Wednesday,False,0,41,4,1,3,0,0
3/5/2025,51534989,3/5/2025,Free,Active,Wednesday,False,0,15,1,0,0,0,0
3/5/2025,52355265,3/4/2025,Free,Active,Wednesday,False,1,18,1,0,0,0,0
3/5/2025,52607867,3/5/2025,Paid,Active,Wednesday,False,0,7,3,1,0,0,0
3/5/2025,52823633,3/3/2025,Free,Active,Wednesday,False,2,36,3,2,1,0,0
3/5/2025,53226858,3/4/2025,Free,Active,Wednesday,False,1,8,3,4,0,0,0
3/5/2025,54604771,3/5/2025,Paid,Active,Wednesday,False,0,6,7,0,0,0,0
3/5/2025,54677898,3/5/2025,Free,Active,Wednesday,False,0,11,0,5,0,1,0
3/5/2025,55631853,3/3/2025,Free,Active,Wednesday,False,2,10,1,4,0,1,0
3/5/2025,56172997,3/4/2025,Free,Active,Wednesday,False,1,6,6,1,0,1,0
3/5/2025,56630445,3/5/2025,Free,Active,Wednesday,False,0,9,2,4,2,0,0
3/5/2025,57058715,3/5/2025,Free,Active,Wednesday,False,0,6,0,1,1,0,0
3/5/2025,57595168,3/3/2025,Free,Active,Wednesday,False,2,11,6,3,1,0,0
3/5/2025,57850647,3/3/2025,Paid,Active,Wednesday,False,2,17,4,1,1,0,0
3/5/2025,58730145,3/5/2025,Paid,Active,Wednesday,False,0,11,10,2,0,1,0
3/5/2025,59320316,3/4/2025,Free,Active,Wednesday,False,1,10,9,3,1,0,0
3/5/2025,59783512,3/5/2025,Paid,Active,Wednesday,False,0,21,5,3,0,0,0
3/5/2025,60977230,3/4/2025,Free,Active,Wednesday,False,1,11,5,0,0,0,0
3/5/2025,61356578,3/3/2025,Free,Active,Wednesday,False,2,10,10,1,0,0,0
3/5/2025,61786206,3/3/2025,Free,Active,Wednesday,False,2,3,4,1,0,0,2
3/5/2025,63900231,3/5/2025,Free,Active,Wednesday,False,0,1,2,1,0,0,0
3/5/2025,64826108,3/4/2025,Paid,Active,Wednesday,False,1,17,5,2,2,0,0
3/5/2025,65164953,3/4/2025,Free,Active,Wednesday,False,1,8,4,1,0,0,0
3/5/2025,65636763,3/5/2025,Paid,Active,Wednesday,False,0,10,13,2,0,0,0
3/5/2025,66077920,3/3/2025,Paid,Active,Wednesday,False,2,4,3,3,1,0,0
3/5/2025,66085019,3/5/2025,Free,Active,Wednesday,False,0,7,9,1,0,1,0
3/5/2025,67424882,3/5/2025,Free,Active,Wednesday,False,0,10,9,3,0,0,0
3/5/2025,68233734,3/3/2025,Free,Active,Wednesday,False,2,11,6,4,0,0,1
3/5/2025,69497858,3/4/2025,Free,Active,Wednesday,False,1,6,4,0,0,0,0
3/5/2025,69692747,3/4/2025,Free,Active,Wednesday,False,1,20,2,1,1,1,0
3/5/2025,70268283,3/4/2025,Free,Active,Wednesday,False,1,12,4,1,0,0,0
3/5/2025,70564858,3/3/2025,Free,Active,Wednesday,False,2,19,0,0,0,1,0
3/5/2025,71358668,3/4/2025,Free,Active,Wednesday,False,1,23,4,2,3,0,0
3/5/2025,71446365,3/4/2025,Free,Active,Wednesday,False,1,7,6,1,0,2,0
3/5/2025,71790553,3/4/2025,Paid,Active,Wednesday,False,1,30,4,2,0,0,0
3/5/2025,72050326,3/4/2025,Free,Active,Wednesday,False,1,8,1,4,1,0,0
3/5/2025,72469436,3/3/2025,Free,Active,Wednesday,False,2,56,5,1,4,0,0
3/5/2025,73594845,3/4/2025,Free,Active,Wednesday,False,1,19,2,0,0,0,0
3/5/2025,74062340,3/5/2025,Free,Active,Wednesday,False,0,6,1,5,0,0,0
3/5/2025,74484152,3/4/2025,Paid,Active,Wednesday,False,1,18,12,1,0,0,0
3/5/2025,75344276,3/5/2025,Paid,Active,Wednesday,False,0,15,1,1,1,0,0
3/5/2025,76023894,3/4/2025,Free,Active,Wednesday,False,1,2,9,2,0,1,0
3/5/2025,76395184,3/5/2025,Free,Active,Wednesday,False,0,4,2,1,1,0,0
3/5/2025,76587233,3/4/2025,Paid,Active,Wednesday,False,1,29,1,2,2,0,0
3/5/2025,77337890,3/3/2025,Free,Active,Wednesday,False,2,3,3,5,0,0,0
3/5/2025,77687782,3/3/2025,Free,Active,Wednesday,False,2,97,5,1,2,0,0
3/5/2025,78101713,3/3/2025,Free,Active,Wednesday,False,2,16,3,4,1,0,1
3/5/2025,78432211,3/4/2025,Paid,Active,Wednesday,False,1,11,2,0,0,0,0
3/5/2025,78524558,3/4/2025,Free,Active,Wednesday,False,1,24,2,0,6,0,0
3/5/2025,79391007,3/5/2025,Free,Active,Wednesday,False,0,7,10,0,0,0,0
3/5/2025,79854644,3/5/2025,Free,Active,Wednesday,False,0,5,10,2,0,0,0
3/5/2025,80322173,3/5/2025,Free,Active,Wednesday,False,0,4,2,5,0,0,0
3/5/2025,80640969,3/5/2025,Free,Active,Wednesday,False,0,11,8,1,0,2,0
3/5/2025,81895947,3/5/2025,Free,Active,Wednesday,False,0,9,3,3,1,0,1
3/5/2025,82358858,3/5/2025,Free,Active,Wednesday,False,0,4,3,2,0,0,0
3/5/2025,82699256,3/3/2025,Paid,Active,Wednesday,False,2,2,1,1,0,0,0
3/5/2025,83297810,3/4/2025,Free,Active,Wednesday,False,1,84,2,1,6,0,0
3/5/2025,83673862,3/3/2025,Free,Active,Wednesday,False,2,3,2,3,0,0,0
3/5/2025,84047697,3/5/2025,Free,Active,Wednesday,False,0,16,4,2,2,0,0
3/5/2025,85287879,3/5/2025,Free,Active,Wednesday,False,0,4,7,0,0,0,0
3/5/2025,85292675,3/3/2025,Free,Active,Wednesday,False,2,5,7,1,0,0,0
3/5/2025,85697187,3/3/2025,Free,Active,Wednesday,False,2,10,1,1,1,0,1
3/5/2025,86762579,3/5/2025,Paid,Active,Wednesday,False,0,5,4,2,1,0,0
3/5/2025,89243555,3/4/2025,Free,Active,Wednesday,False,1,16,2,1,0,0,0
3/5/2025,89281326,3/3/2025,Free,Active,Wednesday,False,2,8,9,1,0,1,0
3/5/2025,89285908,3/4/2025,Free,Active,Wednesday,False,1,3,5,2,1,0,0
3/5/2025,89505560,3/5/2025,Free,Active,Wednesday,False,0,4,2,4,0,0,1
3/5/2025,89547601,3/5/2025,Free,Active,Wednesday,False,0,9,6,0,1,1,1
3/5/2025,90053100,3/3/2025,Free,Active,Wednesday,False,2,8,10,2,0,0,0
3/5/2025,90589301,3/5/2025,Free,Active,Wednesday,False,0,46,2,2,1,0,0
3/5/2025,92575198,3/4/2025,Free,Active,Wednesday,False,1,12,0,5,0,3,0
3/5/2025,93721129,3/4/2025,Paid,Active,Wednesday,False,1,3,2,1,0,0,0
3/5/2025,93792220,3/3/2025,Free,Active,Wednesday,False,2,3,10,0,0,0,0
3/5/2025,94796124,3/5/2025,Free,Active,Wednesday,False,0,5,3,0,0,0,0
3/5/2025,95834438,3/3/2025,Free,Active,Wednesday,False,2,5,7,0,2,0,0
3/5/2025,95928771,3/5/2025,Paid,Active,Wednesday,False,0,5,4,0,0,0,0
3/5/2025,96659622,3/3/2025,Free,Active,Wednesday,False,2,7,5,1,0,0,0
3/5/2025,97515553,3/3/2025,Free,Active,Wednesday,False,2,11,3,5,1,0,0
3/5/2025,98060216,3/5/2025,Free,Active,Wednesday,False,0,5,0,0,0,0,0
3/6/2025,10439750,3/6/2025,Paid,Active,Thursday,False,0,12,1,1,0,0,0
3/6/2025,10453161,3/5/2025,Free,Active,Thursday,False,1,30,2,2,1,0,0
3/6/2025,10517792,3/6/2025,Free,Active,Thursday,False,0,11,5,1,1,0,0
3/6/2025,10732956,3/6/2025,Free,Active,Thursday,False,0,5,2,3,1,0,2
3/6/2025,11207503,3/3/2025,Paid,Active,Thursday,False,3,39,3,1,1,0,0
3/6/2025,11495794,3/6/2025,Paid,Active,Thursday,False,0,37,3,2,2,0,0
3/6/2025,11818207,3/6/2025,Free,Active,Thursday,False,0,4,6,1,0,1,0
3/6/2025,12218224,3/6/2025,Free,Active,Thursday,False,0,5,0,3,0,0,0
3/6/2025,13219650,3/6/2025,Free,Active,Thursday,False,0,2,2,1,0,0,0
3/6/2025,13249820,3/6/2025,Free,Active,Thursday,False,0,3,0,2,0,0,1
3/6/2025,13602493,3/5/2025,Free,Active,Thursday,False,1,6,1,0,1,0,0
3/6/2025,13638476,3/4/2025,Free,Active,Thursday,False,2,6,4,5,0,0,0
3/6/2025,14003926,3/3/2025,Free,Active,Thursday,False,3,11,7,3,1,0,0
3/6/2025,14209843,3/4/2025,Free,Active,Thursday,False,2,6,2,5,1,0,0
3/6/2025,14453470,3/3/2025,Free,Active,Thursday,False,3,8,4,1,0,0,0
3/6/2025,14495366,3/5/2025,Free,Active,Thursday,False,1,3,10,0,0,0,0
3/6/2025,14778650,3/6/2025,Paid,Active,Thursday,False,0,7,2,0,1,0,0
3/6/2025,15450669,3/6/2025,Free,Active,Thursday,False,0,6,8,2,1,0,0
3/6/2025,15647148,3/6/2025,Free,Active,Thursday,False,0,26,2,1,1,0,0
3/6/2025,16005607,3/5/2025,Paid,Active,Thursday,False,1,21,3,0,0,0,1
3/6/2025,17008029,3/6/2025,Free,Active,Thursday,False,0,12,3,0,1,0,0
3/6/2025,17228968,3/6/2025,Paid,Active,Thursday,False,0,11,3,1,1,0,0
3/6/2025,18139249,3/3/2025,Free,Active,Thursday,False,3,4,10,0,0,0,1
3/6/2025,19360498,3/3/2025,Paid,Active,Thursday,False,3,6,1,1,0,1,0
3/6/2025,19577042,3/6/2025,Free,Active,Thursday,False,0,11,10,3,0,0,0
3/6/2025,19631286,3/6/2025,Free,Active,Thursday,False,0,10,2,0,0,0,0
3/6/2025,20473587,3/5/2025,Free,Active,Thursday,False,1,20,3,1,2,0,1
3/6/2025,21395247,3/3/2025,Paid,Active,Thursday,False,3,25,1,2,8,1,0
3/6/2025,21502927,3/6/2025,Free,Active,Thursday,False,0,3,10,2,0,0,0
3/6/2025,22067873,3/3/2025,Free,Active,Thursday,False,3,7,8,1,1,0,0
3/6/2025,22264388,3/6/2025,Paid,Active,Thursday,False,0,8,3,4,0,0,0
3/6/2025,23272498,3/5/2025,Free,Active,Thursday,False,1,11,5,1,1,1,0
3/6/2025,23358649,3/5/2025,Free,Active,Thursday,False,1,10,2,5,1,0,0
3/6/2025,23940170,3/6/2025,Free,Active,Thursday,False,0,3,5,2,0,1,0
3/6/2025,25761792,3/6/2025,Free,Active,Thursday,False,0,6,10,0,0,0,1
3/6/2025,25983272,3/4/2025,Free,Active,Thursday,False,2,11,3,5,0,0,0
3/6/2025,26103384,3/4/2025,Free,Active,Thursday,False,2,17,2,4,1,0,0
3/6/2025,27469715,3/4/2025,Free,Active,Thursday,False,2,11,1,0,0,0,0
3/6/2025,27852032,3/4/2025,Free,Active,Thursday,False,2,13,5,1,1,0,1
3/6/2025,28168630,3/5/2025,Free,Active,Thursday,False,1,13,1,3,0,0,0
3/6/2025,28569480,3/5/2025,Free,Active,Thursday,False,1,10,3,5,0,0,0
3/6/2025,28947491,3/3/2025,Free,Active,Thursday,False,3,11,8,1,0,0,0
3/6/2025,29402937,3/3/2025,Free,Active,Thursday,False,3,13,2,2,0,0,0
3/6/2025,29469046,3/6/2025,Free,Active,Thursday,False,0,7,0,1,0,0,0
3/6/2025,29659181,3/6/2025,Free,Active,Thursday,False,0,10,1,2,0,0,0
3/6/2025,29736860,3/5/2025,Free,Active,Thursday,False,1,5,8,1,0,0,0
3/6/2025,29783672,3/6/2025,Paid,Active,Thursday,False,0,4,1,1,0,0,0
3/6/2025,30427864,3/3/2025,Paid,Active,Thursday,False,3,8,5,1,0,1,0
3/6/2025,30552928,3/6/2025,Free,Active,Thursday,False,0,12,1,1,2,0,0
3/6/2025,30556865,3/4/2025,Free,Active,Thursday,False,2,4,8,3,0,2,0
3/6/2025,30665172,3/6/2025,Free,Active,Thursday,False,0,10,3,3,0,0,2
3/6/2025,30932855,3/3/2025,Free,Active,Thursday,False,3,11,10,0,0,0,0
3/6/2025,31297307,3/4/2025,Paid,Active,Thursday,False,2,6,4,2,0,0,0
3/6/2025,33910622,3/3/2025,Paid,Active,Thursday,False,3,11,5,5,0,0,0
3/6/2025,34614777,3/5/2025,Free,Active,Thursday,False,1,7,2,2,2,0,2
3/6/2025,34889504,3/5/2025,Free,Active,Thursday,False,1,8,10,1,0,0,0
3/6/2025,36329183,3/4/2025,Paid,Active,Thursday,False,2,16,15,1,0,0,0
3/6/2025,36946691,3/6/2025,Paid,Active,Thursday,False,0,9,4,3,0,0,1
3/6/2025,37577338,3/3/2025,Free,Active,Thursday,False,3,16,3,2,1,0,0
3/6/2025,39534512,3/6/2025,Free,Active,Thursday,False,0,5,0,2,1,0,0
3/6/2025,39554899,3/4/2025,Free,Active,Thursday,False,2,11,2,2,0,0,1
3/6/2025,40027203,3/3/2025,Free,Active,Thursday,False,3,3,6,0,0,1,0
3/6/2025,40070917,3/4/2025,Paid,Active,Thursday,False,2,32,3,1,0,0,0
3/6/2025,40372156,3/6/2025,Free,Active,Thursday,False,0,21,1,1,0,0,0
3/6/2025,40836783,3/5/2025,Free,Active,Thursday,False,1,9,9,0,0,1,0
3/6/2025,43564818,3/4/2025,Free,Active,Thursday,False,2,6,6,5,0,0,0
3/6/2025,44441861,3/6/2025,Free,Active,Thursday,False,0,10,2,4,0,0,1
3/6/2025,44549411,3/3/2025,Paid,Active,Thursday,False,3,16,6,2,1,0,0
3/6/2025,45201482,3/6/2025,Free,Active,Thursday,False,0,4,7,1,0,0,0
3/6/2025,45324189,3/4/2025,Free,Active,Thursday,False,2,21,4,1,1,0,0
3/6/2025,46347412,3/5/2025,Free,Active,Thursday,False,1,6,9,0,0,1,0
3/6/2025,46768760,3/3/2025,Free,Active,Thursday,False,3,5,3,2,0,0,0
3/6/2025,47269107,3/5/2025,Free,Active,Thursday,False,1,8,6,1,0,0,0
3/6/2025,48501532,3/5/2025,Free,Active,Thursday,False,1,93,3,1,3,0,0
3/6/2025,48924961,3/6/2025,Free,Active,Thursday,False,0,20,2,1,1,0,0
3/6/2025,50549387,3/6/2025,Free,Active,Thursday,False,0,25,3,0,1,0,1
3/6/2025,51154578,3/6/2025,Paid,Active,Thursday,False,0,5,8,2,0,1,0
3/6/2025,51307236,3/6/2025,Paid,Active,Thursday,False,0,15,13,3,0,0,0
3/6/2025,51531887,3/5/2025,Paid,Active,Thursday,False,1,22,2,1,1,0,0
3/6/2025,51534989,3/5/2025,Free,Active,Thursday,False,1,14,1,1,0,0,0
3/6/2025,52823633,3/3/2025,Free,Active,Thursday,False,3,16,7,1,0,0,1
3/6/2025,53226858,3/4/2025,Free,Active,Thursday,False,2,10,2,5,2,0,0
3/6/2025,54276839,3/6/2025,Paid,Active,Thursday,False,0,16,2,2,1,0,0
3/6/2025,54604771,3/5/2025,Paid,Active,Thursday,False,1,3,12,2,0,0,0
3/6/2025,55617207,3/6/2025,Free,Active,Thursday,False,0,11,7,3,1,3,0
3/6/2025,55631853,3/3/2025,Free,Active,Thursday,False,3,12,3,4,0,0,1
3/6/2025,56172997,3/4/2025,Free,Active,Thursday,False,2,2,2,0,1,0,0
3/6/2025,56630445,3/5/2025,Free,Active,Thursday,False,1,6,4,1,1,0,0
3/6/2025,57595168,3/3/2025,Free,Active,Thursday,False,3,82,2,3,5,0,0
3/6/2025,57850647,3/3/2025,Paid,Active,Thursday,False,3,10,2,1,0,0,0
3/6/2025,58730145,3/5/2025,Paid,Active,Thursday,False,1,9,16,2,1,1,1
3/6/2025,58890543,3/6/2025,Free,Active,Thursday,False,0,15,6,2,1,0,1
3/6/2025,59320316,3/4/2025,Free,Active,Thursday,False,2,9,10,3,2,0,0
3/6/2025,59625896,3/6/2025,Free,Active,Thursday,False,0,6,5,1,0,0,0
3/6/2025,59783512,3/5/2025,Paid,Active,Thursday,False,1,30,2,1,4,1,0
3/6/2025,60415773,3/6/2025,Free,Active,Thursday,False,0,4,10,1,1,0,0
3/6/2025,61356578,3/3/2025,Free,Active,Thursday,False,3,17,6,3,1,1,0
3/6/2025,61786206,3/3/2025,Free,Active,Thursday,False,3,11,2,5,0,0,0
3/6/2025,63493466,3/6/2025,Free,Active,Thursday,False,0,11,2,5,0,0,0
3/6/2025,63585558,3/6/2025,Free,Active,Thursday,False,0,13,4,2,0,0,0
3/6/2025,63823859,3/4/2025,Free,Active,Thursday,False,2,4,3,2,0,0,1
3/6/2025,63879026,3/6/2025,Paid,Active,Thursday,False,0,5,0,1,0,0,0
3/6/2025,64875604,3/6/2025,Free,Active,Thursday,False,0,11,6,2,0,0,0
3/6/2025,65164953,3/4/2025,Free,Active,Thursday,False,2,11,2,5,0,0,0
3/6/2025,65636763,3/5/2025,Paid,Active,Thursday,False,1,6,7,2,0,0,0
3/6/2025,66077920,3/3/2025,Paid,Active,Thursday,False,3,4,1,1,0,1,0
3/6/2025,66085019,3/5/2025,Free,Active,Thursday,False,1,5,9,2,0,1,1
3/6/2025,68233734,3/3/2025,Free,Active,Thursday,False,3,7,1,3,0,0,2
3/6/2025,68378705,3/6/2025,Free,Active,Thursday,False,0,7,4,1,0,0,0
3/6/2025,68805871,3/6/2025,Free,Active,Thursday,False,0,4,3,0,0,0,0
3/6/2025,68955030,3/6/2025,Free,Active,Thursday,False,0,5,0,2,0,0,1
3/6/2025,69692747,3/4/2025,Free,Active,Thursday,False,2,21,2,2,3,0,0
3/6/2025,70564858,3/3/2025,Free,Active,Thursday,False,3,9,2,0,0,0,0
3/6/2025,70853849,3/4/2025,Free,Active,Thursday,False,2,5,1,2,0,0,0
3/6/2025,71124136,3/3/2025,Free,Active,Thursday,False,3,24,4,2,2,0,0
3/6/2025,71358668,3/4/2025,Free,Active,Thursday,False,2,24,1,1,2,1,0
3/6/2025,71446365,3/4/2025,Free,Active,Thursday,False,2,6,10,0,0,0,0
3/6/2025,71790553,3/4/2025,Paid,Active,Thursday,False,2,20,1,1,0,0,0
3/6/2025,72469436,3/3/2025,Free,Active,Thursday,False,3,12,3,1,1,0,0
3/6/2025,73183069,3/6/2025,Free,Active,Thursday,False,0,9,1,0,0,0,0
3/6/2025,73567762,3/6/2025,Free,Active,Thursday,False,0,4,1,2,1,0,1
3/6/2025,73594845,3/4/2025,Free,Active,Thursday,False,2,6,1,0,2,0,0
3/6/2025,73963079,3/4/2025,Paid,Active,Thursday,False,2,19,2,1,0,0,0
3/6/2025,74092029,3/6/2025,Paid,Active,Thursday,False,0,8,5,8,1,0,0
3/6/2025,74484152,3/4/2025,Paid,Active,Thursday,False,2,4,12,1,0,1,0
3/6/2025,74598602,3/6/2025,Free,Active,Thursday,False,0,40,6,2,2,0,0
3/6/2025,75344276,3/5/2025,Paid,Active,Thursday,False,1,14,0,1,3,0,0
3/6/2025,76155515,3/6/2025,Free,Active,Thursday,False,0,6,3,5,1,0,0
3/6/2025,76306583,3/6/2025,Free,Active,Thursday,False,0,4,8,1,1,0,0
3/6/2025,76587233,3/4/2025,Paid,Active,Thursday,False,2,21,1,1,1,0,0
3/6/2025,76671851,3/6/2025,Free,Active,Thursday,False,0,3,2,5,0,0,0
3/6/2025,77362777,3/6/2025,Free,Active,Thursday,False,0,9,6,0,0,0,0
3/6/2025,78101713,3/3/2025,Free,Active,Thursday,False,3,14,3,4,1,0,1
3/6/2025,78432211,3/4/2025,Paid,Active,Thursday,False,2,8,4,0,1,0,1
3/6/2025,79854644,3/5/2025,Free,Active,Thursday,False,1,14,10,1,0,0,0
3/6/2025,80640969,3/5/2025,Free,Active,Thursday,False,1,6,8,1,0,0,0
3/6/2025,82358858,3/5/2025,Free,Active,Thursday,False,1,3,3,4,1,0,0
3/6/2025,83753999,3/6/2025,Free,Active,Thursday,False,0,4,5,0,0,0,0
3/6/2025,84047697,3/5/2025,Free,Active,Thursday,False,1,16,6,5,0,0,0
3/6/2025,85327560,3/6/2025,Free,Active,Thursday,False,0,2,1,3,0,0,0
3/6/2025,86372804,3/3/2025,Paid,Active,Thursday,False,3,6,3,0,0,0,0
3/6/2025,86762579,3/5/2025,Paid,Active,Thursday,False,1,12,2,5,0,0,0
3/6/2025,89285908,3/4/2025,Free,Active,Thursday,False,2,7,7,0,0,0,0
3/6/2025,89505560,3/5/2025,Free,Active,Thursday,False,1,10,2,2,1,1,0
3/6/2025,89547601,3/5/2025,Free,Active,Thursday,False,1,9,9,2,2,1,0
3/6/2025,89580457,3/6/2025,Paid,Active,Thursday,False,0,17,1,1,1,0,0
3/6/2025,90053100,3/3/2025,Free,Active,Thursday,False,3,7,10,1,0,0,0
3/6/2025,90384679,3/6/2025,Free,Active,Thursday,False,0,6,10,2,0,0,0
3/6/2025,90589301,3/5/2025,Free,Active,Thursday,False,1,14,3,2,0,0,0
3/6/2025,92575198,3/4/2025,Free,Active,Thursday,False,2,17,4,4,1,0,0
3/6/2025,93721129,3/4/2025,Paid,Active,Thursday,False,2,4,3,1,0,0,0
3/6/2025,93805705,3/4/2025,Free,Active,Thursday,False,2,6,2,2,0,0,0
3/6/2025,94798897,3/6/2025,Free,Active,Thursday,False,0,5,6,5,1,0,0
3/6/2025,95082245,3/3/2025,Free,Active,Thursday,False,3,3,3,1,0,0,0
3/6/2025,95432541,3/4/2025,Free,Active,Thursday,False,2,3,4,1,0,0,0
3/6/2025,95834438,3/3/2025,Free,Active,Thursday,False,3,4,10,1,1,0,0
3/6/2025,95928771,3/5/2025,Paid,Active,Thursday,False,1,9,7,2,0,0,0
3/6/2025,96268661,3/6/2025,Free,Active,Thursday,False,0,2,2,3,0,1,0
3/6/2025,97515553,3/3/2025,Free,Active,Thursday,False,3,11,3,4,0,0,0
3/6/2025,97623402,3/6/2025,Free,Active,Thursday,False,0,2,1,0,0,0,0
3/6/2025,99756298,3/4/2025,Free,Active,Thursday,False,2,25,3,1,2,0,0
3/7/2025,10213838,3/4/2025,Free,Active,Friday,False,3,7,6,0,0,1,0
3/7/2025,10517792,3/6/2025,Free,Active,Friday,False,1,4,10,0,0,0,0
3/7/2025,10522638,3/7/2025,Free,Active,Friday,False,0,17,5,0,0,0,0
3/7/2025,11207503,3/3/2025,Paid,Active,Friday,False,4,36,4,2,5,0,0
3/7/2025,11495794,3/6/2025,Paid,Active,Friday,False,1,13,4,2,0,0,0
3/7/2025,11762018,3/7/2025,Free,Active,Friday,False,0,18,1,1,1,0,0
3/7/2025,11818207,3/6/2025,Free,Active,Friday,False,1,3,9,1,1,0,1
3/7/2025,11932799,3/7/2025,Free,Active,Friday,False,0,19,2,1,0,0,0
3/7/2025,12089369,3/7/2025,Free,Active,Friday,False,0,3,3,2,0,1,0
3/7/2025,12839768,3/7/2025,Free,Active,Friday,False,0,7,5,5,2,0,0
3/7/2025,13602493,3/5/2025,Free,Active,Friday,False,2,18,1,1,1,0,0
3/7/2025,13638476,3/4/2025,Free,Active,Friday,False,3,6,2,1,0,0,0
3/7/2025,14003926,3/3/2025,Free,Active,Friday,False,4,15,9,2,1,0,0
3/7/2025,14017653,3/3/2025,Free,Active,Friday,False,4,3,1,3,2,0,0
3/7/2025,14209843,3/4/2025,Free,Active,Friday,False,3,11,2,2,0,0,3
3/7/2025,14453470,3/3/2025,Free,Active,Friday,False,4,5,10,0,0,0,1
3/7/2025,14495366,3/5/2025,Free,Active,Friday,False,2,8,3,0,0,0,0
3/7/2025,14778650,3/6/2025,Paid,Active,Friday,False,1,13,1,0,0,0,0
3/7/2025,14851543,3/7/2025,Free,Active,Friday,False,0,4,3,5,0,0,0
3/7/2025,15450669,3/6/2025,Free,Active,Friday,False,1,8,5,2,0,0,0
3/7/2025,16005607,3/5/2025,Paid,Active,Friday,False,2,21,1,1,1,0,0
3/7/2025,16323501,3/5/2025,Free,Active,Friday,False,2,3,9,2,0,1,0
3/7/2025,16402515,3/7/2025,Free,Active,Friday,False,0,6,3,0,0,0,1
3/7/2025,16675590,3/7/2025,Free,Active,Friday,False,0,9,3,2,0,1,0
3/7/2025,17463270,3/3/2025,Free,Active,Friday,False,4,25,1,1,3,0,0
3/7/2025,17983248,3/4/2025,Paid,Active,Friday,False,3,7,12,1,1,0,0
3/7/2025,18452244,3/7/2025,Free,Active,Friday,False,0,8,2,5,0,1,0
3/7/2025,18580473,3/5/2025,Free,Active,Friday,False,2,12,9,2,0,1,0
3/7/2025,18940612,3/7/2025,Free,Active,Friday,False,0,40,2,1,4,1,0
3/7/2025,19034164,3/5/2025,Free,Active,Friday,False,2,15,4,2,0,0,0
3/7/2025,19577042,3/6/2025,Free,Active,Friday,False,1,10,9,2,0,1,0
3/7/2025,20119241,3/7/2025,Free,Active,Friday,False,0,9,4,5,1,0,0
3/7/2025,20797106,3/7/2025,Free,Active,Friday,False,0,3,5,0,0,0,0
3/7/2025,21245339,3/7/2025,Free,Active,Friday,False,0,20,0,0,1,1,0
3/7/2025,21395247,3/3/2025,Paid,Active,Friday,False,4,28,4,1,2,0,0
3/7/2025,22264388,3/6/2025,Paid,Active,Friday,False,1,3,0,2,0,1,1
3/7/2025,22270217,3/7/2025,Paid,Active,Friday,False,0,2,3,2,1,0,0
3/7/2025,22769549,3/7/2025,Free,Active,Friday,False,0,7,2,1,0,0,0
3/7/2025,24627496,3/7/2025,Paid,Active,Friday,False,0,17,2,1,0,0,0
3/7/2025,25761792,3/6/2025,Free,Active,Friday,False,1,9,9,0,1,0,1
3/7/2025,26103384,3/4/2025,Free,Active,Friday,False,3,15,3,2,1,1,1
3/7/2025,27852032,3/4/2025,Free,Active,Friday,False,3,9,4,2,2,0,0
3/7/2025,28032367,3/4/2025,Free,Active,Friday,False,3,5,6,0,1,0,0
3/7/2025,28168630,3/5/2025,Free,Active,Friday,False,2,28,7,1,2,0,0
3/7/2025,28500176,3/7/2025,Free,Active,Friday,False,0,5,3,2,0,0,0
3/7/2025,28569480,3/5/2025,Free,Active,Friday,False,2,16,7,5,1,0,0
3/7/2025,28608102,3/4/2025,Paid,Active,Friday,False,3,21,1,2,1,0,0
3/7/2025,28947491,3/3/2025,Free,Active,Friday,False,4,16,8,2,1,2,0
3/7/2025,29402937,3/3/2025,Free,Active,Friday,False,4,29,2,1,0,0,0
3/7/2025,29659181,3/6/2025,Free,Active,Friday,False,1,19,3,1,0,1,0
3/7/2025,29783672,3/6/2025,Paid,Active,Friday,False,1,5,2,2,0,0,0
3/7/2025,30377112,3/3/2025,Free,Active,Friday,False,4,9,1,5,0,0,0
3/7/2025,30552928,3/6/2025,Free,Active,Friday,False,1,19,4,1,0,0,0
3/7/2025,30556865,3/4/2025,Free,Active,Friday,False,3,11,7,1,1,3,1
3/7/2025,30665172,3/6/2025,Free,Active,Friday,False,1,5,3,4,0,0,0
3/7/2025,30932855,3/3/2025,Free,Active,Friday,False,4,4,4,1,1,0,1
3/7/2025,31206130,3/3/2025,Free,Active,Friday,False,4,21,4,1,3,0,0
3/7/2025,31297307,3/4/2025,Paid,Active,Friday,False,3,6,5,0,1,0,0
3/7/2025,32287062,3/4/2025,Free,Active,Friday,False,3,15,3,1,1,0,0
3/7/2025,33834899,3/5/2025,Paid,Active,Friday,False,2,8,4,1,1,0,1
3/7/2025,33910622,3/3/2025,Paid,Active,Friday,False,4,5,4,9,0,0,0
3/7/2025,34330277,3/7/2025,Free,Active,Friday,False,0,10,1,1,0,0,0
3/7/2025,34889504,3/5/2025,Free,Active,Friday,False,2,10,9,3,0,1,0
3/7/2025,36017834,3/7/2025,Paid,Active,Friday,False,0,41,5,1,1,1,0
3/7/2025,36329183,3/4/2025,Paid,Active,Friday,False,3,11,9,1,0,1,0
3/7/2025,36946691,3/6/2025,Paid,Active,Friday,False,1,8,1,5,0,0,0
3/7/2025,38413248,3/7/2025,Free,Active,Friday,False,0,8,10,1,0,0,0
3/7/2025,39114147,3/7/2025,Free,Active,Friday,False,0,18,4,1,0,0,0
3/7/2025,39554899,3/4/2025,Free,Active,Friday,False,3,6,4,2,0,0,0
3/7/2025,40071067,3/7/2025,Free,Active,Friday,False,0,5,4,0,0,0,0
3/7/2025,40372156,3/6/2025,Free,Active,Friday,False,1,7,4,0,0,0,0
3/7/2025,42233475,3/5/2025,Free,Active,Friday,False,2,9,4,2,1,0,0
3/7/2025,43009397,3/7/2025,Paid,Active,Friday,False,0,14,2,1,1,0,0
3/7/2025,43056250,3/7/2025,Free,Active,Friday,False,0,6,1,5,0,0,0
3/7/2025,43564818,3/4/2025,Free,Active,Friday,False,3,16,3,4,0,0,0
3/7/2025,43763913,3/7/2025,Free,Active,Friday,False,0,5,9,1,0,1,0
3/7/2025,44382081,3/5/2025,Free,Active,Friday,False,2,13,0,0,0,0,0
3/7/2025,44441861,3/6/2025,Free,Active,Friday,False,1,8,0,4,1,1,0
3/7/2025,44549411,3/3/2025,Paid,Active,Friday,False,4,9,13,1,1,0,0
3/7/2025,44986698,3/7/2025,Free,Active,Friday,False,0,33,2,0,3,0,0
3/7/2025,45150214,3/5/2025,Free,Active,Friday,False,2,5,2,4,0,0,1
3/7/2025,45201482,3/6/2025,Free,Active,Friday,False,1,1,4,1,0,0,0
3/7/2025,46768760,3/3/2025,Free,Active,Friday,False,4,10,4,5,1,0,0
3/7/2025,47269107,3/5/2025,Free,Active,Friday,False,2,4,4,1,0,0,0
3/7/2025,47729983,3/7/2025,Free,Active,Friday,False,0,5,3,1,0,0,0
3/7/2025,48501532,3/5/2025,Free,Active,Friday,False,2,11,3,1,0,0,0
3/7/2025,48924961,3/6/2025,Free,Active,Friday,False,1,16,7,3,0,0,0
3/7/2025,49010595,3/7/2025,Free,Active,Friday,False,0,6,2,2,0,0,0
3/7/2025,49339918,3/7/2025,Paid,Active,Friday,False,0,4,1,2,0,0,0
3/7/2025,50424021,3/4/2025,Paid,Active,Friday,False,3,3,2,0,0,0,0
3/7/2025,50549387,3/6/2025,Free,Active,Friday,False,1,29,3,1,1,0,0
3/7/2025,50569399,3/3/2025,Paid,Active,Friday,False,4,11,6,0,0,0,0
3/7/2025,51154578,3/6/2025,Paid,Active,Friday,False,1,5,14,3,0,0,0
3/7/2025,51499006,3/7/2025,Free,Active,Friday,False,0,6,10,3,0,0,0
3/7/2025,51531887,3/5/2025,Paid,Active,Friday,False,2,15,3,1,1,0,0
3/7/2025,52355265,3/4/2025,Free,Active,Friday,False,3,15,1,1,0,0,0
3/7/2025,52503232,3/7/2025,Free,Active,Friday,False,0,8,9,2,1,1,0
3/7/2025,52823633,3/3/2025,Free,Active,Friday,False,4,13,5,2,2,0,1
3/7/2025,54276839,3/6/2025,Paid,Active,Friday,False,1,37,6,1,2,1,0
3/7/2025,54604771,3/5/2025,Paid,Active,Friday,False,2,8,5,2,0,1,0
3/7/2025,54677898,3/5/2025,Free,Active,Friday,False,2,3,3,4,0,0,1
3/7/2025,54779976,3/7/2025,Free,Active,Friday,False,0,5,2,3,0,0,0
3/7/2025,55617207,3/6/2025,Free,Active,Friday,False,1,18,10,1,0,0,0
3/7/2025,55631853,3/3/2025,Free,Active,Friday,False,4,9,1,5,0,0,0
3/7/2025,55796778,3/7/2025,Free,Active,Friday,False,0,12,4,1,0,0,0
3/7/2025,56172997,3/4/2025,Free,Active,Friday,False,3,2,4,1,0,0,0
3/7/2025,56195615,3/7/2025,Free,Active,Friday,False,0,7,3,3,1,0,0
3/7/2025,57058715,3/5/2025,Free,Active,Friday,False,2,5,0,0,0,0,0
3/7/2025,57595168,3/3/2025,Free,Active,Friday,False,4,40,6,1,1,0,0
3/7/2025,57850647,3/3/2025,Paid,Active,Friday,False,4,8,1,1,0,0,0
3/7/2025,57990055,3/3/2025,Free,Active,Friday,False,4,2,1,5,0,0,0
3/7/2025,58730145,3/5/2025,Paid,Active,Friday,False,2,14,6,1,0,1,0
3/7/2025,58798972,3/7/2025,Paid,Active,Friday,False,0,17,4,1,1,0,0
3/7/2025,58890543,3/6/2025,Free,Active,Friday,False,1,9,9,2,0,1,0
3/7/2025,59132781,3/7/2025,Paid,Active,Friday,False,0,5,5,1,2,0,0
3/7/2025,59320316,3/4/2025,Free,Active,Friday,False,3,15,9,0,1,1,0
3/7/2025,59625896,3/6/2025,Free,Active,Friday,False,1,5,7,1,0,0,0
3/7/2025,59783512,3/5/2025,Paid,Active,Friday,False,2,23,2,2,0,0,0
3/7/2025,60415773,3/6/2025,Free,Active,Friday,False,1,6,6,1,1,1,0
3/7/2025,61261840,3/7/2025,Free,Active,Friday,False,0,17,2,0,0,0,0
3/7/2025,61356578,3/3/2025,Free,Active,Friday,False,4,11,9,2,2,1,0
3/7/2025,62820168,3/7/2025,Free,Active,Friday,False,0,4,3,4,0,0,0
3/7/2025,63493466,3/6/2025,Free,Active,Friday,False,1,9,3,3,0,1,0
3/7/2025,63534569,3/7/2025,Paid,Active,Friday,False,0,8,3,0,1,0,0
3/7/2025,63585558,3/6/2025,Free,Active,Friday,False,1,10,9,1,2,1,1
3/7/2025,63823859,3/4/2025,Free,Active,Friday,False,3,11,4,1,0,0,0
3/7/2025,63879026,3/6/2025,Paid,Active,Friday,False,1,3,0,3,0,0,0
3/7/2025,64826108,3/4/2025,Paid,Active,Friday,False,3,23,2,2,1,0,1
3/7/2025,65164953,3/4/2025,Free,Active,Friday,False,3,5,2,5,0,0,0
3/7/2025,66077920,3/3/2025,Paid,Active,Friday,False,4,4,1,2,0,0,1
3/7/2025,66085019,3/5/2025,Free,Active,Friday,False,2,14,10,2,1,0,0
3/7/2025,67805363,3/7/2025,Free,Active,Friday,False,0,5,2,2,0,0,1
3/7/2025,67901718,3/7/2025,Free,Active,Friday,False,0,9,4,2,0,0,0
3/7/2025,68233734,3/3/2025,Free,Active,Friday,False,4,7,5,3,0,0,0
3/7/2025,68307106,3/7/2025,Free,Active,Friday,False,0,3,6,1,2,0,0
3/7/2025,68805871,3/6/2025,Free,Active,Friday,False,1,3,6,1,0,0,0
3/7/2025,69692747,3/4/2025,Free,Active,Friday,False,3,18,2,1,0,0,0
3/7/2025,70007939,3/4/2025,Free,Active,Friday,False,3,7,1,1,2,0,0
3/7/2025,70440339,3/7/2025,Paid,Active,Friday,False,0,6,1,6,0,1,0
3/7/2025,70564858,3/3/2025,Free,Active,Friday,False,4,16,3,1,0,0,0
3/7/2025,70853849,3/4/2025,Free,Active,Friday,False,3,10,1,3,0,0,1
3/7/2025,71124136,3/3/2025,Free,Active,Friday,False,4,17,1,1,2,0,0
3/7/2025,71358668,3/4/2025,Free,Active,Friday,False,3,20,4,1,1,0,0
3/7/2025,71790553,3/4/2025,Paid,Active,Friday,False,3,20,1,2,0,0,0
3/7/2025,72469436,3/3/2025,Free,Active,Friday,False,4,9,3,0,2,0,0
3/7/2025,73128237,3/7/2025,Free,Active,Friday,False,0,16,5,4,2,1,1
3/7/2025,73183069,3/6/2025,Free,Active,Friday,False,1,15,2,0,0,0,0
3/7/2025,74092029,3/6/2025,Paid,Active,Friday,False,1,13,3,9,0,0,0
3/7/2025,74484152,3/4/2025,Paid,Active,Friday,False,3,16,14,3,0,1,0
3/7/2025,74774119,3/7/2025,Free,Active,Friday,False,0,18,1,0,0,0,0
3/7/2025,75344276,3/5/2025,Paid,Active,Friday,False,2,15,2,1,2,0,0
3/7/2025,76023894,3/4/2025,Free,Active,Friday,False,3,10,9,1,1,1,0
3/7/2025,76295172,3/3/2025,Free,Active,Friday,False,4,4,2,0,0,0,0
3/7/2025,76306583,3/6/2025,Free,Active,Friday,False,1,11,7,2,0,1,0
3/7/2025,76587233,3/4/2025,Paid,Active,Friday,False,3,28,4,1,2,0,0
3/7/2025,77337890,3/3/2025,Free,Active,Friday,False,4,8,2,3,0,0,0
3/7/2025,77362777,3/6/2025,Free,Active,Friday,False,1,11,8,1,0,2,0
3/7/2025,77452854,3/7/2025,Paid,Active,Friday,False,0,5,3,0,1,0,0
3/7/2025,77687782,3/3/2025,Free,Active,Friday,False,4,27,4,2,4,0,0
3/7/2025,78101713,3/3/2025,Free,Active,Friday,False,4,14,3,5,1,0,0
3/7/2025,78432211,3/4/2025,Paid,Active,Friday,False,3,27,4,1,2,0,0
3/7/2025,78514449,3/7/2025,Free,Active,Friday,False,0,45,5,2,2,0,0
3/7/2025,78524558,3/4/2025,Free,Active,Friday,False,3,28,2,2,2,0,0
3/7/2025,79819778,3/7/2025,Free,Active,Friday,False,0,9,1,4,0,2,0
3/7/2025,80182409,3/7/2025,Free,Active,Friday,False,0,3,5,1,0,0,0
3/7/2025,80640969,3/5/2025,Free,Active,Friday,False,2,6,10,0,0,0,0
3/7/2025,81062415,3/7/2025,Free,Active,Friday,False,0,9,1,5,0,0,0
3/7/2025,81339689,3/7/2025,Free,Active,Friday,False,0,31,3,1,2,0,0
3/7/2025,81895947,3/5/2025,Free,Active,Friday,False,2,2,3,1,1,0,2
3/7/2025,82032780,3/7/2025,Free,Active,Friday,False,0,22,6,1,0,0,1
3/7/2025,83297810,3/4/2025,Free,Active,Friday,False,3,10,4,0,1,0,1
3/7/2025,83673862,3/3/2025,Free,Active,Friday,False,4,4,1,5,1,0,0
3/7/2025,84047697,3/5/2025,Free,Active,Friday,False,2,5,5,4,0,0,0
3/7/2025,85287879,3/5/2025,Free,Active,Friday,False,2,7,7,1,0,0,0
3/7/2025,86372804,3/3/2025,Paid,Active,Friday,False,4,8,9,0,0,0,0
3/7/2025,86762579,3/5/2025,Paid,Active,Friday,False,2,11,2,4,1,0,0
3/7/2025,89243555,3/4/2025,Free,Active,Friday,False,3,28,2,1,1,0,0
3/7/2025,89285908,3/4/2025,Free,Active,Friday,False,3,3,3,2,1,0,0
3/7/2025,89505560,3/5/2025,Free,Active,Friday,False,2,7,1,4,0,0,0
3/7/2025,89547601,3/5/2025,Free,Active,Friday,False,2,2,4,1,1,0,0
3/7/2025,89669730,3/7/2025,Paid,Active,Friday,False,0,28,2,0,1,0,0
3/7/2025,90384679,3/6/2025,Free,Active,Friday,False,1,10,5,1,0,0,0
3/7/2025,90589301,3/5/2025,Free,Active,Friday,False,2,12,4,3,0,0,0
3/7/2025,91286478,3/7/2025,Free,Active,Friday,False,0,16,1,0,0,0,0
3/7/2025,91716253,3/7/2025,Free,Active,Friday,False,0,6,10,1,0,0,0
3/7/2025,92187206,3/4/2025,Paid,Active,Friday,False,3,6,1,2,0,1,0
3/7/2025,92207376,3/7/2025,Paid,Active,Friday,False,0,9,7,1,1,0,0
3/7/2025,92575198,3/4/2025,Free,Active,Friday,False,3,5,3,4,0,1,1
3/7/2025,93721129,3/4/2025,Paid,Active,Friday,False,3,3,1,3,1,0,0
3/7/2025,94061818,3/7/2025,Free,Active,Friday,False,0,16,2,0,1,0,0
3/7/2025,94491215,3/7/2025,Free,Active,Friday,False,0,17,10,3,1,0,0
3/7/2025,94798897,3/6/2025,Free,Active,Friday,False,1,11,2,5,2,0,0
3/7/2025,95834438,3/3/2025,Free,Active,Friday,False,4,3,9,1,1,0,0
3/7/2025,95928771,3/5/2025,Paid,Active,Friday,False,2,4,3,0,0,0,0
3/7/2025,96659622,3/3/2025,Free,Active,Friday,False,4,4,6,1,0,0,0
3/7/2025,97412822,3/7/2025,Free,Active,Friday,False,0,5,4,3,0,0,0
3/7/2025,97623402,3/6/2025,Free,Active,Friday,False,1,6,3,0,1,0,0
3/7/2025,97815403,3/7/2025,Free,Active,Friday,False,0,9,2,0,1,0,0
3/8/2025,10517792,3/6/2025,Free,Active,Saturday,True,2,9,3,1,0,0,1
3/8/2025,10522638,3/7/2025,Free,Active,Saturday,True,1,16,4,2,2,0,0
3/8/2025,10732956,3/6/2025,Free,Active,Saturday,True,2,4,1,1,0,1,0
3/8/2025,11207503,3/3/2025,Paid,Active,Saturday,True,5,30,4,2,4,0,0
3/8/2025,11495794,3/6/2025,Paid,Active,Saturday,True,2,30,4,1,1,0,0
3/8/2025,11762018,3/7/2025,Free,Active,Saturday,True,1,15,1,1,2,0,0
3/8/2025,11818207,3/6/2025,Free,Active,Saturday,True,2,9,4,1,2,0,0
3/8/2025,12089369,3/7/2025,Free,Active,Saturday,True,1,6,4,1,0,0,0
3/8/2025,12839768,3/7/2025,Free,Active,Saturday,True,1,11,6,3,0,0,2
3/8/2025,13602493,3/5/2025,Free,Active,Saturday,True,3,18,0,1,0,0,0
3/8/2025,14003926,3/3/2025,Free,Active,Saturday,True,5,13,8,1,0,2,0
3/8/2025,14017653,3/3/2025,Free,Active,Saturday,True,5,3,4,4,0,0,0
3/8/2025,14209843,3/4/2025,Free,Active,Saturday,True,4,4,4,4,0,0,1
3/8/2025,14453470,3/3/2025,Free,Active,Saturday,True,5,5,3,1,0,0,0
3/8/2025,14495366,3/5/2025,Free,Active,Saturday,True,3,10,3,2,0,1,0
3/8/2025,14528458,3/5/2025,Free,Active,Saturday,True,3,19,2,1,2,0,0
3/8/2025,14778650,3/6/2025,Paid,Active,Saturday,True,2,6,1,1,0,0,0
3/8/2025,14851543,3/7/2025,Free,Active,Saturday,True,1,7,4,3,0,0,1
3/8/2025,15450669,3/6/2025,Free,Active,Saturday,True,2,10,5,0,0,0,0
3/8/2025,15647148,3/6/2025,Free,Active,Saturday,True,2,17,1,1,1,0,0
3/8/2025,16175009,3/5/2025,Free,Active,Saturday,True,3,4,6,0,1,0,0
3/8/2025,16323501,3/5/2025,Free,Active,Saturday,True,3,7,7,2,1,2,0
3/8/2025,16675590,3/7/2025,Free,Active,Saturday,True,1,3,10,2,1,0,0
3/8/2025,17008029,3/6/2025,Free,Active,Saturday,True,2,17,1,0,2,0,0
3/8/2025,17463270,3/3/2025,Free,Active,Saturday,True,5,28,1,1,2,0,0
3/8/2025,17983248,3/4/2025,Paid,Active,Saturday,True,4,4,8,2,0,0,0
3/8/2025,18139249,3/3/2025,Free,Active,Saturday,True,5,1,9,0,0,1,0
3/8/2025,18580473,3/5/2025,Free,Active,Saturday,True,3,16,7,1,0,1,0
3/8/2025,18873581,3/4/2025,Paid,Active,Saturday,True,4,7,1,1,0,0,0
3/8/2025,18940612,3/7/2025,Free,Active,Saturday,True,1,30,2,1,1,0,0
3/8/2025,19577042,3/6/2025,Free,Active,Saturday,True,2,12,9,1,2,1,0
3/8/2025,20797106,3/7/2025,Free,Active,Saturday,True,1,2,6,1,0,0,0
3/8/2025,21245339,3/7/2025,Free,Active,Saturday,True,1,7,2,1,1,0,0
3/8/2025,21395247,3/3/2025,Paid,Active,Saturday,True,5,10,3,1,2,0,0
3/8/2025,22067873,3/3/2025,Free,Active,Saturday,True,5,1,7,1,1,3,0
3/8/2025,22264388,3/6/2025,Paid,Active,Saturday,True,2,4,3,3,0,0,0
3/8/2025,22270217,3/7/2025,Paid,Active,Saturday,True,1,9,3,4,0,0,1
3/8/2025,23272498,3/5/2025,Free,Active,Saturday,True,3,7,5,2,0,0,0
3/8/2025,23358649,3/5/2025,Free,Active,Saturday,True,3,12,3,3,0,0,1
3/8/2025,23940170,3/6/2025,Free,Active,Saturday,True,2,3,3,1,0,0,0
3/8/2025,24627496,3/7/2025,Paid,Active,Saturday,True,1,16,2,0,0,0,0
3/8/2025,25761792,3/6/2025,Free,Active,Saturday,True,2,15,9,1,2,1,0
3/8/2025,25983272,3/4/2025,Free,Active,Saturday,True,4,2,1,3,0,0,2
3/8/2025,26103384,3/4/2025,Free,Active,Saturday,True,4,14,4,5,1,1,0
3/8/2025,27852032,3/4/2025,Free,Active,Saturday,True,4,17,3,4,0,1,1
3/8/2025,28032367,3/4/2025,Free,Active,Saturday,True,4,8,10,2,0,0,0
3/8/2025,28569480,3/5/2025,Free,Active,Saturday,True,3,2,1,5,2,0,0
3/8/2025,28608102,3/4/2025,Paid,Active,Saturday,True,4,14,4,0,0,0,0
3/8/2025,28947491,3/3/2025,Free,Active,Saturday,True,5,12,4,3,3,0,0
3/8/2025,29402937,3/3/2025,Free,Active,Saturday,True,5,28,4,1,3,0,0
3/8/2025,29469046,3/6/2025,Free,Active,Saturday,True,2,1,1,1,0,0,0
3/8/2025,29659181,3/6/2025,Free,Active,Saturday,True,2,16,3,2,2,0,0
3/8/2025,30377112,3/3/2025,Free,Active,Saturday,True,5,6,3,5,1,0,0
3/8/2025,30556865,3/4/2025,Free,Active,Saturday,True,4,9,10,1,0,0,0
3/8/2025,30665172,3/6/2025,Free,Active,Saturday,True,2,3,4,3,0,0,0
3/8/2025,30932855,3/3/2025,Free,Active,Saturday,True,5,11,10,2,0,0,0
3/8/2025,31206130,3/3/2025,Free,Active,Saturday,True,5,27,2,1,1,0,0
3/8/2025,31297307,3/4/2025,Paid,Active,Saturday,True,4,3,3,1,0,0,0
3/8/2025,33834899,3/5/2025,Paid,Active,Saturday,True,3,5,9,1,1,0,1
3/8/2025,33910622,3/3/2025,Paid,Active,Saturday,True,5,11,5,2,1,0,0
3/8/2025,34138344,3/3/2025,Paid,Active,Saturday,True,5,4,3,5,0,1,0
3/8/2025,34614777,3/5/2025,Free,Active,Saturday,True,3,5,4,4,0,0,0
3/8/2025,34782115,3/4/2025,Free,Active,Saturday,True,4,7,3,2,0,0,0
3/8/2025,34889504,3/5/2025,Free,Active,Saturday,True,3,6,9,3,0,1,0
3/8/2025,36017834,3/7/2025,Paid,Active,Saturday,True,1,22,2,2,4,1,0
3/8/2025,36222279,3/5/2025,Free,Active,Saturday,True,3,11,4,4,0,0,0
3/8/2025,36329183,3/4/2025,Paid,Active,Saturday,True,4,11,13,1,0,0,0
3/8/2025,36946691,3/6/2025,Paid,Active,Saturday,True,2,6,1,6,0,0,0
3/8/2025,39062302,3/3/2025,Paid,Active,Saturday,True,5,4,1,0,1,0,1
3/8/2025,39114147,3/7/2025,Free,Active,Saturday,True,1,12,10,2,0,0,0
3/8/2025,39554899,3/4/2025,Free,Active,Saturday,True,4,4,2,2,0,0,0
3/8/2025,40027203,3/3/2025,Free,Active,Saturday,True,5,5,3,0,0,1,0
3/8/2025,40070917,3/4/2025,Paid,Active,Saturday,True,4,11,3,1,1,0,0
3/8/2025,40071067,3/7/2025,Free,Active,Saturday,True,1,5,1,1,0,1,0
3/8/2025,40836783,3/5/2025,Free,Active,Saturday,True,3,6,6,0,1,0,0
3/8/2025,43009397,3/7/2025,Paid,Active,Saturday,True,1,16,2,1,0,0,0
3/8/2025,43564818,3/4/2025,Free,Active,Saturday,True,4,14,6,4,0,0,0
3/8/2025,43763913,3/7/2025,Free,Active,Saturday,True,1,12,9,2,0,1,0
3/8/2025,44441861,3/6/2025,Free,Active,Saturday,True,2,10,4,4,0,0,1
3/8/2025,44549411,3/3/2025,Paid,Active,Saturday,True,5,9,14,2,0,1,0
3/8/2025,44814486,3/3/2025,Paid,Active,Saturday,True,5,3,3,0,0,0,0
3/8/2025,44986698,3/7/2025,Free,Active,Saturday,True,1,12,3,0,1,0,0
3/8/2025,45324189,3/4/2025,Free,Active,Saturday,True,4,32,0,0,0,1,0
3/8/2025,46347412,3/5/2025,Free,Active,Saturday,True,3,3,10,0,0,0,0
3/8/2025,46768760,3/3/2025,Free,Active,Saturday,True,5,6,4,5,0,0,0
3/8/2025,48213441,3/5/2025,Free,Active,Saturday,True,3,17,1,0,1,0,0
3/8/2025,48501532,3/5/2025,Free,Active,Saturday,True,3,8,1,2,0,0,0
3/8/2025,50549387,3/6/2025,Free,Active,Saturday,True,2,22,2,1,0,0,0
3/8/2025,50569399,3/3/2025,Paid,Active,Saturday,True,5,6,11,1,0,1,0
3/8/2025,51154578,3/6/2025,Paid,Active,Saturday,True,2,8,11,1,0,0,0
3/8/2025,51307236,3/6/2025,Paid,Active,Saturday,True,2,8,15,2,0,1,0
3/8/2025,51499006,3/7/2025,Free,Active,Saturday,True,1,12,9,1,1,1,0
3/8/2025,51531887,3/5/2025,Paid,Active,Saturday,True,3,33,6,2,1,0,0
3/8/2025,52344802,3/3/2025,Free,Active,Saturday,True,5,16,2,0,1,0,0
3/8/2025,52355265,3/4/2025,Free,Active,Saturday,True,4,18,1,0,0,0,0
3/8/2025,52503232,3/7/2025,Free,Active,Saturday,True,1,4,7,2,0,0,0
3/8/2025,52702390,3/4/2025,Free,Active,Saturday,True,4,12,10,2,1,0,0
3/8/2025,52823633,3/3/2025,Free,Active,Saturday,True,5,40,5,0,1,0,0
3/8/2025,54276839,3/6/2025,Paid,Active,Saturday,True,2,27,3,3,0,0,0
3/8/2025,54604771,3/5/2025,Paid,Active,Saturday,True,3,10,10,0,0,0,1
3/8/2025,54677898,3/5/2025,Free,Active,Saturday,True,3,6,3,5,0,0,0
3/8/2025,55617207,3/6/2025,Free,Active,Saturday,True,2,10,9,1,0,1,1
3/8/2025,55796778,3/7/2025,Free,Active,Saturday,True,1,20,3,0,1,0,0
3/8/2025,56172997,3/4/2025,Free,Active,Saturday,True,4,3,4,0,0,0,0
3/8/2025,56195615,3/7/2025,Free,Active,Saturday,True,1,5,5,4,1,1,1
3/8/2025,57058715,3/5/2025,Free,Active,Saturday,True,3,19,2,0,0,0,0
3/8/2025,57595168,3/3/2025,Free,Active,Saturday,True,5,28,2,2,0,0,0
3/8/2025,57850647,3/3/2025,Paid,Active,Saturday,True,5,30,3,1,1,0,0
3/8/2025,58730145,3/5/2025,Paid,Active,Saturday,True,3,10,5,3,1,0,0
3/8/2025,58798972,3/7/2025,Paid,Active,Saturday,True,1,10,2,1,2,0,0
3/8/2025,58890543,3/6/2025,Free,Active,Saturday,True,2,5,10,3,0,0,0
3/8/2025,59132781,3/7/2025,Paid,Active,Saturday,True,1,5,4,1,0,0,0
3/8/2025,59320316,3/4/2025,Free,Active,Saturday,True,4,5,10,2,0,0,0
3/8/2025,59625896,3/6/2025,Free,Active,Saturday,True,2,2,2,0,1,0,0
3/8/2025,59783512,3/5/2025,Paid,Active,Saturday,True,3,34,5,2,3,0,0
3/8/2025,60415773,3/6/2025,Free,Active,Saturday,True,2,11,9,0,0,0,1
3/8/2025,60977230,3/4/2025,Free,Active,Saturday,True,4,6,4,3,0,0,0
3/8/2025,61125704,3/3/2025,Paid,Active,Saturday,True,5,26,3,1,1,0,0
3/8/2025,61261840,3/7/2025,Free,Active,Saturday,True,1,15,1,1,2,0,0
3/8/2025,61356578,3/3/2025,Free,Active,Saturday,True,5,16,8,3,2,2,0
3/8/2025,61786206,3/3/2025,Free,Active,Saturday,True,5,11,1,4,0,0,1
3/8/2025,62820168,3/7/2025,Free,Active,Saturday,True,1,11,1,3,0,0,0
3/8/2025,63585558,3/6/2025,Free,Active,Saturday,True,2,6,10,3,0,0,0
3/8/2025,63900231,3/5/2025,Free,Active,Saturday,True,3,4,2,4,1,0,1
3/8/2025,64826108,3/4/2025,Paid,Active,Saturday,True,4,42,5,0,2,0,1
3/8/2025,64875604,3/6/2025,Free,Active,Saturday,True,2,9,7,1,0,0,0
3/8/2025,65164953,3/4/2025,Free,Active,Saturday,True,4,4,3,4,0,0,1
3/8/2025,65636763,3/5/2025,Paid,Active,Saturday,True,3,3,4,1,0,0,0
3/8/2025,66077920,3/3/2025,Paid,Active,Saturday,True,5,5,2,2,0,0,0
3/8/2025,66085019,3/5/2025,Free,Active,Saturday,True,3,9,9,1,0,1,0
3/8/2025,67805363,3/7/2025,Free,Active,Saturday,True,1,3,2,4,1,0,0
3/8/2025,68233734,3/3/2025,Free,Active,Saturday,True,5,13,6,5,4,0,0
3/8/2025,68307106,3/7/2025,Free,Active,Saturday,True,1,3,9,1,1,1,0
3/8/2025,68805871,3/6/2025,Free,Active,Saturday,True,2,7,2,1,0,2,0
3/8/2025,70007939,3/4/2025,Free,Active,Saturday,True,4,12,3,0,1,0,0
3/8/2025,70440339,3/7/2025,Paid,Active,Saturday,True,1,4,0,4,0,1,0
3/8/2025,70564858,3/3/2025,Free,Active,Saturday,True,5,9,2,0,1,0,0
3/8/2025,71124136,3/3/2025,Free,Active,Saturday,True,5,18,3,2,3,0,0
3/8/2025,71358668,3/4/2025,Free,Active,Saturday,True,4,10,4,0,0,0,0
3/8/2025,71790553,3/4/2025,Paid,Active,Saturday,True,4,13,4,1,0,0,0
3/8/2025,72050326,3/4/2025,Free,Active,Saturday,True,4,7,3,3,0,0,0
3/8/2025,72469436,3/3/2025,Free,Active,Saturday,True,5,31,4,0,1,0,0
3/8/2025,73128237,3/7/2025,Free,Active,Saturday,True,1,15,1,4,2,0,1
3/8/2025,73183069,3/6/2025,Free,Active,Saturday,True,2,5,1,1,0,0,0
3/8/2025,73594845,3/4/2025,Free,Active,Saturday,True,4,5,2,0,1,0,0
3/8/2025,73963079,3/4/2025,Paid,Active,Saturday,True,4,32,3,1,0,0,0
3/8/2025,74092029,3/6/2025,Paid,Active,Saturday,True,2,9,3,4,1,0,0
3/8/2025,74484152,3/4/2025,Paid,Active,Saturday,True,4,10,6,2,0,0,0
3/8/2025,74598602,3/6/2025,Free,Active,Saturday,True,2,29,3,3,4,0,0
3/8/2025,74774119,3/7/2025,Free,Active,Saturday,True,1,8,1,0,1,0,0
3/8/2025,76023894,3/4/2025,Free,Active,Saturday,True,4,8,10,0,0,0,0
3/8/2025,76155515,3/6/2025,Free,Active,Saturday,True,2,7,1,4,0,0,0
3/8/2025,76306583,3/6/2025,Free,Active,Saturday,True,2,13,10,1,0,0,2
3/8/2025,76395184,3/5/2025,Free,Active,Saturday,True,3,6,2,2,0,0,1
3/8/2025,76587233,3/4/2025,Paid,Active,Saturday,True,4,16,4,0,1,0,0
3/8/2025,76671851,3/6/2025,Free,Active,Saturday,True,2,9,4,4,1,0,0
3/8/2025,77337890,3/3/2025,Free,Active,Saturday,True,5,7,3,5,1,1,0
3/8/2025,77362777,3/6/2025,Free,Active,Saturday,True,2,8,6,1,1,0,0
3/8/2025,77452854,3/7/2025,Paid,Active,Saturday,True,1,3,4,0,3,0,0
3/8/2025,77687782,3/3/2025,Free,Active,Saturday,True,5,52,6,2,2,0,0
3/8/2025,78101713,3/3/2025,Free,Active,Saturday,True,5,8,2,5,1,0,0
3/8/2025,78432211,3/4/2025,Paid,Active,Saturday,True,4,20,2,1,0,0,0
3/8/2025,78514449,3/7/2025,Free,Active,Saturday,True,1,93,3,1,7,0,1
3/8/2025,78524558,3/4/2025,Free,Active,Saturday,True,4,20,1,1,1,0,0
3/8/2025,79819778,3/7/2025,Free,Active,Saturday,True,1,6,1,1,0,1,0
3/8/2025,79854644,3/5/2025,Free,Active,Saturday,True,3,11,9,3,0,1,0
3/8/2025,80182409,3/7/2025,Free,Active,Saturday,True,1,4,2,0,0,0,1
3/8/2025,80322173,3/5/2025,Free,Active,Saturday,True,3,10,1,5,0,0,0
3/8/2025,80640969,3/5/2025,Free,Active,Saturday,True,3,5,5,1,0,0,0
3/8/2025,81058962,3/4/2025,Free,Active,Saturday,True,4,2,7,1,0,0,0
3/8/2025,81062415,3/7/2025,Free,Active,Saturday,True,1,9,2,4,2,0,0
3/8/2025,81339689,3/7/2025,Free,Active,Saturday,True,1,29,3,2,3,0,0
3/8/2025,81895947,3/5/2025,Free,Active,Saturday,True,3,7,4,4,1,0,1
3/8/2025,82032780,3/7/2025,Free,Active,Saturday,True,1,22,3,0,1,0,1
3/8/2025,84047697,3/5/2025,Free,Active,Saturday,True,3,7,6,4,0,0,1
3/8/2025,85287879,3/5/2025,Free,Active,Saturday,True,3,1,7,0,1,0,0
3/8/2025,85327560,3/6/2025,Free,Active,Saturday,True,2,4,0,2,0,0,0
3/8/2025,85697187,3/3/2025,Free,Active,Saturday,True,5,10,3,4,2,0,1
3/8/2025,86372804,3/3/2025,Paid,Active,Saturday,True,5,9,4,1,0,0,0
3/8/2025,86762579,3/5/2025,Paid,Active,Saturday,True,3,8,3,4,0,0,0
3/8/2025,89243555,3/4/2025,Free,Active,Saturday,True,4,8,3,0,0,0,0
3/8/2025,89281326,3/3/2025,Free,Active,Saturday,True,5,10,9,0,0,1,0
3/8/2025,89505560,3/5/2025,Free,Active,Saturday,True,3,5,3,4,1,0,0
3/8/2025,89547601,3/5/2025,Free,Active,Saturday,True,3,12,6,1,0,0,0
3/8/2025,89580457,3/6/2025,Paid,Active,Saturday,True,2,11,2,0,0,0,0
3/8/2025,89669730,3/7/2025,Paid,Active,Saturday,True,1,20,4,1,0,0,0
3/8/2025,90384679,3/6/2025,Free,Active,Saturday,True,2,7,10,1,0,0,0
3/8/2025,90589301,3/5/2025,Free,Active,Saturday,True,3,47,4,2,0,0,0
3/8/2025,91286478,3/7/2025,Free,Active,Saturday,True,1,11,1,0,0,0,0
3/8/2025,91716253,3/7/2025,Free,Active,Saturday,True,1,10,6,1,1,0,0
3/8/2025,92187206,3/4/2025,Paid,Active,Saturday,True,4,2,1,1,0,1,0
3/8/2025,92575198,3/4/2025,Free,Active,Saturday,True,4,10,2,5,0,0,0
3/8/2025,93721129,3/4/2025,Paid,Active,Saturday,True,4,6,4,5,0,0,1
3/8/2025,94491215,3/7/2025,Free,Active,Saturday,True,1,13,10,1,1,0,0
3/8/2025,94796124,3/5/2025,Free,Active,Saturday,True,3,5,3,0,0,1,0
3/8/2025,94798897,3/6/2025,Free,Active,Saturday,True,2,14,7,5,0,0,0
3/8/2025,95928771,3/5/2025,Paid,Active,Saturday,True,3,4,6,2,0,0,0
3/8/2025,96268661,3/6/2025,Free,Active,Saturday,True,2,3,1,1,0,0,0
3/8/2025,96659622,3/3/2025,Free,Active,Saturday,True,5,3,3,1,1,0,1
3/8/2025,97412822,3/7/2025,Free,Active,Saturday,True,1,11,2,3,0,0,1
3/8/2025,97515553,3/3/2025,Free,Active,Saturday,True,5,11,2,3,0,0,0
3/8/2025,97623402,3/6/2025,Free,Active,Saturday,True,2,2,4,0,0,1,0
3/8/2025,99756298,3/4/2025,Free,Active,Saturday,True,4,26,4,0,2,0,0
3/9/2025,10439750,3/6/2025,Paid,Active,Sunday,True,3,8,2,1,0,0,0
3/9/2025,10732956,3/6/2025,Free,Active,Sunday,True,3,5,3,3,0,0,0
3/9/2025,11207503,3/3/2025,Paid,Active,Sunday,True,6,16,2,1,0,1,0
3/9/2025,11495794,3/6/2025,Paid,Active,Sunday,True,3,18,5,0,2,0,1
3/9/2025,11762018,3/7/2025,Free,Active,Sunday,True,2,13,0,0,1,0,0
3/9/2025,12089369,3/7/2025,Free,Active,Sunday,True,2,3,9,1,0,1,0
3/9/2025,12839768,3/7/2025,Free,Active,Sunday,True,2,17,3,5,1,0,0
3/9/2025,13602493,3/5/2025,Free,Active,Sunday,True,4,45,1,0,0,0,0
3/9/2025,13638476,3/4/2025,Free,Active,Sunday,True,5,6,3,2,0,0,0
3/9/2025,14003926,3/3/2025,Free,Active,Sunday,True,6,17,9,3,1,0,0
3/9/2025,14453470,3/3/2025,Free,Active,Sunday,True,6,4,7,1,1,0,0
3/9/2025,14495366,3/5/2025,Free,Active,Sunday,True,4,10,7,1,0,0,0
3/9/2025,14851543,3/7/2025,Free,Active,Sunday,True,2,3,2,5,1,0,0
3/9/2025,15450669,3/6/2025,Free,Active,Sunday,True,3,3,9,2,0,1,0
3/9/2025,15647148,3/6/2025,Free,Active,Sunday,True,3,8,4,1,1,0,0
3/9/2025,16005607,3/5/2025,Paid,Active,Sunday,True,4,19,1,2,1,0,0
3/9/2025,16175009,3/5/2025,Free,Active,Sunday,True,4,3,9,1,0,1,0
3/9/2025,16323501,3/5/2025,Free,Active,Sunday,True,4,5,4,1,1,0,0
3/9/2025,16402515,3/7/2025,Free,Active,Sunday,True,2,11,1,4,0,1,1
3/9/2025,16675590,3/7/2025,Free,Active,Sunday,True,2,6,3,1,0,0,0
3/9/2025,17228968,3/6/2025,Paid,Active,Sunday,True,3,5,8,2,0,0,0
3/9/2025,17463270,3/3/2025,Free,Active,Sunday,True,6,27,4,0,0,0,0
3/9/2025,17983248,3/4/2025,Paid,Active,Sunday,True,5,4,10,2,1,1,0
3/9/2025,18452244,3/7/2025,Free,Active,Sunday,True,2,6,1,2,0,0,0
3/9/2025,18580473,3/5/2025,Free,Active,Sunday,True,4,9,8,2,0,2,0
3/9/2025,18873581,3/4/2025,Paid,Active,Sunday,True,5,4,3,0,0,0,0
3/9/2025,18940612,3/7/2025,Free,Active,Sunday,True,2,30,2,1,2,1,1
3/9/2025,19360498,3/3/2025,Paid,Active,Sunday,True,6,17,2,1,0,0,0
3/9/2025,19577042,3/6/2025,Free,Active,Sunday,True,3,4,10,2,0,0,1
3/9/2025,19631286,3/6/2025,Free,Active,Sunday,True,3,11,1,0,0,1,0
3/9/2025,20119241,3/7/2025,Free,Active,Sunday,True,2,10,1,1,0,0,1
3/9/2025,20473587,3/5/2025,Free,Active,Sunday,True,4,19,4,1,1,0,1
3/9/2025,21245339,3/7/2025,Free,Active,Sunday,True,2,27,3,1,0,1,0
3/9/2025,21395247,3/3/2025,Paid,Active,Sunday,True,6,9,3,1,1,0,0
3/9/2025,21502927,3/6/2025,Free,Active,Sunday,True,3,11,9,1,0,0,0
3/9/2025,22769549,3/7/2025,Free,Active,Sunday,True,2,3,1,3,1,0,0
3/9/2025,23272498,3/5/2025,Free,Active,Sunday,True,4,11,9,1,0,1,0
3/9/2025,23358649,3/5/2025,Free,Active,Sunday,True,4,5,4,5,0,0,0
3/9/2025,24627496,3/7/2025,Paid,Active,Sunday,True,2,9,2,0,1,0,0
3/9/2025,25761792,3/6/2025,Free,Active,Sunday,True,3,8,6,1,0,0,0
3/9/2025,25983272,3/4/2025,Free,Active,Sunday,True,5,9,1,5,1,1,0
3/9/2025,26103384,3/4/2025,Free,Active,Sunday,True,5,6,4,4,0,0,1
3/9/2025,27469715,3/4/2025,Free,Active,Sunday,True,5,50,1,0,1,0,0
3/9/2025,27852032,3/4/2025,Free,Active,Sunday,True,5,16,7,5,0,0,0
3/9/2025,28032367,3/4/2025,Free,Active,Sunday,True,5,8,7,2,0,0,0
3/9/2025,28168630,3/5/2025,Free,Active,Sunday,True,4,43,6,1,1,0,0
3/9/2025,28569480,3/5/2025,Free,Active,Sunday,True,4,4,6,5,0,0,0
3/9/2025,28608102,3/4/2025,Paid,Active,Sunday,True,5,11,2,1,0,0,0
3/9/2025,28947491,3/3/2025,Free,Active,Sunday,True,6,15,9,1,0,1,0
3/9/2025,29659181,3/6/2025,Free,Active,Sunday,True,3,10,4,1,1,0,0
3/9/2025,30377112,3/3/2025,Free,Active,Sunday,True,6,3,3,2,0,1,0
3/9/2025,30427864,3/3/2025,Paid,Active,Sunday,True,6,9,5,1,2,0,1
3/9/2025,30552928,3/6/2025,Free,Active,Sunday,True,3,18,3,1,0,0,0
3/9/2025,30556865,3/4/2025,Free,Active,Sunday,True,5,8,5,3,0,0,0
3/9/2025,30665172,3/6/2025,Free,Active,Sunday,True,3,4,1,1,1,1,1
3/9/2025,30932855,3/3/2025,Free,Active,Sunday,True,6,7,9,2,0,1,0
3/9/2025,31206130,3/3/2025,Free,Active,Sunday,True,6,27,2,2,3,1,0
3/9/2025,31297307,3/4/2025,Paid,Active,Sunday,True,5,3,8,0,0,1,0
3/9/2025,32287062,3/4/2025,Free,Active,Sunday,True,5,24,4,1,0,0,0
3/9/2025,33910622,3/3/2025,Paid,Active,Sunday,True,6,4,5,6,0,0,1
3/9/2025,34138344,3/3/2025,Paid,Active,Sunday,True,6,7,4,5,0,0,0
3/9/2025,34330277,3/7/2025,Free,Active,Sunday,True,2,8,4,4,0,0,1
3/9/2025,34614777,3/5/2025,Free,Active,Sunday,True,4,8,4,3,2,0,0
3/9/2025,34782115,3/4/2025,Free,Active,Sunday,True,5,3,10,1,1,0,0
3/9/2025,34889504,3/5/2025,Free,Active,Sunday,True,4,13,10,0,0,0,0
3/9/2025,36017834,3/7/2025,Paid,Active,Sunday,True,2,38,2,1,1,0,0
3/9/2025,36222279,3/5/2025,Free,Active,Sunday,True,4,11,3,3,0,0,0
3/9/2025,36329183,3/4/2025,Paid,Active,Sunday,True,5,15,10,3,1,0,0
3/9/2025,37577338,3/3/2025,Free,Active,Sunday,True,6,28,3,0,0,1,0
3/9/2025,39062302,3/3/2025,Paid,Active,Sunday,True,6,5,1,1,0,0,0
3/9/2025,39114147,3/7/2025,Free,Active,Sunday,True,2,16,10,3,0,0,0
3/9/2025,39534512,3/6/2025,Free,Active,Sunday,True,3,4,1,2,0,0,0
3/9/2025,39554899,3/4/2025,Free,Active,Sunday,True,5,9,5,5,0,0,0
3/9/2025,40027203,3/3/2025,Free,Active,Sunday,True,6,7,6,1,0,0,0
3/9/2025,40070917,3/4/2025,Paid,Active,Sunday,True,5,14,2,1,0,1,0
3/9/2025,40071067,3/7/2025,Free,Active,Sunday,True,2,4,4,0,0,0,0
3/9/2025,40372156,3/6/2025,Free,Active,Sunday,True,3,26,2,1,0,0,0
3/9/2025,40836783,3/5/2025,Free,Active,Sunday,True,4,4,8,1,0,0,0
3/9/2025,42233475,3/5/2025,Free,Active,Sunday,True,4,4,6,0,0,0,0
3/9/2025,43009397,3/7/2025,Paid,Active,Sunday,True,2,13,1,2,0,0,0
3/9/2025,43056250,3/7/2025,Free,Active,Sunday,True,2,10,4,5,0,0,0
3/9/2025,43564818,3/4/2025,Free,Active,Sunday,True,5,13,7,4,2,0,1
3/9/2025,43763913,3/7/2025,Free,Active,Sunday,True,2,11,9,2,0,0,0
3/9/2025,44382081,3/5/2025,Free,Active,Sunday,True,4,12,2,0,0,0,0
3/9/2025,44441861,3/6/2025,Free,Active,Sunday,True,3,9,1,1,1,0,1
3/9/2025,44549411,3/3/2025,Paid,Active,Sunday,True,6,7,5,1,0,1,0
3/9/2025,45150214,3/5/2025,Free,Active,Sunday,True,4,6,1,2,0,0,0
3/9/2025,45201482,3/6/2025,Free,Active,Sunday,True,3,3,2,0,0,0,0
3/9/2025,46347412,3/5/2025,Free,Active,Sunday,True,4,8,7,2,0,0,0
3/9/2025,46768760,3/3/2025,Free,Active,Sunday,True,6,8,2,5,1,0,0
3/9/2025,47269107,3/5/2025,Free,Active,Sunday,True,4,8,5,1,2,1,0
3/9/2025,47729983,3/7/2025,Free,Active,Sunday,True,2,2,6,1,0,0,0
3/9/2025,48213441,3/5/2025,Free,Active,Sunday,True,4,11,1,0,3,0,0
3/9/2025,48501532,3/5/2025,Free,Active,Sunday,True,4,79,3,0,8,0,0
3/9/2025,48924961,3/6/2025,Free,Active,Sunday,True,3,17,3,2,0,0,1
3/9/2025,49010595,3/7/2025,Free,Active,Sunday,True,2,4,1,1,0,0,0
3/9/2025,49339918,3/7/2025,Paid,Active,Sunday,True,2,6,2,2,0,0,0
3/9/2025,50309563,3/5/2025,Paid,Active,Sunday,True,4,7,7,0,0,0,0
3/9/2025,50569399,3/3/2025,Paid,Active,Sunday,True,6,6,9,1,0,0,0
3/9/2025,51154578,3/6/2025,Paid,Active,Sunday,True,3,17,10,1,0,0,0
3/9/2025,51307236,3/6/2025,Paid,Active,Sunday,True,3,10,9,3,0,0,0
3/9/2025,51499006,3/7/2025,Free,Active,Sunday,True,2,14,9,2,0,0,0
3/9/2025,51531887,3/5/2025,Paid,Active,Sunday,True,4,34,6,3,1,0,0
3/9/2025,52344802,3/3/2025,Free,Active,Sunday,True,6,14,1,0,2,1,0
3/9/2025,52355265,3/4/2025,Free,Active,Sunday,True,5,9,1,1,1,0,0
3/9/2025,52503232,3/7/2025,Free,Active,Sunday,True,2,6,9,1,0,1,0
3/9/2025,52607867,3/5/2025,Paid,Active,Sunday,True,4,6,2,1,0,0,0
3/9/2025,52702390,3/4/2025,Free,Active,Sunday,True,5,11,10,3,1,0,0
3/9/2025,52823633,3/3/2025,Free,Active,Sunday,True,6,35,4,1,1,1,0
3/9/2025,53226858,3/4/2025,Free,Active,Sunday,True,5,10,3,4,0,0,0
3/9/2025,53588630,3/4/2025,Free,Active,Sunday,True,5,6,2,2,1,0,0
3/9/2025,54276839,3/6/2025,Paid,Active,Sunday,True,3,12,6,2,0,1,1
3/9/2025,54604771,3/5/2025,Paid,Active,Sunday,True,4,2,6,1,1,1,0
3/9/2025,54677898,3/5/2025,Free,Active,Sunday,True,4,11,2,4,1,2,1
3/9/2025,55617207,3/6/2025,Free,Active,Sunday,True,3,11,9,2,0,1,0
3/9/2025,55796778,3/7/2025,Free,Active,Sunday,True,2,27,2,1,3,0,0
3/9/2025,56172997,3/4/2025,Free,Active,Sunday,True,5,3,6,0,0,0,0
3/9/2025,56195615,3/7/2025,Free,Active,Sunday,True,2,8,3,5,1,0,0
3/9/2025,57595168,3/3/2025,Free,Active,Sunday,True,6,33,4,2,5,0,1
3/9/2025,57850647,3/3/2025,Paid,Active,Sunday,True,6,24,1,2,0,0,0
3/9/2025,58730145,3/5/2025,Paid,Active,Sunday,True,4,12,13,1,0,0,0
3/9/2025,58798972,3/7/2025,Paid,Active,Sunday,True,2,24,2,2,3,0,0
3/9/2025,58890543,3/6/2025,Free,Active,Sunday,True,3,8,10,3,0,0,0
3/9/2025,59132781,3/7/2025,Paid,Active,Sunday,True,2,11,12,1,0,0,1
3/9/2025,59320316,3/4/2025,Free,Active,Sunday,True,5,12,10,1,0,0,0
3/9/2025,59625896,3/6/2025,Free,Active,Sunday,True,3,3,7,1,0,0,0
3/9/2025,59783512,3/5/2025,Paid,Active,Sunday,True,4,37,3,3,4,0,0
3/9/2025,60415773,3/6/2025,Free,Active,Sunday,True,3,7,10,0,1,0,0
3/9/2025,60977230,3/4/2025,Free,Active,Sunday,True,5,11,10,1,1,0,0
3/9/2025,61125704,3/3/2025,Paid,Active,Sunday,True,6,31,1,1,1,0,0
3/9/2025,61356578,3/3/2025,Free,Active,Sunday,True,6,12,9,1,1,1,0
3/9/2025,61786206,3/3/2025,Free,Active,Sunday,True,6,10,5,2,1,0,1
3/9/2025,62820168,3/7/2025,Free,Active,Sunday,True,2,7,1,4,1,0,0
3/9/2025,63493466,3/6/2025,Free,Active,Sunday,True,3,4,4,1,0,0,1
3/9/2025,63585558,3/6/2025,Free,Active,Sunday,True,3,17,9,0,1,1,0
3/9/2025,63823859,3/4/2025,Free,Active,Sunday,True,5,3,3,2,0,0,0
3/9/2025,63900231,3/5/2025,Free,Active,Sunday,True,4,4,1,1,0,0,0
3/9/2025,64826108,3/4/2025,Paid,Active,Sunday,True,5,44,2,1,3,0,1
3/9/2025,64875604,3/6/2025,Free,Active,Sunday,True,3,10,6,0,1,0,1
3/9/2025,65164953,3/4/2025,Free,Active,Sunday,True,5,8,2,5,1,0,0
3/9/2025,65636763,3/5/2025,Paid,Active,Sunday,True,4,9,3,1,0,0,0
3/9/2025,66077920,3/3/2025,Paid,Active,Sunday,True,6,4,1,1,0,0,0
3/9/2025,66085019,3/5/2025,Free,Active,Sunday,True,4,8,6,1,0,1,0
3/9/2025,67805363,3/7/2025,Free,Active,Sunday,True,2,4,2,3,0,0,0
3/9/2025,67901718,3/7/2025,Free,Active,Sunday,True,2,11,9,1,0,0,0
3/9/2025,68233734,3/3/2025,Free,Active,Sunday,True,6,4,4,5,1,0,0
3/9/2025,68307106,3/7/2025,Free,Active,Sunday,True,2,11,9,2,0,1,0
3/9/2025,69497858,3/4/2025,Free,Active,Sunday,True,5,2,3,1,1,0,0
3/9/2025,69692747,3/4/2025,Free,Active,Sunday,True,5,21,1,2,2,0,0
3/9/2025,70007939,3/4/2025,Free,Active,Sunday,True,5,20,1,2,1,0,0
3/9/2025,70268283,3/4/2025,Free,Active,Sunday,True,5,9,9,1,1,0,0
3/9/2025,70440339,3/7/2025,Paid,Active,Sunday,True,2,5,2,0,0,0,1
3/9/2025,70853849,3/4/2025,Free,Active,Sunday,True,5,6,2,2,0,0,0
3/9/2025,71124136,3/3/2025,Free,Active,Sunday,True,6,12,4,0,1,0,0
3/9/2025,71358668,3/4/2025,Free,Active,Sunday,True,5,27,3,2,4,1,0
3/9/2025,71790553,3/4/2025,Paid,Active,Sunday,True,5,31,2,2,0,0,0
3/9/2025,72050326,3/4/2025,Free,Active,Sunday,True,5,11,3,2,0,0,0
3/9/2025,72469436,3/3/2025,Free,Active,Sunday,True,6,18,3,1,1,0,1
3/9/2025,73128237,3/7/2025,Free,Active,Sunday,True,2,6,5,5,0,0,0
3/9/2025,73530116,3/3/2025,Paid,Active,Sunday,True,6,15,2,0,1,0,0
3/9/2025,73567762,3/6/2025,Free,Active,Sunday,True,3,4,0,0,0,0,1
3/9/2025,73963079,3/4/2025,Paid,Active,Sunday,True,5,21,2,0,3,0,0
3/9/2025,74062340,3/5/2025,Free,Active,Sunday,True,4,4,0,1,0,0,0
3/9/2025,74092029,3/6/2025,Paid,Active,Sunday,True,3,8,7,9,0,0,0
3/9/2025,74598602,3/6/2025,Free,Active,Sunday,True,3,95,5,3,5,0,0
3/9/2025,76023894,3/4/2025,Free,Active,Sunday,True,5,3,9,2,0,1,0
3/9/2025,76155515,3/6/2025,Free,Active,Sunday,True,3,7,2,2,0,0,1
3/9/2025,76295172,3/3/2025,Free,Active,Sunday,True,6,5,5,0,0,1,0
3/9/2025,76306583,3/6/2025,Free,Active,Sunday,True,3,12,10,2,1,0,1
3/9/2025,76671851,3/6/2025,Free,Active,Sunday,True,3,12,1,5,0,0,0
3/9/2025,77337890,3/3/2025,Free,Active,Sunday,True,6,10,1,2,0,0,0
3/9/2025,77362777,3/6/2025,Free,Active,Sunday,True,3,2,7,1,1,2,0
3/9/2025,77687782,3/3/2025,Free,Active,Sunday,True,6,18,5,1,0,1,0
3/9/2025,78101713,3/3/2025,Free,Active,Sunday,True,6,13,2,4,0,0,1
3/9/2025,78514449,3/7/2025,Free,Active,Sunday,True,2,36,3,0,2,0,1
3/9/2025,78524558,3/4/2025,Free,Active,Sunday,True,5,13,1,1,0,0,0
3/9/2025,79391007,3/5/2025,Free,Active,Sunday,True,4,2,7,1,1,1,0
3/9/2025,79854644,3/5/2025,Free,Active,Sunday,True,4,12,10,3,0,0,0
3/9/2025,80182409,3/7/2025,Free,Active,Sunday,True,2,7,1,0,0,0,0
3/9/2025,80322173,3/5/2025,Free,Active,Sunday,True,4,3,2,4,0,0,0
3/9/2025,81058962,3/4/2025,Free,Active,Sunday,True,5,4,5,1,0,1,0
3/9/2025,81062415,3/7/2025,Free,Active,Sunday,True,2,3,1,5,0,0,0
3/9/2025,81339689,3/7/2025,Free,Active,Sunday,True,2,44,5,2,0,0,0
3/9/2025,81895947,3/5/2025,Free,Active,Sunday,True,4,7,4,3,1,0,1
3/9/2025,82032780,3/7/2025,Free,Active,Sunday,True,2,12,5,3,0,0,0
3/9/2025,82358858,3/5/2025,Free,Active,Sunday,True,4,5,1,4,0,0,0
3/9/2025,83753999,3/6/2025,Free,Active,Sunday,True,3,5,3,1,0,0,0
3/9/2025,84047697,3/5/2025,Free,Active,Sunday,True,4,3,6,5,1,0,0
3/9/2025,85327560,3/6/2025,Free,Active,Sunday,True,3,4,2,2,0,0,0
3/9/2025,85697187,3/3/2025,Free,Active,Sunday,True,6,10,2,3,0,0,0
3/9/2025,86372804,3/3/2025,Paid,Active,Sunday,True,6,4,4,0,1,0,0
3/9/2025,86762579,3/5/2025,Paid,Active,Sunday,True,4,6,4,5,0,0,0
3/9/2025,89281326,3/3/2025,Free,Active,Sunday,True,6,3,9,0,1,1,0
3/9/2025,89285908,3/4/2025,Free,Active,Sunday,True,5,12,9,1,0,1,1
3/9/2025,89505560,3/5/2025,Free,Active,Sunday,True,4,7,3,3,1,1,0
3/9/2025,89547601,3/5/2025,Free,Active,Sunday,True,4,3,9,2,0,1,0
3/9/2025,89669730,3/7/2025,Paid,Active,Sunday,True,2,17,1,1,1,0,0
3/9/2025,90384679,3/6/2025,Free,Active,Sunday,True,3,7,10,2,0,0,0
3/9/2025,90589301,3/5/2025,Free,Active,Sunday,True,4,40,6,3,0,0,0
3/9/2025,91286478,3/7/2025,Free,Active,Sunday,True,2,9,1,0,0,0,0
3/9/2025,92187206,3/4/2025,Paid,Active,Sunday,True,5,2,1,3,0,0,0
3/9/2025,92575198,3/4/2025,Free,Active,Sunday,True,5,11,2,5,0,0,0
3/9/2025,93805705,3/4/2025,Free,Active,Sunday,True,5,3,1,3,0,0,0
3/9/2025,94491215,3/7/2025,Free,Active,Sunday,True,2,18,6,0,1,1,0
3/9/2025,94798897,3/6/2025,Free,Active,Sunday,True,3,14,4,4,1,0,0
3/9/2025,95082245,3/3/2025,Free,Active,Sunday,True,6,5,4,1,0,0,0
3/9/2025,95834438,3/3/2025,Free,Active,Sunday,True,6,11,7,2,0,1,0
3/9/2025,95928771,3/5/2025,Paid,Active,Sunday,True,4,2,4,1,1,0,0
3/9/2025,96659622,3/3/2025,Free,Active,Sunday,True,6,4,2,0,1,1,0
3/9/2025,97515553,3/3/2025,Free,Active,Sunday,True,6,10,1,5,1,0,0
3/9/2025,97815403,3/7/2025,Free,Active,Sunday,True,2,18,1,0,0,0,0
3/9/2025,98060216,3/5/2025,Free,Active,Sunday,True,4,8,2,0,0,0,0
3/9/2025,98245773,3/3/2025,Free,Active,Sunday,True,6,6,3,0,0,0,0
3/9/2025,99756298,3/4/2025,Free,Active,Sunday,True,5,25,3,2,1,0,0
3/10/2025,10213838,3/4/2025,Free,Active,Monday,False,6,5,6,1,0,1,0
3/10/2025,10453161,3/5/2025,Free,Active,Monday,False,5,8,4,0,0,0,0
3/10/2025,10517792,3/6/2025,Free,Active,Monday,False,4,11,10,1,1,0,0
3/10/2025,10732956,3/6/2025,Free,Active,Monday,False,4,2,2,4,0,0,1
3/10/2025,11207503,3/3/2025,Paid,Active,Monday,False,7,34,5,3,1,0,0
3/10/2025,11495794,3/6/2025,Paid,Active,Monday,False,4,17,3,1,1,0,0
3/10/2025,11818207,3/6/2025,Free,Active,Monday,False,4,4,6,2,0,0,0
3/10/2025,11932799,3/7/2025,Free,Active,Monday,False,3,4,2,1,2,0,0
3/10/2025,12218224,3/6/2025,Free,Active,Monday,False,4,5,0,3,2,1,0
3/10/2025,12839768,3/7/2025,Free,Active,Monday,False,3,13,6,5,1,0,0
3/10/2025,13219650,3/6/2025,Free,Active,Monday,False,4,5,2,1,0,0,0
3/10/2025,13638476,3/4/2025,Free,Active,Monday,False,6,10,3,4,0,0,1
3/10/2025,14003926,3/3/2025,Free,Active,Monday,False,7,10,10,2,0,0,0
3/10/2025,15450669,3/6/2025,Free,Active,Monday,False,4,5,10,1,0,0,0
3/10/2025,15647148,3/6/2025,Free,Active,Monday,False,4,31,3,0,1,0,0
3/10/2025,16005607,3/5/2025,Paid,Active,Monday,False,5,16,2,1,4,0,0
3/10/2025,16402515,3/7/2025,Free,Active,Monday,False,3,2,3,2,0,0,1
3/10/2025,16675590,3/7/2025,Free,Active,Monday,False,3,11,3,0,0,1,0
3/10/2025,17008029,3/6/2025,Free,Active,Monday,False,4,10,1,0,1,0,0
3/10/2025,17228968,3/6/2025,Paid,Active,Monday,False,4,7,7,2,0,0,0
3/10/2025,17463270,3/3/2025,Free,Active,Monday,False,7,49,3,1,2,0,1
3/10/2025,17983248,3/4/2025,Paid,Active,Monday,False,6,4,4,2,0,0,0
3/10/2025,18139249,3/3/2025,Free,Active,Monday,False,7,3,7,0,0,0,0
3/10/2025,18940612,3/7/2025,Free,Active,Monday,False,3,15,4,3,0,0,0
3/10/2025,19034164,3/5/2025,Free,Active,Monday,False,5,21,4,1,2,0,0
3/10/2025,19577042,3/6/2025,Free,Active,Monday,False,4,7,10,0,0,0,0
3/10/2025,20473587,3/5/2025,Free,Active,Monday,False,5,17,3,1,1,1,0
3/10/2025,21245339,3/7/2025,Free,Active,Monday,False,3,17,1,1,0,0,0
3/10/2025,21502927,3/6/2025,Free,Active,Monday,False,4,6,9,1,0,1,0
3/10/2025,22067873,3/3/2025,Free,Active,Monday,False,7,4,6,1,0,3,0
3/10/2025,22264388,3/6/2025,Paid,Active,Monday,False,4,2,2,2,1,0,0
3/10/2025,23272498,3/5/2025,Free,Active,Monday,False,5,11,6,1,0,0,1
3/10/2025,23358649,3/5/2025,Free,Active,Monday,False,5,4,4,4,1,0,0
3/10/2025,23940170,3/6/2025,Free,Active,Monday,False,4,8,5,1,0,0,0
3/10/2025,25761792,3/6/2025,Free,Active,Monday,False,4,11,7,1,1,0,0
3/10/2025,25983272,3/4/2025,Free,Active,Monday,False,6,6,1,3,0,0,0
3/10/2025,26103384,3/4/2025,Free,Active,Monday,False,6,4,5,5,0,0,0
3/10/2025,27469715,3/4/2025,Free,Active,Monday,False,6,15,1,1,0,0,0
3/10/2025,27852032,3/4/2025,Free,Active,Monday,False,6,10,7,2,0,0,0
3/10/2025,28500176,3/7/2025,Free,Active,Monday,False,3,1,0,3,1,0,0
3/10/2025,28569480,3/5/2025,Free,Active,Monday,False,5,12,2,5,0,1,0
3/10/2025,28947491,3/3/2025,Free,Active,Monday,False,7,17,10,1,0,0,0
3/10/2025,29402937,3/3/2025,Free,Active,Monday,False,7,24,3,2,1,0,0
3/10/2025,30377112,3/3/2025,Free,Active,Monday,False,7,6,3,5,0,0,0
3/10/2025,30427864,3/3/2025,Paid,Active,Monday,False,7,5,11,1,1,0,0
3/10/2025,30932855,3/3/2025,Free,Active,Monday,False,7,8,8,1,0,2,0
3/10/2025,31297307,3/4/2025,Paid,Active,Monday,False,6,3,5,1,0,0,1
3/10/2025,33910622,3/3/2025,Paid,Active,Monday,False,7,7,5,9,0,1,0
3/10/2025,34138344,3/3/2025,Paid,Active,Monday,False,7,8,3,3,1,0,0
3/10/2025,34782115,3/4/2025,Free,Active,Monday,False,6,4,4,1,1,0,0
3/10/2025,34889504,3/5/2025,Free,Active,Monday,False,5,13,7,2,0,0,0
3/10/2025,36017834,3/7/2025,Paid,Active,Monday,False,3,47,2,0,1,0,0
3/10/2025,36222279,3/5/2025,Free,Active,Monday,False,5,6,0,3,1,1,0
3/10/2025,36329183,3/4/2025,Paid,Active,Monday,False,6,8,8,1,2,0,0
3/10/2025,36946691,3/6/2025,Paid,Active,Monday,False,4,5,2,1,0,0,0
3/10/2025,39062302,3/3/2025,Paid,Active,Monday,False,7,6,1,3,1,0,0
3/10/2025,39114147,3/7/2025,Free,Active,Monday,False,3,15,9,1,3,1,0
3/10/2025,39554899,3/4/2025,Free,Active,Monday,False,6,3,1,2,1,0,0
3/10/2025,40027203,3/3/2025,Free,Active,Monday,False,7,2,3,0,0,0,0
3/10/2025,40070917,3/4/2025,Paid,Active,Monday,False,6,7,2,2,2,0,0
3/10/2025,40836783,3/5/2025,Free,Active,Monday,False,5,8,8,0,3,2,0
3/10/2025,42233475,3/5/2025,Free,Active,Monday,False,5,2,9,1,0,1,0
3/10/2025,43009397,3/7/2025,Paid,Active,Monday,False,3,31,2,2,1,0,0
3/10/2025,43056250,3/7/2025,Free,Active,Monday,False,3,4,3,4,2,0,0
3/10/2025,43564818,3/4/2025,Free,Active,Monday,False,6,7,1,4,0,0,1
3/10/2025,44382081,3/5/2025,Free,Active,Monday,False,5,9,2,0,0,0,0
3/10/2025,44441861,3/6/2025,Free,Active,Monday,False,4,4,0,5,3,2,0
3/10/2025,45324189,3/4/2025,Free,Active,Monday,False,6,22,2,0,1,0,0
3/10/2025,47269107,3/5/2025,Free,Active,Monday,False,5,6,6,1,1,0,0
3/10/2025,47729983,3/7/2025,Free,Active,Monday,False,3,5,3,0,1,0,0
3/10/2025,48213441,3/5/2025,Free,Active,Monday,False,5,6,0,1,0,0,0
3/10/2025,48924961,3/6/2025,Free,Active,Monday,False,4,17,3,1,0,0,0
3/10/2025,49088774,3/5/2025,Free,Active,Monday,False,5,2,2,1,0,0,0
3/10/2025,50309563,3/5/2025,Paid,Active,Monday,False,5,5,1,0,0,0,0
3/10/2025,51154578,3/6/2025,Paid,Active,Monday,False,4,14,6,2,0,0,0
3/10/2025,51307236,3/6/2025,Paid,Active,Monday,False,4,7,14,1,0,2,0
3/10/2025,51499006,3/7/2025,Free,Active,Monday,False,3,8,10,2,1,0,0
3/10/2025,52355265,3/4/2025,Free,Active,Monday,False,6,11,2,0,2,0,0
3/10/2025,52503232,3/7/2025,Free,Active,Monday,False,3,5,10,1,0,0,0
3/10/2025,52702390,3/4/2025,Free,Active,Monday,False,6,9,10,3,0,0,0
3/10/2025,52823633,3/3/2025,Free,Active,Monday,False,7,15,3,1,0,0,0
3/10/2025,53226858,3/4/2025,Free,Active,Monday,False,6,8,3,5,0,1,0
3/10/2025,54276839,3/6/2025,Paid,Active,Monday,False,4,37,7,2,3,0,0
3/10/2025,54604771,3/5/2025,Paid,Active,Monday,False,5,7,10,1,0,1,0
3/10/2025,55617207,3/6/2025,Free,Active,Monday,False,4,9,10,2,1,0,0
3/10/2025,55796778,3/7/2025,Free,Active,Monday,False,3,24,4,1,1,0,0
3/10/2025,56195615,3/7/2025,Free,Active,Monday,False,3,17,5,3,1,1,2
3/10/2025,57595168,3/3/2025,Free,Active,Monday,False,7,60,5,2,3,0,0
3/10/2025,57850647,3/3/2025,Paid,Active,Monday,False,7,8,4,0,1,0,0
3/10/2025,58730145,3/5/2025,Paid,Active,Monday,False,5,14,5,2,0,0,0
3/10/2025,58890543,3/6/2025,Free,Active,Monday,False,4,14,6,3,0,0,0
3/10/2025,59132781,3/7/2025,Paid,Active,Monday,False,3,5,8,2,0,0,0
3/10/2025,60415773,3/6/2025,Free,Active,Monday,False,4,9,6,0,0,4,0
3/10/2025,60977230,3/4/2025,Free,Active,Monday,False,6,16,9,2,1,1,1
3/10/2025,61356578,3/3/2025,Free,Active,Monday,False,7,8,8,2,1,2,0
3/10/2025,61786206,3/3/2025,Free,Active,Monday,False,7,6,4,2,2,0,0
3/10/2025,63493466,3/6/2025,Free,Active,Monday,False,4,5,1,3,0,0,1
3/10/2025,64826108,3/4/2025,Paid,Active,Monday,False,6,43,2,1,2,0,0
3/10/2025,65636763,3/5/2025,Paid,Active,Monday,False,5,10,5,1,0,0,0
3/10/2025,66085019,3/5/2025,Free,Active,Monday,False,5,15,10,1,1,0,0
3/10/2025,67805363,3/7/2025,Free,Active,Monday,False,3,6,1,4,0,0,0
3/10/2025,68233734,3/3/2025,Free,Active,Monday,False,7,8,6,4,0,0,0
3/10/2025,68307106,3/7/2025,Free,Active,Monday,False,3,11,10,1,0,0,0
3/10/2025,68805871,3/6/2025,Free,Active,Monday,False,4,7,4,1,0,0,0
3/10/2025,68955030,3/6/2025,Free,Active,Monday,False,4,2,0,2,0,1,0
3/10/2025,69497858,3/4/2025,Free,Active,Monday,False,6,1,5,0,1,0,0
3/10/2025,70268283,3/4/2025,Free,Active,Monday,False,6,4,10,2,0,0,0
3/10/2025,70564858,3/3/2025,Free,Active,Monday,False,7,10,0,1,1,0,0
3/10/2025,71124136,3/3/2025,Free,Active,Monday,False,7,20,3,1,1,0,0
3/10/2025,71358668,3/4/2025,Free,Active,Monday,False,6,21,1,1,2,0,0
3/10/2025,72050326,3/4/2025,Free,Active,Monday,False,6,9,4,2,1,0,0
3/10/2025,73128237,3/7/2025,Free,Active,Monday,False,3,4,6,3,0,0,0
3/10/2025,73530116,3/3/2025,Paid,Active,Monday,False,7,11,2,1,0,0,0
3/10/2025,73567762,3/6/2025,Free,Active,Monday,False,4,5,1,3,0,0,0
3/10/2025,73594845,3/4/2025,Free,Active,Monday,False,6,6,1,1,0,0,0
3/10/2025,73963079,3/4/2025,Paid,Active,Monday,False,6,31,2,1,1,0,0
3/10/2025,74062340,3/5/2025,Free,Active,Monday,False,5,1,1,0,1,0,1
3/10/2025,74092029,3/6/2025,Paid,Active,Monday,False,4,5,1,1,0,0,1
3/10/2025,74484152,3/4/2025,Paid,Active,Monday,False,6,8,13,2,0,0,0
3/10/2025,74598602,3/6/2025,Free,Active,Monday,False,4,46,5,2,1,0,0
3/10/2025,74774119,3/7/2025,Free,Active,Monday,False,3,18,1,0,0,1,0
3/10/2025,76023894,3/4/2025,Free,Active,Monday,False,6,6,5,1,0,0,0
3/10/2025,76155515,3/6/2025,Free,Active,Monday,False,4,9,3,5,0,0,0
3/10/2025,76306583,3/6/2025,Free,Active,Monday,False,4,9,9,2,1,1,0
3/10/2025,76587233,3/4/2025,Paid,Active,Monday,False,6,26,1,2,1,1,0
3/10/2025,76671851,3/6/2025,Free,Active,Monday,False,4,4,3,2,0,0,1
3/10/2025,77337890,3/3/2025,Free,Active,Monday,False,7,4,4,1,1,0,0
3/10/2025,77362777,3/6/2025,Free,Active,Monday,False,4,6,10,2,0,0,0
3/10/2025,77452854,3/7/2025,Paid,Active,Monday,False,3,7,6,1,0,0,0
3/10/2025,77687782,3/3/2025,Free,Active,Monday,False,7,11,2,2,2,0,0
3/10/2025,77836185,3/3/2025,Free,Active,Monday,False,7,2,1,2,0,0,1
3/10/2025,78101713,3/3/2025,Free,Active,Monday,False,7,12,5,3,0,0,0
3/10/2025,78514449,3/7/2025,Free,Active,Monday,False,3,42,3,3,3,0,0
3/10/2025,78524558,3/4/2025,Free,Active,Monday,False,6,12,3,0,1,0,0
3/10/2025,79391007,3/5/2025,Free,Active,Monday,False,5,4,10,0,2,0,0
3/10/2025,79819778,3/7/2025,Free,Active,Monday,False,3,6,2,4,0,0,0
3/10/2025,80182409,3/7/2025,Free,Active,Monday,False,3,6,5,1,1,0,0
3/10/2025,80640969,3/5/2025,Free,Active,Monday,False,5,10,8,1,0,1,0
3/10/2025,81062415,3/7/2025,Free,Active,Monday,False,3,5,0,2,0,1,0
3/10/2025,81339689,3/7/2025,Free,Active,Monday,False,3,41,4,2,3,1,0
3/10/2025,81895947,3/5/2025,Free,Active,Monday,False,5,8,3,4,0,0,0
3/10/2025,82032780,3/7/2025,Free,Active,Monday,False,3,40,2,1,3,0,0
3/10/2025,82358858,3/5/2025,Free,Active,Monday,False,5,4,4,5,0,0,0
3/10/2025,84047697,3/5/2025,Free,Active,Monday,False,5,7,6,5,0,1,0
3/10/2025,85287879,3/5/2025,Free,Active,Monday,False,5,2,3,0,1,0,0
3/10/2025,85697187,3/3/2025,Free,Active,Monday,False,7,8,2,5,1,0,0
3/10/2025,86762579,3/5/2025,Paid,Active,Monday,False,5,6,2,5,0,0,1
3/10/2025,89281326,3/3/2025,Free,Active,Monday,False,7,11,10,1,0,0,0
3/10/2025,89285908,3/4/2025,Free,Active,Monday,False,6,9,9,2,2,1,0
3/10/2025,89669730,3/7/2025,Paid,Active,Monday,False,3,19,2,1,1,0,0
3/10/2025,90053100,3/3/2025,Free,Active,Monday,False,7,8,4,0,1,0,0
3/10/2025,91716253,3/7/2025,Free,Active,Monday,False,3,6,5,1,0,0,0
3/10/2025,92207376,3/7/2025,Paid,Active,Monday,False,3,8,10,1,0,0,0
3/10/2025,92575198,3/4/2025,Free,Active,Monday,False,6,11,3,5,1,0,0
3/10/2025,93805705,3/4/2025,Free,Active,Monday,False,6,1,1,2,0,0,0
3/10/2025,94061818,3/7/2025,Free,Active,Monday,False,3,17,2,0,0,0,0
3/10/2025,94491215,3/7/2025,Free,Active,Monday,False,3,13,9,3,1,1,0
3/10/2025,94798897,3/6/2025,Free,Active,Monday,False,4,16,4,4,2,1,1
3/10/2025,95432541,3/4/2025,Free,Active,Monday,False,6,3,7,1,0,0,0
3/10/2025,95834438,3/3/2025,Free,Active,Monday,False,7,7,4,1,0,0,0
3/10/2025,95928771,3/5/2025,Paid,Active,Monday,False,5,9,5,0,0,2,1
3/10/2025,96659622,3/3/2025,Free,Active,Monday,False,7,5,6,0,0,0,1
3/10/2025,97412822,3/7/2025,Free,Active,Monday,False,3,5,4,5,2,0,0
3/10/2025,98060216,3/5/2025,Free,Active,Monday,False,5,10,1,1,0,0,0
3/10/2025,99756298,3/4/2025,Free,Active,Monday,False,6,75,1,1,3,0,0
3/11/2025,10439750,3/6/2025,Paid,Active,Tuesday,False,5,21,3,1,0,0,0
3/11/2025,10453161,3/5/2025,Free,Active,Tuesday,False,6,20,1,1,2,0,0
3/11/2025,10517792,3/6/2025,Free,Active,Tuesday,False,5,11,4,1,0,1,0
3/11/2025,11207503,3/3/2025,Paid,Active,Tuesday,False,8,19,7,3,2,0,0
3/11/2025,11495794,3/6/2025,Paid,Active,Tuesday,False,5,40,2,1,4,0,1
3/11/2025,11818207,3/6/2025,Free,Active,Tuesday,False,5,5,4,1,0,0,0
3/11/2025,11932799,3/7/2025,Free,Active,Tuesday,False,4,35,1,0,1,0,0
3/11/2025,12218224,3/6/2025,Free,Active,Tuesday,False,5,5,2,2,0,0,0
3/11/2025,12839768,3/7/2025,Free,Active,Tuesday,False,4,10,7,5,2,0,0
3/11/2025,13219650,3/6/2025,Free,Active,Tuesday,False,5,4,2,2,0,0,0
3/11/2025,13638476,3/4/2025,Free,Active,Tuesday,False,7,9,3,4,1,1,0
3/11/2025,14003926,3/3/2025,Free,Active,Tuesday,False,8,10,10,3,0,0,0
3/11/2025,14453470,3/3/2025,Free,Active,Tuesday,False,8,9,5,0,1,0,0
3/11/2025,14495366,3/5/2025,Free,Active,Tuesday,False,6,10,8,1,0,1,0
3/11/2025,14778650,3/6/2025,Paid,Active,Tuesday,False,5,10,1,0,1,0,0
3/11/2025,14851543,3/7/2025,Free,Active,Tuesday,False,4,8,1,4,1,1,1
3/11/2025,15647148,3/6/2025,Free,Active,Tuesday,False,5,13,3,0,3,0,0
3/11/2025,16005607,3/5/2025,Paid,Active,Tuesday,False,6,14,3,2,0,0,0
3/11/2025,16323501,3/5/2025,Free,Active,Tuesday,False,6,3,10,1,0,0,0
3/11/2025,16402515,3/7/2025,Free,Active,Tuesday,False,4,7,2,2,0,0,0
3/11/2025,16675590,3/7/2025,Free,Active,Tuesday,False,4,5,6,0,0,0,1
3/11/2025,17008029,3/6/2025,Free,Active,Tuesday,False,5,19,2,0,0,0,0
3/11/2025,17228968,3/6/2025,Paid,Active,Tuesday,False,5,8,3,2,0,0,0
3/11/2025,17983248,3/4/2025,Paid,Active,Tuesday,False,7,5,5,1,0,1,0
3/11/2025,18139249,3/3/2025,Free,Active,Tuesday,False,8,3,5,0,0,0,0
3/11/2025,18452244,3/7/2025,Free,Active,Tuesday,False,4,11,1,2,0,0,0
3/11/2025,18580473,3/5/2025,Free,Active,Tuesday,False,6,16,3,1,0,2,0
3/11/2025,18873581,3/4/2025,Paid,Active,Tuesday,False,7,7,5,1,0,0,0
3/11/2025,18940612,3/7/2025,Free,Active,Tuesday,False,4,21,5,2,1,0,0
3/11/2025,19034164,3/5/2025,Free,Active,Tuesday,False,6,12,4,1,0,0,0
3/11/2025,19577042,3/6/2025,Free,Active,Tuesday,False,5,13,8,3,1,1,0
3/11/2025,20473587,3/5/2025,Free,Active,Tuesday,False,6,27,1,0,3,0,0
3/11/2025,21245339,3/7/2025,Free,Active,Tuesday,False,4,16,3,1,0,0,0
3/11/2025,21502927,3/6/2025,Free,Active,Tuesday,False,5,12,10,0,0,0,0
3/11/2025,22067873,3/3/2025,Free,Active,Tuesday,False,8,3,4,2,0,0,0
3/11/2025,22264388,3/6/2025,Paid,Active,Tuesday,False,5,9,3,3,0,0,0
3/11/2025,23358649,3/5/2025,Free,Active,Tuesday,False,6,12,1,2,0,0,0
3/11/2025,23940170,3/6/2025,Free,Active,Tuesday,False,5,5,6,1,0,1,1
3/11/2025,25761792,3/6/2025,Free,Active,Tuesday,False,5,9,10,2,1,0,0
3/11/2025,26103384,3/4/2025,Free,Active,Tuesday,False,7,13,4,5,0,1,0
3/11/2025,27852032,3/4/2025,Free,Active,Tuesday,False,7,11,5,3,2,1,0
3/11/2025,28032367,3/4/2025,Free,Active,Tuesday,False,7,4,9,0,0,1,0
3/11/2025,28168630,3/5/2025,Free,Active,Tuesday,False,6,17,5,1,0,0,0
3/11/2025,28947491,3/3/2025,Free,Active,Tuesday,False,8,3,4,1,1,2,1
3/11/2025,29402937,3/3/2025,Free,Active,Tuesday,False,8,22,4,1,0,0,0
3/11/2025,29659181,3/6/2025,Free,Active,Tuesday,False,5,17,1,0,0,0,0
3/11/2025,30377112,3/3/2025,Free,Active,Tuesday,False,8,9,3,2,1,0,0
3/11/2025,30556865,3/4/2025,Free,Active,Tuesday,False,7,16,7,1,2,2,0
3/11/2025,30932855,3/3/2025,Free,Active,Tuesday,False,8,12,10,1,0,0,0
3/11/2025,33834899,3/5/2025,Paid,Active,Tuesday,False,6,6,5,0,1,1,1
3/11/2025,33910622,3/3/2025,Paid,Active,Tuesday,False,8,15,5,2,2,0,0
3/11/2025,34330277,3/7/2025,Free,Active,Tuesday,False,4,9,4,4,0,0,1
3/11/2025,34782115,3/4/2025,Free,Active,Tuesday,False,7,10,8,0,0,0,0
3/11/2025,34889504,3/5/2025,Free,Active,Tuesday,False,6,15,10,2,1,0,0
3/11/2025,36017834,3/7/2025,Paid,Active,Tuesday,False,4,29,2,1,2,0,0
3/11/2025,36329183,3/4/2025,Paid,Active,Tuesday,False,7,11,13,1,0,0,0
3/11/2025,36946691,3/6/2025,Paid,Active,Tuesday,False,5,2,2,4,1,0,0
3/11/2025,37577338,3/3/2025,Free,Active,Tuesday,False,8,60,4,1,6,0,0
3/11/2025,38413248,3/7/2025,Free,Active,Tuesday,False,4,3,8,1,1,0,0
3/11/2025,39062302,3/3/2025,Paid,Active,Tuesday,False,8,5,2,1,0,0,1
3/11/2025,39114147,3/7/2025,Free,Active,Tuesday,False,4,14,10,2,0,0,1
3/11/2025,39554899,3/4/2025,Free,Active,Tuesday,False,7,7,2,3,0,0,0
3/11/2025,40071067,3/7/2025,Free,Active,Tuesday,False,4,6,7,1,0,0,0
3/11/2025,40836783,3/5/2025,Free,Active,Tuesday,False,6,6,10,2,1,0,0
3/11/2025,42233475,3/5/2025,Free,Active,Tuesday,False,6,10,8,2,0,0,0
3/11/2025,43009397,3/7/2025,Paid,Active,Tuesday,False,4,31,4,2,1,0,0
3/11/2025,43056250,3/7/2025,Free,Active,Tuesday,False,4,5,3,1,1,1,0
3/11/2025,43763913,3/7/2025,Free,Active,Tuesday,False,4,4,8,0,1,0,0
3/11/2025,44382081,3/5/2025,Free,Active,Tuesday,False,6,16,2,1,1,0,0
3/11/2025,44441861,3/6/2025,Free,Active,Tuesday,False,5,4,2,1,0,0,2
3/11/2025,44549411,3/3/2025,Paid,Active,Tuesday,False,8,13,18,1,2,0,0
3/11/2025,45201482,3/6/2025,Free,Active,Tuesday,False,5,5,3,0,0,0,0
3/11/2025,45324189,3/4/2025,Free,Active,Tuesday,False,7,27,3,1,1,0,0
3/11/2025,46768760,3/3/2025,Free,Active,Tuesday,False,8,8,3,4,1,0,1
3/11/2025,47269107,3/5/2025,Free,Active,Tuesday,False,6,11,7,0,0,1,0
3/11/2025,47729983,3/7/2025,Free,Active,Tuesday,False,4,5,6,0,1,0,0
3/11/2025,48501532,3/5/2025,Free,Active,Tuesday,False,6,49,4,0,2,0,1
3/11/2025,48924961,3/6/2025,Free,Active,Tuesday,False,5,25,4,1,2,0,0
3/11/2025,49088774,3/5/2025,Free,Active,Tuesday,False,6,2,1,1,0,0,0
3/11/2025,50309563,3/5/2025,Paid,Active,Tuesday,False,6,7,2,0,0,1,0
3/11/2025,50549387,3/6/2025,Free,Active,Tuesday,False,5,10,1,2,0,0,0
3/11/2025,51154578,3/6/2025,Paid,Active,Tuesday,False,5,4,15,2,1,0,0
3/11/2025,51499006,3/7/2025,Free,Active,Tuesday,False,4,4,10,2,0,0,0
3/11/2025,51531887,3/5/2025,Paid,Active,Tuesday,False,6,48,4,2,1,0,0
3/11/2025,51936265,3/3/2025,Free,Active,Tuesday,False,8,2,2,2,0,0,1
3/11/2025,52355265,3/4/2025,Free,Active,Tuesday,False,7,7,1,0,0,0,0
3/11/2025,52503232,3/7/2025,Free,Active,Tuesday,False,4,7,7,1,0,0,0
3/11/2025,52702390,3/4/2025,Free,Active,Tuesday,False,7,6,10,1,0,0,0
3/11/2025,52823633,3/3/2025,Free,Active,Tuesday,False,8,16,6,3,2,0,0
3/11/2025,53226858,3/4/2025,Free,Active,Tuesday,False,7,7,2,3,0,0,0
3/11/2025,54276839,3/6/2025,Paid,Active,Tuesday,False,5,43,2,1,3,0,0
3/11/2025,54677898,3/5/2025,Free,Active,Tuesday,False,6,5,3,2,2,0,0
3/11/2025,55796778,3/7/2025,Free,Active,Tuesday,False,4,29,4,1,1,0,0
3/11/2025,56195615,3/7/2025,Free,Active,Tuesday,False,4,18,2,5,0,0,0
3/11/2025,57595168,3/3/2025,Free,Active,Tuesday,False,8,29,5,1,3,0,0
3/11/2025,58890543,3/6/2025,Free,Active,Tuesday,False,5,6,10,3,0,0,0
3/11/2025,59320316,3/4/2025,Free,Active,Tuesday,False,7,18,9,0,0,1,0
3/11/2025,59783512,3/5/2025,Paid,Active,Tuesday,False,6,44,4,1,3,0,0
3/11/2025,60415773,3/6/2025,Free,Active,Tuesday,False,5,7,10,1,1,0,0
3/11/2025,60977230,3/4/2025,Free,Active,Tuesday,False,7,4,9,1,0,1,0
3/11/2025,61261840,3/7/2025,Free,Active,Tuesday,False,4,5,2,1,0,0,0
3/11/2025,61356578,3/3/2025,Free,Active,Tuesday,False,8,9,10,1,0,0,0
3/11/2025,62820168,3/7/2025,Free,Active,Tuesday,False,4,5,4,5,0,0,0
3/11/2025,63493466,3/6/2025,Free,Active,Tuesday,False,5,10,2,1,1,0,0
3/11/2025,63534569,3/7/2025,Paid,Active,Tuesday,False,4,12,9,1,0,0,0
3/11/2025,63585558,3/6/2025,Free,Active,Tuesday,False,5,10,10,1,1,0,0
3/11/2025,63823859,3/4/2025,Free,Active,Tuesday,False,7,10,2,2,2,0,0
3/11/2025,64826108,3/4/2025,Paid,Active,Tuesday,False,7,44,6,2,0,0,0
3/11/2025,64875604,3/6/2025,Free,Active,Tuesday,False,5,8,5,1,0,0,0
3/11/2025,65164953,3/4/2025,Free,Active,Tuesday,False,7,5,3,2,0,1,0
3/11/2025,65636763,3/5/2025,Paid,Active,Tuesday,False,6,3,6,2,0,0,0
3/11/2025,66077920,3/3/2025,Paid,Active,Tuesday,False,8,4,2,2,0,0,0
3/11/2025,67805363,3/7/2025,Free,Active,Tuesday,False,4,3,3,3,0,0,1
3/11/2025,67901718,3/7/2025,Free,Active,Tuesday,False,4,11,8,1,1,0,0
3/11/2025,68233734,3/3/2025,Free,Active,Tuesday,False,8,17,6,0,1,0,2
3/11/2025,68307106,3/7/2025,Free,Active,Tuesday,False,4,8,3,2,2,0,0
3/11/2025,68378705,3/6/2025,Free,Active,Tuesday,False,5,4,6,0,0,0,0
3/11/2025,68955030,3/6/2025,Free,Active,Tuesday,False,5,7,1,2,0,0,0
3/11/2025,69692747,3/4/2025,Free,Active,Tuesday,False,7,21,1,1,4,0,0
3/11/2025,70440339,3/7/2025,Paid,Active,Tuesday,False,4,4,3,1,0,0,0
3/11/2025,70564858,3/3/2025,Free,Active,Tuesday,False,8,11,2,0,0,0,0
3/11/2025,71124136,3/3/2025,Free,Active,Tuesday,False,8,52,3,2,5,0,0
3/11/2025,71358668,3/4/2025,Free,Active,Tuesday,False,7,17,3,1,2,0,0
3/11/2025,71790553,3/4/2025,Paid,Active,Tuesday,False,7,9,2,0,1,0,0
3/11/2025,73128237,3/7/2025,Free,Active,Tuesday,False,4,7,0,4,0,2,1
3/11/2025,73567762,3/6/2025,Free,Active,Tuesday,False,5,1,2,5,2,0,0
3/11/2025,73594845,3/4/2025,Free,Active,Tuesday,False,7,13,1,1,0,1,0
3/11/2025,73963079,3/4/2025,Paid,Active,Tuesday,False,7,19,2,0,0,0,0
3/11/2025,74062340,3/5/2025,Free,Active,Tuesday,False,6,5,1,3,0,0,0
3/11/2025,74092029,3/6/2025,Paid,Active,Tuesday,False,5,12,6,2,0,1,1
3/11/2025,74598602,3/6/2025,Free,Active,Tuesday,False,5,40,4,2,2,0,1
3/11/2025,76155515,3/6/2025,Free,Active,Tuesday,False,5,2,2,1,1,0,0
3/11/2025,76306583,3/6/2025,Free,Active,Tuesday,False,5,16,10,0,0,0,1
3/11/2025,76587233,3/4/2025,Paid,Active,Tuesday,False,7,25,4,1,2,0,0
3/11/2025,76671851,3/6/2025,Free,Active,Tuesday,False,5,6,1,2,0,0,0
3/11/2025,77362777,3/6/2025,Free,Active,Tuesday,False,5,5,6,0,0,0,0
3/11/2025,77452854,3/7/2025,Paid,Active,Tuesday,False,4,5,5,0,1,0,0
3/11/2025,77687782,3/3/2025,Free,Active,Tuesday,False,8,37,4,1,4,0,0
3/11/2025,78432211,3/4/2025,Paid,Active,Tuesday,False,7,24,4,2,0,0,0
3/11/2025,79391007,3/5/2025,Free,Active,Tuesday,False,6,4,8,1,0,0,0
3/11/2025,79819778,3/7/2025,Free,Active,Tuesday,False,4,9,2,3,0,1,0
3/11/2025,79854644,3/5/2025,Free,Active,Tuesday,False,6,14,10,2,0,0,0
3/11/2025,80182409,3/7/2025,Free,Active,Tuesday,False,4,3,9,0,1,1,0
3/11/2025,80322173,3/5/2025,Free,Active,Tuesday,False,6,5,4,5,0,0,0
3/11/2025,80640969,3/5/2025,Free,Active,Tuesday,False,6,9,9,1,0,0,0
3/11/2025,81339689,3/7/2025,Free,Active,Tuesday,False,4,8,2,1,3,0,0
3/11/2025,82032780,3/7/2025,Free,Active,Tuesday,False,4,48,6,2,1,0,0
3/11/2025,83753999,3/6/2025,Free,Active,Tuesday,False,5,2,6,1,0,0,0
3/11/2025,84047697,3/5/2025,Free,Active,Tuesday,False,6,9,3,5,0,1,0
3/11/2025,86762579,3/5/2025,Paid,Active,Tuesday,False,6,5,3,2,0,0,1
3/11/2025,89281326,3/3/2025,Free,Active,Tuesday,False,8,12,10,1,0,0,0
3/11/2025,89285908,3/4/2025,Free,Active,Tuesday,False,7,6,3,1,0,0,0
3/11/2025,89505560,3/5/2025,Free,Active,Tuesday,False,6,8,4,1,1,0,0
3/11/2025,90053100,3/3/2025,Free,Active,Tuesday,False,8,6,3,2,0,0,0
3/11/2025,90384679,3/6/2025,Free,Active,Tuesday,False,5,13,10,2,1,0,1
3/11/2025,90589301,3/5/2025,Free,Active,Tuesday,False,6,25,4,1,0,0,0
3/11/2025,91286478,3/7/2025,Free,Active,Tuesday,False,4,13,1,0,1,0,0
3/11/2025,91716253,3/7/2025,Free,Active,Tuesday,False,4,8,10,1,1,0,0
3/11/2025,92207376,3/7/2025,Paid,Active,Tuesday,False,4,6,10,2,1,0,0
3/11/2025,93805705,3/4/2025,Free,Active,Tuesday,False,7,5,2,2,0,0,0
3/11/2025,94491215,3/7/2025,Free,Active,Tuesday,False,4,11,10,1,1,0,0
3/11/2025,94796124,3/5/2025,Free,Active,Tuesday,False,6,2,10,0,0,0,0
3/11/2025,94798897,3/6/2025,Free,Active,Tuesday,False,5,12,2,5,0,1,0
3/11/2025,95834438,3/3/2025,Free,Active,Tuesday,False,8,5,10,2,0,0,0
3/11/2025,96659622,3/3/2025,Free,Active,Tuesday,False,8,10,10,0,1,0,0
3/11/2025,98245773,3/3/2025,Free,Active,Tuesday,False,8,3,6,0,1,1,0
3/11/2025,99756298,3/4/2025,Free,Active,Tuesday,False,7,20,1,1,2,1,0
3/12/2025,10213838,3/4/2025,Free,Active,Wednesday,False,8,5,4,0,1,0,0
3/12/2025,10439750,3/6/2025,Paid,Active,Wednesday,False,6,28,3,2,2,0,0
3/12/2025,10453161,3/5/2025,Free,Active,Wednesday,False,7,28,2,2,0,1,0
3/12/2025,10517792,3/6/2025,Free,Active,Wednesday,False,6,10,9,0,1,1,0
3/12/2025,10522638,3/7/2025,Free,Active,Wednesday,False,5,21,2,1,0,0,0
3/12/2025,10732956,3/6/2025,Free,Active,Wednesday,False,6,5,2,1,0,0,1
3/12/2025,11207503,3/3/2025,Paid,Active,Wednesday,False,9,35,4,2,2,0,0
3/12/2025,11495794,3/6/2025,Paid,Active,Wednesday,False,6,27,2,1,2,0,1
3/12/2025,11818207,3/6/2025,Free,Active,Wednesday,False,6,9,9,0,1,1,0
3/12/2025,11932799,3/7/2025,Free,Active,Wednesday,False,5,18,2,1,1,0,0
3/12/2025,12218224,3/6/2025,Free,Active,Wednesday,False,6,4,0,1,0,1,0
3/12/2025,13249820,3/6/2025,Free,Active,Wednesday,False,6,2,1,1,0,0,0
3/12/2025,13638476,3/4/2025,Free,Active,Wednesday,False,8,7,2,4,1,0,0
3/12/2025,14003926,3/3/2025,Free,Active,Wednesday,False,9,7,9,2,1,0,0
3/12/2025,14017653,3/3/2025,Free,Active,Wednesday,False,9,3,0,2,0,1,0
3/12/2025,14209843,3/4/2025,Free,Active,Wednesday,False,8,8,3,4,0,0,1
3/12/2025,14495366,3/5/2025,Free,Active,Wednesday,False,7,5,4,1,0,1,0
3/12/2025,14528458,3/5/2025,Free,Active,Wednesday,False,7,28,3,2,2,1,0
3/12/2025,14851543,3/7/2025,Free,Active,Wednesday,False,5,6,4,5,0,0,0
3/12/2025,15450669,3/6/2025,Free,Active,Wednesday,False,6,5,3,0,0,1,0
3/12/2025,15647148,3/6/2025,Free,Active,Wednesday,False,6,20,1,1,1,0,0
3/12/2025,16005607,3/5/2025,Paid,Active,Wednesday,False,7,27,4,0,1,1,0
3/12/2025,16402515,3/7/2025,Free,Active,Wednesday,False,5,10,4,4,0,0,0
3/12/2025,16675590,3/7/2025,Free,Active,Wednesday,False,5,10,5,2,1,0,0
3/12/2025,17008029,3/6/2025,Free,Active,Wednesday,False,6,6,1,0,0,0,0
3/12/2025,17228968,3/6/2025,Paid,Active,Wednesday,False,6,8,10,1,1,0,0
3/12/2025,17463270,3/3/2025,Free,Active,Wednesday,False,9,11,4,1,3,0,0
3/12/2025,18452244,3/7/2025,Free,Active,Wednesday,False,5,8,4,5,0,0,0
3/12/2025,18580473,3/5/2025,Free,Active,Wednesday,False,7,15,10,1,0,0,0
3/12/2025,18940612,3/7/2025,Free,Active,Wednesday,False,5,26,4,2,1,0,0
3/12/2025,19034164,3/5/2025,Free,Active,Wednesday,False,7,15,0,1,1,1,0
3/12/2025,19360498,3/3/2025,Paid,Active,Wednesday,False,9,5,2,0,0,0,0
3/12/2025,19577042,3/6/2025,Free,Active,Wednesday,False,6,11,10,2,0,0,0
3/12/2025,20119241,3/7/2025,Free,Active,Wednesday,False,5,6,2,1,0,0,1
3/12/2025,20473587,3/5/2025,Free,Active,Wednesday,False,7,14,3,0,0,0,0
3/12/2025,21245339,3/7/2025,Free,Active,Wednesday,False,5,84,1,1,3,0,0
3/12/2025,21502927,3/6/2025,Free,Active,Wednesday,False,6,2,5,1,0,1,0
3/12/2025,22067873,3/3/2025,Free,Active,Wednesday,False,9,8,4,1,1,0,0
3/12/2025,22270217,3/7/2025,Paid,Active,Wednesday,False,5,5,3,2,0,1,0
3/12/2025,23272498,3/5/2025,Free,Active,Wednesday,False,7,10,7,1,2,0,0
3/12/2025,23358649,3/5/2025,Free,Active,Wednesday,False,7,8,1,4,0,0,1
3/12/2025,25983272,3/4/2025,Free,Active,Wednesday,False,8,10,1,5,0,0,0
3/12/2025,27469715,3/4/2025,Free,Active,Wednesday,False,8,16,1,1,0,0,0
3/12/2025,27852032,3/4/2025,Free,Active,Wednesday,False,8,16,6,4,1,1,1
3/12/2025,28168630,3/5/2025,Free,Active,Wednesday,False,7,40,7,1,0,0,0
3/12/2025,28500176,3/7/2025,Free,Active,Wednesday,False,5,2,2,1,0,0,1
3/12/2025,28569480,3/5/2025,Free,Active,Wednesday,False,7,12,3,2,1,0,0
3/12/2025,28608102,3/4/2025,Paid,Active,Wednesday,False,8,31,1,0,0,0,0
3/12/2025,28947491,3/3/2025,Free,Active,Wednesday,False,9,12,8,1,3,2,0
3/12/2025,29402937,3/3/2025,Free,Active,Wednesday,False,9,12,4,1,2,0,1
3/12/2025,29469046,3/6/2025,Free,Active,Wednesday,False,6,4,1,1,0,0,0
3/12/2025,30377112,3/3/2025,Free,Active,Wednesday,False,9,12,3,3,0,0,1
3/12/2025,30427864,3/3/2025,Paid,Active,Wednesday,False,9,4,7,0,0,0,0
3/12/2025,30556865,3/4/2025,Free,Active,Wednesday,False,8,5,9,1,0,1,1
3/12/2025,30665172,3/6/2025,Free,Active,Wednesday,False,6,5,1,5,0,1,0
3/12/2025,32287062,3/4/2025,Free,Active,Wednesday,False,8,13,2,1,1,0,0
3/12/2025,33834899,3/5/2025,Paid,Active,Wednesday,False,7,9,5,1,0,0,0
3/12/2025,33910622,3/3/2025,Paid,Active,Wednesday,False,9,14,3,6,1,0,0
3/12/2025,34330277,3/7/2025,Free,Active,Wednesday,False,5,8,2,2,0,1,1
3/12/2025,34782115,3/4/2025,Free,Active,Wednesday,False,8,9,10,1,1,0,0
3/12/2025,34889504,3/5/2025,Free,Active,Wednesday,False,7,12,9,3,0,1,0
3/12/2025,36017834,3/7/2025,Paid,Active,Wednesday,False,5,16,5,1,0,0,0
3/12/2025,36329183,3/4/2025,Paid,Active,Wednesday,False,8,6,10,2,3,0,0
3/12/2025,36946691,3/6/2025,Paid,Active,Wednesday,False,6,3,2,2,1,0,0
3/12/2025,37577338,3/3/2025,Free,Active,Wednesday,False,9,7,4,1,1,0,0
3/12/2025,38413248,3/7/2025,Free,Active,Wednesday,False,5,10,7,1,0,1,0
3/12/2025,39062302,3/3/2025,Paid,Active,Wednesday,False,9,7,0,1,0,0,0
3/12/2025,39114147,3/7/2025,Free,Active,Wednesday,False,5,16,5,1,0,0,0
3/12/2025,40070917,3/4/2025,Paid,Active,Wednesday,False,8,24,4,1,3,0,0
3/12/2025,40372156,3/6/2025,Free,Active,Wednesday,False,6,16,3,2,1,0,0
3/12/2025,40836783,3/5/2025,Free,Active,Wednesday,False,7,8,5,1,1,0,0
3/12/2025,43009397,3/7/2025,Paid,Active,Wednesday,False,5,12,4,1,1,0,0
3/12/2025,43763913,3/7/2025,Free,Active,Wednesday,False,5,4,4,0,1,0,0
3/12/2025,44382081,3/5/2025,Free,Active,Wednesday,False,7,15,2,1,1,0,0
3/12/2025,44441861,3/6/2025,Free,Active,Wednesday,False,6,8,3,2,0,0,0
3/12/2025,44549411,3/3/2025,Paid,Active,Wednesday,False,9,5,5,2,0,0,0
3/12/2025,45324189,3/4/2025,Free,Active,Wednesday,False,8,17,1,0,0,0,0
3/12/2025,46768760,3/3/2025,Free,Active,Wednesday,False,9,10,3,5,0,1,0
3/12/2025,48213441,3/5/2025,Free,Active,Wednesday,False,7,8,2,0,0,0,0
3/12/2025,48924961,3/6/2025,Free,Active,Wednesday,False,6,31,7,3,3,0,0
3/12/2025,50309563,3/5/2025,Paid,Active,Wednesday,False,7,6,4,0,0,2,0
3/12/2025,50549387,3/6/2025,Free,Active,Wednesday,False,6,20,4,2,1,0,0
3/12/2025,51154578,3/6/2025,Paid,Active,Wednesday,False,6,14,14,1,1,1,0
3/12/2025,51499006,3/7/2025,Free,Active,Wednesday,False,5,16,9,1,2,1,0
3/12/2025,51531887,3/5/2025,Paid,Active,Wednesday,False,7,43,7,2,0,0,1
3/12/2025,52607867,3/5/2025,Paid,Active,Wednesday,False,7,4,4,0,0,0,0
3/12/2025,52702390,3/4/2025,Free,Active,Wednesday,False,8,15,5,0,0,0,0
3/12/2025,52823633,3/3/2025,Free,Active,Wednesday,False,9,40,4,2,0,0,0
3/12/2025,53588630,3/4/2025,Free,Active,Wednesday,False,8,7,0,2,0,0,0
3/12/2025,54677898,3/5/2025,Free,Active,Wednesday,False,7,11,1,2,1,0,0
3/12/2025,55617207,3/6/2025,Free,Active,Wednesday,False,6,10,5,2,1,0,0
3/12/2025,55796778,3/7/2025,Free,Active,Wednesday,False,5,23,3,1,3,0,0
3/12/2025,56195615,3/7/2025,Free,Active,Wednesday,False,5,4,5,5,0,0,0
3/12/2025,57595168,3/3/2025,Free,Active,Wednesday,False,9,47,1,3,2,0,0
3/12/2025,57850647,3/3/2025,Paid,Active,Wednesday,False,9,17,4,1,0,0,0
3/12/2025,58890543,3/6/2025,Free,Active,Wednesday,False,6,16,10,0,2,0,1
3/12/2025,59132781,3/7/2025,Paid,Active,Wednesday,False,5,3,10,1,0,0,0
3/12/2025,59320316,3/4/2025,Free,Active,Wednesday,False,8,13,6,3,1,0,0
3/12/2025,59783512,3/5/2025,Paid,Active,Wednesday,False,7,20,3,1,1,0,0
3/12/2025,60415773,3/6/2025,Free,Active,Wednesday,False,6,3,9,1,0,1,0
3/12/2025,60977230,3/4/2025,Free,Active,Wednesday,False,8,12,10,3,0,0,0
3/12/2025,61125704,3/3/2025,Paid,Active,Wednesday,False,9,20,4,1,1,0,0
3/12/2025,61356578,3/3/2025,Free,Active,Wednesday,False,9,9,10,1,0,0,0
3/12/2025,61786206,3/3/2025,Free,Active,Wednesday,False,9,6,2,1,2,0,0
3/12/2025,63534569,3/7/2025,Paid,Active,Wednesday,False,5,5,9,2,0,1,0
3/12/2025,63823859,3/4/2025,Free,Active,Wednesday,False,8,9,2,2,0,0,0
3/12/2025,64826108,3/4/2025,Paid,Active,Wednesday,False,8,15,6,3,0,0,0
3/12/2025,65164953,3/4/2025,Free,Active,Wednesday,False,8,5,3,5,0,0,0
3/12/2025,65636763,3/5/2025,Paid,Active,Wednesday,False,7,9,7,2,0,0,0
3/12/2025,66077920,3/3/2025,Paid,Active,Wednesday,False,9,6,1,1,0,0,1
3/12/2025,67805363,3/7/2025,Free,Active,Wednesday,False,5,4,1,3,0,0,1
3/12/2025,68233734,3/3/2025,Free,Active,Wednesday,False,9,13,6,5,1,0,0
3/12/2025,68307106,3/7/2025,Free,Active,Wednesday,False,5,7,9,0,0,1,0
3/12/2025,68378705,3/6/2025,Free,Active,Wednesday,False,6,2,10,0,0,0,0
3/12/2025,68805871,3/6/2025,Free,Active,Wednesday,False,6,5,4,1,0,0,0
3/12/2025,69497858,3/4/2025,Free,Active,Wednesday,False,8,2,3,1,0,0,0
3/12/2025,69692747,3/4/2025,Free,Active,Wednesday,False,8,28,3,1,1,0,0
3/12/2025,70007939,3/4/2025,Free,Active,Wednesday,False,8,27,3,1,2,1,0
3/12/2025,70268283,3/4/2025,Free,Active,Wednesday,False,8,8,8,2,1,0,0
3/12/2025,70440339,3/7/2025,Paid,Active,Wednesday,False,5,4,2,6,0,0,0
3/12/2025,70853849,3/4/2025,Free,Active,Wednesday,False,8,6,3,1,0,0,1
3/12/2025,71124136,3/3/2025,Free,Active,Wednesday,False,9,25,1,2,5,0,0
3/12/2025,71358668,3/4/2025,Free,Active,Wednesday,False,8,19,4,2,0,0,0
3/12/2025,72469436,3/3/2025,Free,Active,Wednesday,False,9,8,2,2,2,0,0
3/12/2025,73128237,3/7/2025,Free,Active,Wednesday,False,5,16,2,1,0,1,3
3/12/2025,73963079,3/4/2025,Paid,Active,Wednesday,False,8,16,2,0,0,0,0
3/12/2025,74092029,3/6/2025,Paid,Active,Wednesday,False,6,16,3,6,2,0,0
3/12/2025,74484152,3/4/2025,Paid,Active,Wednesday,False,8,11,16,1,2,1,0
3/12/2025,74598602,3/6/2025,Free,Active,Wednesday,False,6,23,3,1,1,0,0
3/12/2025,76155515,3/6/2025,Free,Active,Wednesday,False,6,6,2,3,0,0,0
3/12/2025,76295172,3/3/2025,Free,Active,Wednesday,False,9,6,2,1,0,1,0
3/12/2025,76587233,3/4/2025,Paid,Active,Wednesday,False,8,28,4,1,2,0,0
3/12/2025,76671851,3/6/2025,Free,Active,Wednesday,False,6,6,2,5,1,1,0
3/12/2025,77687782,3/3/2025,Free,Active,Wednesday,False,9,95,2,1,5,0,0
3/12/2025,78514449,3/7/2025,Free,Active,Wednesday,False,5,33,6,1,3,0,0
3/12/2025,78524558,3/4/2025,Free,Active,Wednesday,False,8,29,2,0,0,0,0
3/12/2025,79819778,3/7/2025,Free,Active,Wednesday,False,5,4,2,2,0,0,0
3/12/2025,80182409,3/7/2025,Free,Active,Wednesday,False,5,4,10,1,0,0,0
3/12/2025,80322173,3/5/2025,Free,Active,Wednesday,False,7,7,2,4,0,0,0
3/12/2025,81062415,3/7/2025,Free,Active,Wednesday,False,5,9,2,2,0,0,0
3/12/2025,81339689,3/7/2025,Free,Active,Wednesday,False,5,13,6,1,0,0,0
3/12/2025,81895947,3/5/2025,Free,Active,Wednesday,False,7,3,2,4,0,1,1
3/12/2025,82032780,3/7/2025,Free,Active,Wednesday,False,5,12,6,1,3,0,0
3/12/2025,84047697,3/5/2025,Free,Active,Wednesday,False,7,10,2,4,0,1,1
3/12/2025,85287879,3/5/2025,Free,Active,Wednesday,False,7,6,2,0,0,0,0
3/12/2025,85697187,3/3/2025,Free,Active,Wednesday,False,9,6,3,5,3,0,0
3/12/2025,86372804,3/3/2025,Paid,Active,Wednesday,False,9,10,11,1,1,1,0
3/12/2025,86762579,3/5/2025,Paid,Active,Wednesday,False,7,9,1,5,0,0,0
3/12/2025,89243555,3/4/2025,Free,Active,Wednesday,False,8,22,1,1,0,1,1
3/12/2025,89281326,3/3/2025,Free,Active,Wednesday,False,9,3,7,0,0,1,0
3/12/2025,89505560,3/5/2025,Free,Active,Wednesday,False,7,9,4,1,0,0,2
3/12/2025,89669730,3/7/2025,Paid,Active,Wednesday,False,5,9,2,2,0,0,0
3/12/2025,90384679,3/6/2025,Free,Active,Wednesday,False,6,14,9,3,2,1,0
3/12/2025,91286478,3/7/2025,Free,Active,Wednesday,False,5,10,0,1,0,0,0
3/12/2025,91716253,3/7/2025,Free,Active,Wednesday,False,5,4,9,1,1,1,0
3/12/2025,92575198,3/4/2025,Free,Active,Wednesday,False,8,6,3,5,1,0,0
3/12/2025,93721129,3/4/2025,Paid,Active,Wednesday,False,8,6,0,1,0,1,0
3/12/2025,93805705,3/4/2025,Free,Active,Wednesday,False,8,6,1,1,0,0,0
3/12/2025,94061818,3/7/2025,Free,Active,Wednesday,False,5,12,1,0,0,0,0
3/12/2025,94491215,3/7/2025,Free,Active,Wednesday,False,5,10,9,3,0,1,0
3/12/2025,94798897,3/6/2025,Free,Active,Wednesday,False,6,7,1,3,0,1,2
3/12/2025,95082245,3/3/2025,Free,Active,Wednesday,False,9,3,2,0,0,2,1
3/12/2025,95834438,3/3/2025,Free,Active,Wednesday,False,9,12,8,1,0,0,0
3/12/2025,95928771,3/5/2025,Paid,Active,Wednesday,False,7,7,3,2,0,0,0
3/12/2025,96659622,3/3/2025,Free,Active,Wednesday,False,9,5,8,1,1,2,0
3/13/2025,10439750,3/6/2025,Paid,Active,Thursday,False,7,29,3,0,0,0,0
3/13/2025,10517792,3/6/2025,Free,Active,Thursday,False,7,9,5,1,1,2,0
3/13/2025,11207503,3/3/2025,Paid,Active,Thursday,False,10,19,6,1,2,0,0
3/13/2025,11495794,3/6/2025,Paid,Active,Thursday,False,7,23,5,1,0,0,0
3/13/2025,11818207,3/6/2025,Free,Active,Thursday,False,7,7,10,1,0,0,0
3/13/2025,12839768,3/7/2025,Free,Active,Thursday,False,6,5,4,3,0,0,1
3/13/2025,13219650,3/6/2025,Free,Active,Thursday,False,7,3,2,2,0,0,0
3/13/2025,13249820,3/6/2025,Free,Active,Thursday,False,7,5,1,1,0,1,0
3/13/2025,14003926,3/3/2025,Free,Active,Thursday,False,10,12,5,3,1,0,0
3/13/2025,14017653,3/3/2025,Free,Active,Thursday,False,10,5,4,3,2,0,0
3/13/2025,14209843,3/4/2025,Free,Active,Thursday,False,9,9,1,3,0,0,0
3/13/2025,14453470,3/3/2025,Free,Active,Thursday,False,10,4,8,0,1,2,0
3/13/2025,14851543,3/7/2025,Free,Active,Thursday,False,6,4,2,5,1,0,0
3/13/2025,15450669,3/6/2025,Free,Active,Thursday,False,7,3,8,2,0,2,0
3/13/2025,15647148,3/6/2025,Free,Active,Thursday,False,7,85,4,1,2,0,0
3/13/2025,16323501,3/5/2025,Free,Active,Thursday,False,8,6,10,0,0,0,0
3/13/2025,16402515,3/7/2025,Free,Active,Thursday,False,6,8,1,1,0,0,0
3/13/2025,17008029,3/6/2025,Free,Active,Thursday,False,7,16,0,0,2,0,0
3/13/2025,17228968,3/6/2025,Paid,Active,Thursday,False,7,5,4,1,0,1,0
3/13/2025,17463270,3/3/2025,Free,Active,Thursday,False,10,31,4,1,1,0,0
3/13/2025,17983248,3/4/2025,Paid,Active,Thursday,False,9,8,7,1,1,0,0
3/13/2025,18452244,3/7/2025,Free,Active,Thursday,False,6,8,2,4,0,0,1
3/13/2025,18580473,3/5/2025,Free,Active,Thursday,False,8,17,8,3,0,2,0
3/13/2025,18940612,3/7/2025,Free,Active,Thursday,False,6,20,3,1,2,0,0
3/13/2025,19577042,3/6/2025,Free,Active,Thursday,False,7,17,6,1,1,1,0
3/13/2025,20473587,3/5/2025,Free,Active,Thursday,False,8,17,4,1,1,0,1
3/13/2025,21245339,3/7/2025,Free,Active,Thursday,False,6,32,2,0,0,0,0
3/13/2025,21395247,3/3/2025,Paid,Active,Thursday,False,10,30,1,0,0,1,0
3/13/2025,22067873,3/3/2025,Free,Active,Thursday,False,10,5,9,1,1,1,1
3/13/2025,22264388,3/6/2025,Paid,Active,Thursday,False,7,9,2,5,1,0,1
3/13/2025,22270217,3/7/2025,Paid,Active,Thursday,False,6,11,3,4,1,0,0
3/13/2025,23358649,3/5/2025,Free,Active,Thursday,False,8,5,1,4,0,0,0
3/13/2025,23940170,3/6/2025,Free,Active,Thursday,False,7,9,8,2,0,1,0
3/13/2025,25761792,3/6/2025,Free,Active,Thursday,False,7,10,9,2,0,1,1
3/13/2025,25983272,3/4/2025,Free,Active,Thursday,False,9,3,3,3,0,1,0
3/13/2025,26103384,3/4/2025,Free,Active,Thursday,False,9,7,6,5,0,0,0
3/13/2025,28168630,3/5/2025,Free,Active,Thursday,False,8,17,6,1,0,0,0
3/13/2025,28569480,3/5/2025,Paid,Active,Thursday,False,8,17,5,4,0,0,0
3/13/2025,28947491,3/3/2025,Free,Active,Thursday,False,10,15,5,1,0,0,0
3/13/2025,29402937,3/3/2025,Free,Active,Thursday,False,10,28,2,0,4,0,0
3/13/2025,29659181,3/6/2025,Free,Active,Thursday,False,7,13,3,1,0,0,0
3/13/2025,30377112,3/3/2025,Free,Active,Thursday,False,10,11,3,4,0,0,0
3/13/2025,30427864,3/3/2025,Paid,Active,Thursday,False,10,10,4,1,0,1,0
3/13/2025,30552928,3/6/2025,Free,Active,Thursday,False,7,26,4,0,1,0,0
3/13/2025,30556865,3/4/2025,Free,Active,Thursday,False,9,5,8,2,2,0,0
3/13/2025,30665172,3/6/2025,Free,Active,Thursday,False,7,9,2,5,0,0,0
3/13/2025,30932855,3/3/2025,Free,Active,Thursday,False,10,7,10,0,1,0,0
3/13/2025,31297307,3/4/2025,Paid,Active,Thursday,False,9,6,8,1,0,0,0
3/13/2025,33910622,3/3/2025,Paid,Active,Thursday,False,10,16,5,7,0,0,0
3/13/2025,34138344,3/3/2025,Paid,Active,Thursday,False,10,10,1,1,1,0,0
3/13/2025,34330277,3/7/2025,Free,Active,Thursday,False,6,7,2,3,0,0,0
3/13/2025,34614777,3/5/2025,Free,Active,Thursday,False,8,11,2,5,0,0,0
3/13/2025,34782115,3/4/2025,Free,Active,Thursday,False,9,7,4,2,0,1,0
3/13/2025,34889504,3/5/2025,Free,Active,Thursday,False,8,13,8,1,0,1,0
3/13/2025,36329183,3/4/2025,Paid,Active,Thursday,False,9,14,8,0,0,2,1
3/13/2025,37577338,3/3/2025,Free,Active,Thursday,False,10,20,2,2,0,0,0
3/13/2025,38413248,3/7/2025,Free,Active,Thursday,False,6,6,8,2,0,1,0
3/13/2025,39114147,3/7/2025,Free,Active,Thursday,False,6,6,9,1,0,1,1
3/13/2025,40071067,3/7/2025,Free,Active,Thursday,False,6,7,4,1,0,0,0
3/13/2025,40372156,3/6/2025,Free,Active,Thursday,False,7,9,3,0,0,0,0
3/13/2025,40836783,3/5/2025,Free,Active,Thursday,False,8,6,10,2,0,0,0
3/13/2025,42233475,3/5/2025,Free,Active,Thursday,False,8,9,5,0,0,1,0
3/13/2025,43009397,3/7/2025,Paid,Active,Thursday,False,6,10,2,0,1,0,0
3/13/2025,43056250,3/7/2025,Free,Active,Thursday,False,6,3,3,3,0,0,0
3/13/2025,43564818,3/4/2025,Free,Active,Thursday,False,9,10,7,5,0,0,0
3/13/2025,43763913,3/7/2025,Free,Active,Thursday,False,6,5,10,1,0,0,0
3/13/2025,44441861,3/6/2025,Free,Active,Thursday,False,7,3,2,2,0,1,0
3/13/2025,44549411,3/3/2025,Paid,Active,Thursday,False,10,13,9,2,3,0,0
3/13/2025,44814486,3/3/2025,Paid,Active,Thursday,False,10,5,4,0,0,1,0
3/13/2025,45324189,3/4/2025,Free,Active,Thursday,False,9,31,2,1,0,1,0
3/13/2025,46347412,3/5/2025,Free,Active,Thursday,False,8,10,8,2,0,1,0
3/13/2025,46768760,3/3/2025,Free,Active,Thursday,False,10,10,1,4,0,0,0
3/13/2025,47269107,3/5/2025,Free,Active,Thursday,False,8,7,9,0,1,0,0
3/13/2025,47729983,3/7/2025,Free,Active,Thursday,False,6,5,6,1,0,0,0
3/13/2025,48501532,3/5/2025,Free,Active,Thursday,False,8,18,2,2,1,1,0
3/13/2025,48924961,3/6/2025,Free,Active,Thursday,False,7,37,5,2,3,0,0
3/13/2025,49010595,3/7/2025,Free,Active,Thursday,False,6,5,0,5,0,0,0
3/13/2025,51154578,3/6/2025,Paid,Active,Thursday,False,7,3,12,1,1,0,0
3/13/2025,51307236,3/6/2025,Paid,Cancelled,Thursday,False,7,8,5,2,1,1,0
3/13/2025,51499006,3/7/2025,Free,Active,Thursday,False,6,8,10,2,0,0,1
3/13/2025,51531887,3/5/2025,Paid,Active,Thursday,False,8,13,6,1,0,0,0
3/13/2025,52344802,3/3/2025,Free,Active,Thursday,False,10,7,0,1,1,0,0
3/13/2025,52355265,3/4/2025,Free,Active,Thursday,False,9,5,2,0,0,0,0
3/13/2025,52607867,3/5/2025,Paid,Active,Thursday,False,8,3,3,1,0,0,0
3/13/2025,52702390,3/4/2025,Free,Active,Thursday,False,9,11,10,0,1,0,1
3/13/2025,52823633,3/3/2025,Free,Active,Thursday,False,10,25,4,2,2,0,0
3/13/2025,53226858,3/4/2025,Free,Active,Thursday,False,9,3,2,3,0,0,2
3/13/2025,53588630,3/4/2025,Free,Active,Thursday,False,9,3,0,1,0,0,0
3/13/2025,54276839,3/6/2025,Paid,Active,Thursday,False,7,36,6,1,1,0,0
3/13/2025,54604771,3/5/2025,Paid,Active,Thursday,False,8,4,12,1,1,0,0
3/13/2025,54677898,3/5/2025,Free,Active,Thursday,False,8,8,2,5,0,1,0
3/13/2025,55617207,3/6/2025,Free,Active,Thursday,False,7,11,10,0,1,0,0
3/13/2025,55796778,3/7/2025,Free,Active,Thursday,False,6,27,4,1,0,0,0
3/13/2025,56195615,3/7/2025,Free,Active,Thursday,False,6,4,5,5,2,0,0
3/13/2025,57595168,3/3/2025,Free,Active,Thursday,False,10,13,3,1,2,0,1
3/13/2025,57850647,3/3/2025,Paid,Active,Thursday,False,10,26,1,1,2,1,0
3/13/2025,58798972,3/7/2025,Paid,Active,Thursday,False,6,11,3,0,0,0,0
3/13/2025,58890543,3/6/2025,Free,Active,Thursday,False,7,8,8,1,0,0,0
3/13/2025,59320316,3/4/2025,Free,Active,Thursday,False,9,13,9,3,1,1,0
3/13/2025,60415773,3/6/2025,Free,Active,Thursday,False,7,9,6,1,1,2,0
3/13/2025,60977230,3/4/2025,Free,Active,Thursday,False,9,16,10,2,0,0,0
3/13/2025,61356578,3/3/2025,Free,Active,Thursday,False,10,16,10,0,1,0,2
3/13/2025,61786206,3/3/2025,Free,Active,Thursday,False,10,7,2,2,0,0,0
3/13/2025,62820168,3/7/2025,Free,Active,Thursday,False,6,6,3,3,1,0,0
3/13/2025,63493466,3/6/2025,Free,Active,Thursday,False,7,10,3,5,0,0,0
3/13/2025,63823859,3/4/2025,Free,Active,Thursday,False,9,5,2,5,0,0,0
3/13/2025,63879026,3/6/2025,Paid,Active,Thursday,False,7,6,1,3,0,0,0
3/13/2025,64826108,3/4/2025,Paid,Active,Thursday,False,9,13,1,3,1,0,0
3/13/2025,65164953,3/4/2025,Free,Active,Thursday,False,9,6,4,3,0,0,2
3/13/2025,65636763,3/5/2025,Paid,Active,Thursday,False,8,4,10,1,0,1,0
3/13/2025,66077920,3/3/2025,Paid,Active,Thursday,False,10,7,2,2,0,0,0
3/13/2025,66085019,3/5/2025,Free,Active,Thursday,False,8,17,7,2,0,1,0
3/13/2025,67805363,3/7/2025,Free,Active,Thursday,False,6,5,3,3,0,0,0
3/13/2025,67901718,3/7/2025,Free,Active,Thursday,False,6,4,8,1,1,0,0
3/13/2025,68233734,3/3/2025,Free,Active,Thursday,False,10,8,3,4,1,0,1
3/13/2025,68307106,3/7/2025,Free,Active,Thursday,False,6,10,9,1,0,1,0
3/13/2025,69497858,3/4/2025,Free,Active,Thursday,False,9,5,1,0,0,1,0
3/13/2025,69692747,3/4/2025,Free,Active,Thursday,False,9,23,1,0,1,0,0
3/13/2025,70440339,3/7/2025,Paid,Active,Thursday,False,6,7,5,3,2,0,0
3/13/2025,70853849,3/4/2025,Free,Active,Thursday,False,9,3,2,5,1,0,0
3/13/2025,71790553,3/4/2025,Paid,Active,Thursday,False,9,28,1,0,4,0,0
3/13/2025,72469436,3/3/2025,Free,Active,Thursday,False,10,13,4,2,2,0,0
3/13/2025,73128237,3/7/2025,Free,Active,Thursday,False,6,10,3,3,1,1,1
3/13/2025,73183069,3/6/2025,Free,Active,Thursday,False,7,12,1,1,0,0,0
3/13/2025,73530116,3/3/2025,Paid,Active,Thursday,False,10,6,0,1,0,0,0
3/13/2025,73963079,3/4/2025,Paid,Active,Thursday,False,9,24,3,1,0,1,0
3/13/2025,74062340,3/5/2025,Free,Active,Thursday,False,8,4,1,3,0,0,0
3/13/2025,74092029,3/6/2025,Paid,Active,Thursday,False,7,9,1,6,0,0,0
3/13/2025,74598602,3/6/2025,Free,Active,Thursday,False,7,32,6,3,2,0,0
3/13/2025,74774119,3/7/2025,Free,Active,Thursday,False,6,53,2,0,4,0,0
3/13/2025,76023894,3/4/2025,Free,Active,Thursday,False,9,12,3,1,0,0,0
3/13/2025,76155515,3/6/2025,Free,Active,Thursday,False,7,3,2,3,1,0,1
3/13/2025,76295172,3/3/2025,Free,Active,Thursday,False,10,3,6,0,0,0,0
3/13/2025,76587233,3/4/2025,Paid,Active,Thursday,False,9,23,2,0,1,1,0
3/13/2025,76671851,3/6/2025,Free,Active,Thursday,False,7,5,1,4,1,0,1
3/13/2025,77337890,3/3/2025,Free,Active,Thursday,False,10,4,4,5,0,0,0
3/13/2025,77362777,3/6/2025,Free,Active,Thursday,False,7,10,3,1,1,0,0
3/13/2025,77687782,3/3/2025,Free,Active,Thursday,False,10,47,3,2,0,0,0
3/13/2025,78514449,3/7/2025,Free,Active,Thursday,False,6,81,5,2,3,0,0
3/13/2025,79391007,3/5/2025,Free,Active,Thursday,False,8,6,9,1,1,1,0
3/13/2025,79819778,3/7/2025,Free,Active,Thursday,False,6,5,1,4,0,0,0
3/13/2025,79854644,3/5/2025,Free,Active,Thursday,False,8,12,10,1,1,0,0
3/13/2025,80322173,3/5/2025,Free,Active,Thursday,False,8,11,1,2,1,1,1
3/13/2025,81062415,3/7/2025,Free,Active,Thursday,False,6,4,4,4,0,0,1
3/13/2025,81339689,3/7/2025,Free,Active,Thursday,False,6,40,4,1,4,0,0
3/13/2025,81895947,3/5/2025,Free,Active,Thursday,False,8,10,2,4,0,0,0
3/13/2025,82032780,3/7/2025,Free,Active,Thursday,False,6,41,3,1,1,0,0
3/13/2025,84047697,3/5/2025,Free,Active,Thursday,False,8,15,2,5,1,0,0
3/13/2025,85292675,3/3/2025,Free,Active,Thursday,False,10,2,5,0,1,0,0
3/13/2025,85327560,3/6/2025,Free,Active,Thursday,False,7,3,0,3,0,1,0
3/13/2025,85697187,3/3/2025,Free,Active,Thursday,False,10,8,2,5,1,0,0
3/13/2025,86762579,3/5/2025,Paid,Active,Thursday,False,8,9,4,5,1,0,0
3/13/2025,89243555,3/4/2025,Free,Active,Thursday,False,9,24,1,1,2,1,0
3/13/2025,89281326,3/3/2025,Free,Active,Thursday,False,10,6,9,2,0,1,0
3/13/2025,89285908,3/4/2025,Free,Active,Thursday,False,9,9,8,0,1,0,1
3/13/2025,89669730,3/7/2025,Paid,Active,Thursday,False,6,28,2,2,2,0,0
3/13/2025,90053100,3/3/2025,Free,Active,Thursday,False,10,6,4,0,0,0,0
3/13/2025,90384679,3/6/2025,Free,Active,Thursday,False,7,10,9,0,0,1,0
3/13/2025,90589301,3/5/2025,Free,Active,Thursday,False,8,33,4,2,2,0,1
3/13/2025,92207376,3/7/2025,Paid,Active,Thursday,False,6,5,3,1,1,1,0
3/13/2025,92575198,3/4/2025,Free,Active,Thursday,False,9,16,2,5,0,0,0
3/13/2025,93721129,3/4/2025,Paid,Active,Thursday,False,9,11,4,1,0,0,0
3/13/2025,94796124,3/5/2025,Free,Active,Thursday,False,8,4,6,1,0,0,0
3/13/2025,95834438,3/3/2025,Free,Active,Thursday,False,10,4,10,0,0,0,0
3/13/2025,95928771,3/5/2025,Paid,Active,Thursday,False,8,7,7,2,0,1,0
3/13/2025,96268661,3/6/2025,Free,Active,Thursday,False,7,5,0,1,0,0,0
3/13/2025,96659622,3/3/2025,Free,Active,Thursday,False,10,5,5,1,0,0,0
3/13/2025,97412822,3/7/2025,Free,Active,Thursday,False,6,5,1,1,0,1,0
3/13/2025,98245773,3/3/2025,Free,Active,Thursday,False,10,5,3,1,0,0,0
3/14/2025,10439750,3/6/2025,Paid,Active,Friday,False,8,24,2,1,0,0,0
3/14/2025,10453161,3/5/2025,Free,Active,Friday,False,9,11,2,1,1,0,0
3/14/2025,10522638,3/7/2025,Free,Active,Friday,False,7,27,3,1,2,0,0
3/14/2025,11207503,3/3/2025,Paid,Active,Friday,False,11,32,4,0,3,0,1
3/14/2025,11495794,3/6/2025,Paid,Active,Friday,False,8,30,3,2,0,0,1
3/14/2025,11818207,3/6/2025,Free,Active,Friday,False,8,10,10,1,1,0,0
3/14/2025,12089369,3/7/2025,Free,Active,Friday,False,7,4,3,0,0,0,0
3/14/2025,12839768,3/7/2025,Free,Active,Friday,False,7,14,2,5,1,0,0
3/14/2025,13638476,3/4/2025,Free,Active,Friday,False,10,3,4,5,0,0,0
3/14/2025,14003926,3/3/2025,Free,Active,Friday,False,11,9,10,1,0,0,0
3/14/2025,14017653,3/3/2025,Free,Active,Friday,False,11,10,2,5,0,0,0
3/14/2025,14209843,3/4/2025,Free,Active,Friday,False,10,7,1,2,3,0,0
3/14/2025,14528458,3/5/2025,Free,Active,Friday,False,9,30,2,2,2,0,0
3/14/2025,14851543,3/7/2025,Free,Active,Friday,False,7,10,4,3,0,0,1
3/14/2025,15647148,3/6/2025,Free,Active,Friday,False,8,77,1,0,1,0,0
3/14/2025,16175009,3/5/2025,Free,Active,Friday,False,9,3,5,1,0,0,0
3/14/2025,16675590,3/7/2025,Free,Active,Friday,False,7,8,8,1,2,0,0
3/14/2025,17008029,3/6/2025,Free,Active,Friday,False,8,17,1,1,1,0,0
3/14/2025,17463270,3/3/2025,Free,Active,Friday,False,11,9,1,1,0,0,0
3/14/2025,18452244,3/7/2025,Free,Active,Friday,False,7,7,3,3,0,0,0
3/14/2025,18580473,3/5/2025,Free,Active,Friday,False,9,4,9,1,0,1,0
3/14/2025,18873581,3/4/2025,Paid,Active,Friday,False,10,2,2,0,0,0,0
3/14/2025,18940612,3/7/2025,Free,Active,Friday,False,7,42,2,1,3,1,2
3/14/2025,19577042,3/6/2025,Free,Active,Friday,False,8,12,7,1,1,0,0
3/14/2025,20473587,3/5/2025,Free,Active,Friday,False,9,13,2,1,0,0,0
3/14/2025,20797106,3/7/2025,Free,Active,Friday,False,7,3,6,0,1,0,0
3/14/2025,21245339,3/7/2025,Free,Active,Friday,False,7,19,5,0,1,0,0
3/14/2025,21395247,3/3/2025,Paid,Active,Friday,False,11,7,2,1,0,0,1
3/14/2025,21502927,3/6/2025,Free,Active,Friday,False,8,5,10,1,0,0,0
3/14/2025,22067873,3/3/2025,Free,Active,Friday,False,11,4,3,1,0,0,0
3/14/2025,22270217,3/7/2025,Paid,Active,Friday,False,7,9,1,3,0,0,1
3/14/2025,22769549,3/7/2025,Free,Active,Friday,False,7,5,1,1,0,0,0
3/14/2025,23272498,3/5/2025,Free,Active,Friday,False,9,12,9,1,0,0,0
3/14/2025,25761792,3/6/2025,Free,Active,Friday,False,8,8,8,1,0,2,0
3/14/2025,26103384,3/4/2025,Free,Active,Friday,False,10,10,3,5,0,0,0
3/14/2025,27852032,3/4/2025,Free,Active,Friday,False,10,14,6,4,0,0,1
3/14/2025,28168630,3/5/2025,Free,Active,Friday,False,9,23,2,3,3,0,0
3/14/2025,28500176,3/7/2025,Free,Active,Friday,False,7,3,1,1,0,0,0
3/14/2025,28569480,3/5/2025,Paid,Active,Friday,False,9,13,1,6,0,1,0
3/14/2025,28947491,3/3/2025,Free,Active,Friday,False,11,15,10,1,0,0,0
3/14/2025,29402937,3/3/2025,Free,Active,Friday,False,11,22,3,1,2,1,0
3/14/2025,29659181,3/6/2025,Free,Active,Friday,False,8,11,2,2,1,0,0
3/14/2025,30427864,3/3/2025,Paid,Active,Friday,False,11,5,3,1,0,0,0
3/14/2025,30552928,3/6/2025,Free,Active,Friday,False,8,19,1,1,1,0,0
3/14/2025,30556865,3/4/2025,Free,Active,Friday,False,10,6,10,3,0,0,0
3/14/2025,30932855,3/3/2025,Free,Active,Friday,False,11,10,8,1,0,1,0
3/14/2025,31297307,3/4/2025,Paid,Active,Friday,False,10,10,3,1,0,0,1
3/14/2025,33834899,3/5/2025,Paid,Active,Friday,False,9,9,3,1,1,0,0
3/14/2025,33910622,3/3/2025,Paid,Active,Friday,False,11,17,3,7,1,0,0
3/14/2025,34138344,3/3/2025,Paid,Active,Friday,False,11,4,5,3,0,0,1
3/14/2025,34614777,3/5/2025,Free,Active,Friday,False,9,3,4,5,1,0,0
3/14/2025,34889504,3/5/2025,Free,Active,Friday,False,9,9,8,1,1,0,0
3/14/2025,36017834,3/7/2025,Paid,Active,Friday,False,7,27,6,1,0,0,0
3/14/2025,36946691,3/6/2025,Paid,Active,Friday,False,8,7,3,1,1,0,0
3/14/2025,37577338,3/3/2025,Free,Active,Friday,False,11,29,4,2,3,0,0
3/14/2025,39114147,3/7/2025,Free,Active,Friday,False,7,8,9,1,0,0,0
3/14/2025,39554899,3/4/2025,Free,Active,Friday,False,10,8,2,2,0,0,0
3/14/2025,40071067,3/7/2025,Free,Active,Friday,False,7,4,3,0,0,0,1
3/14/2025,40372156,3/6/2025,Free,Active,Friday,False,8,8,2,0,1,0,0
3/14/2025,40836783,3/5/2025,Free,Active,Friday,False,9,8,8,1,0,0,0
3/14/2025,43009397,3/7/2025,Paid,Active,Friday,False,7,8,3,1,0,0,1
3/14/2025,43564818,3/4/2025,Free,Active,Friday,False,10,6,4,4,0,1,1
3/14/2025,44441861,3/6/2025,Free,Active,Friday,False,8,11,4,1,1,0,0
3/14/2025,44549411,3/3/2025,Paid,Active,Friday,False,11,16,7,0,1,0,2
3/14/2025,45201482,3/6/2025,Free,Active,Friday,False,8,2,5,0,0,0,0
3/14/2025,46347412,3/5/2025,Free,Active,Friday,False,9,11,6,0,0,1,0
3/14/2025,48213441,3/5/2025,Free,Active,Friday,False,9,16,1,0,1,0,0
3/14/2025,48501532,3/5/2025,Free,Active,Friday,False,9,25,0,1,1,1,0
3/14/2025,48924961,3/6/2025,Free,Active,Friday,False,8,37,4,2,4,0,0
3/14/2025,49088774,3/5/2025,Free,Active,Friday,False,9,5,1,2,0,0,0
3/14/2025,50309563,3/5/2025,Paid,Active,Friday,False,9,3,6,0,0,0,0
3/14/2025,51499006,3/7/2025,Free,Active,Friday,False,7,8,9,1,0,1,0
3/14/2025,51531887,3/5/2025,Paid,Active,Friday,False,9,36,4,1,4,1,0
3/14/2025,52702390,3/4/2025,Free,Active,Friday,False,10,6,8,2,0,0,0
3/14/2025,52823633,3/3/2025,Free,Active,Friday,False,11,22,6,1,0,0,0
3/14/2025,53226858,3/4/2025,Free,Active,Friday,False,10,8,2,1,0,0,1
3/14/2025,53588630,3/4/2025,Free,Active,Friday,False,10,7,2,3,0,1,0
3/14/2025,54276839,3/6/2025,Paid,Active,Friday,False,8,38,2,1,1,0,0
3/14/2025,54604771,3/5/2025,Paid,Active,Friday,False,9,8,7,1,0,0,0
3/14/2025,55796778,3/7/2025,Paid,Active,Friday,False,7,15,2,1,1,0,0
3/14/2025,56195615,3/7/2025,Free,Active,Friday,False,7,13,5,3,0,0,2
3/14/2025,57595168,3/3/2025,Free,Active,Friday,False,11,99,4,3,1,1,0
3/14/2025,58798972,3/7/2025,Paid,Active,Friday,False,7,32,2,1,1,0,0
3/14/2025,58890543,3/6/2025,Free,Active,Friday,False,8,7,9,1,0,1,0
3/14/2025,59320316,3/4/2025,Free,Active,Friday,False,10,12,10,3,2,0,0
3/14/2025,59783512,3/5/2025,Paid,Active,Friday,False,9,22,4,2,2,1,0
3/14/2025,60977230,3/4/2025,Free,Active,Friday,False,10,16,10,3,2,0,0
3/14/2025,61356578,3/3/2025,Free,Active,Friday,False,11,15,10,3,1,0,0
3/14/2025,61786206,3/3/2025,Free,Active,Friday,False,11,9,3,3,0,0,2
3/14/2025,62820168,3/7/2025,Free,Active,Friday,False,7,6,3,3,0,0,0
3/14/2025,63493466,3/6/2025,Free,Active,Friday,False,8,10,2,1,1,0,1
3/14/2025,63534569,3/7/2025,Paid,Active,Friday,False,7,8,7,1,0,0,0
3/14/2025,63585558,3/6/2025,Free,Active,Friday,False,8,14,9,3,0,1,0
3/14/2025,65164953,3/4/2025,Free,Active,Friday,False,10,8,3,3,0,0,0
3/14/2025,66077920,3/3/2025,Paid,Active,Friday,False,11,6,1,2,0,1,0
3/14/2025,66085019,3/5/2025,Free,Active,Friday,False,9,12,9,2,0,1,1
3/14/2025,67805363,3/7/2025,Free,Active,Friday,False,7,6,4,1,0,0,0
3/14/2025,67901718,3/7/2025,Free,Active,Friday,False,7,6,6,1,1,0,0
3/14/2025,68233734,3/3/2025,Free,Active,Friday,False,11,16,5,2,0,1,0
3/14/2025,69497858,3/4/2025,Free,Active,Friday,False,10,5,5,0,0,0,1
3/14/2025,69692747,3/4/2025,Free,Active,Friday,False,10,13,2,1,1,0,0
3/14/2025,70440339,3/7/2025,Paid,Active,Friday,False,7,3,4,2,0,0,0
3/14/2025,70853849,3/4/2025,Free,Active,Friday,False,10,5,3,5,0,1,0
3/14/2025,71124136,3/3/2025,Free,Active,Friday,False,11,12,1,0,0,0,0
3/14/2025,71358668,3/4/2025,Free,Active,Friday,False,10,20,2,0,0,0,0
3/14/2025,71790553,3/4/2025,Paid,Active,Friday,False,10,25,2,1,2,0,1
3/14/2025,72469436,3/3/2025,Free,Active,Friday,False,11,7,4,1,0,0,0
3/14/2025,73128237,3/7/2025,Free,Active,Friday,False,7,15,7,4,0,0,0
3/14/2025,73183069,3/6/2025,Free,Active,Friday,False,8,8,2,1,0,0,0
3/14/2025,73594845,3/4/2025,Free,Active,Friday,False,10,12,2,0,0,0,0
3/14/2025,73963079,3/4/2025,Paid,Active,Friday,False,10,16,1,2,2,0,0
3/14/2025,74062340,3/5/2025,Free,Active,Friday,False,9,1,2,1,1,0,0
3/14/2025,74598602,3/6/2025,Free,Active,Friday,False,8,22,5,2,2,0,1
3/14/2025,76395184,3/5/2025,Free,Active,Friday,False,9,2,0,3,0,0,0
3/14/2025,76671851,3/6/2025,Free,Active,Friday,False,8,3,3,5,1,0,0
3/14/2025,77337890,3/3/2025,Free,Active,Friday,False,11,10,2,4,0,0,0
3/14/2025,77362777,3/6/2025,Free,Active,Friday,False,8,2,3,0,1,0,0
3/14/2025,77687782,3/3/2025,Free,Active,Friday,False,11,84,4,2,12,0,0
3/14/2025,78432211,3/4/2025,Paid,Active,Friday,False,10,17,3,0,0,0,0
3/14/2025,78514449,3/7/2025,Free,Active,Friday,False,7,15,5,3,0,0,0
3/14/2025,78524558,3/4/2025,Free,Active,Friday,False,10,80,2,1,7,0,0
3/14/2025,79391007,3/5/2025,Free,Active,Friday,False,9,3,4,1,0,1,0
3/14/2025,79819778,3/7/2025,Free,Active,Friday,False,7,4,2,5,0,0,0
3/14/2025,79854644,3/5/2025,Free,Active,Friday,False,9,12,5,1,1,0,1
3/14/2025,80182409,3/7/2025,Free,Active,Friday,False,7,7,1,1,0,0,0
3/14/2025,80640969,3/5/2025,Free,Active,Friday,False,9,10,6,0,1,0,0
3/14/2025,81058962,3/4/2025,Free,Active,Friday,False,10,2,4,1,0,0,0
3/14/2025,81339689,3/7/2025,Free,Active,Friday,False,7,15,6,1,0,0,0
3/14/2025,81895947,3/5/2025,Free,Active,Friday,False,9,6,1,5,0,0,0
3/14/2025,82032780,3/7/2025,Free,Active,Friday,False,7,37,5,0,1,0,0
3/14/2025,82358858,3/5/2025,Free,Active,Friday,False,9,6,3,5,0,0,0
3/14/2025,85327560,3/6/2025,Free,Active,Friday,False,8,1,1,2,0,0,0
3/14/2025,86762579,3/5/2025,Paid,Active,Friday,False,9,3,2,1,1,1,0
3/14/2025,89243555,3/4/2025,Free,Active,Friday,False,10,14,1,1,2,0,0
3/14/2025,89281326,3/3/2025,Free,Active,Friday,False,11,4,6,2,0,0,0
3/14/2025,89285908,3/4/2025,Free,Active,Friday,False,10,8,9,0,3,1,1
3/14/2025,89547601,3/5/2025,Free,Active,Friday,False,9,8,8,2,0,0,0
3/14/2025,89580457,3/6/2025,Paid,Active,Friday,False,8,8,1,0,0,0,0
3/14/2025,90053100,3/3/2025,Free,Active,Friday,False,11,6,6,1,1,0,1
3/14/2025,90384679,3/6/2025,Free,Active,Friday,False,8,7,8,2,0,2,0
3/14/2025,90589301,3/5/2025,Free,Active,Friday,False,9,32,1,2,1,0,1
3/14/2025,92207376,3/7/2025,Paid,Active,Friday,False,7,3,10,0,1,0,1
3/14/2025,92575198,3/4/2025,Free,Active,Friday,False,10,16,3,4,0,0,1
3/14/2025,93721129,3/4/2025,Paid,Active,Friday,False,10,3,4,2,1,0,0
3/14/2025,93792220,3/3/2025,Free,Active,Friday,False,11,3,10,1,0,0,0
3/14/2025,93805705,3/4/2025,Free,Active,Friday,False,10,6,0,2,0,1,0
3/14/2025,94491215,3/7/2025,Free,Active,Friday,False,7,7,9,1,0,1,0
3/14/2025,94798897,3/6/2025,Free,Active,Friday,False,8,18,2,3,0,0,1
3/14/2025,95082245,3/3/2025,Free,Active,Friday,False,11,6,3,0,0,0,0
3/14/2025,95834438,3/3/2025,Free,Active,Friday,False,11,7,10,0,0,0,0
3/14/2025,96659622,3/3/2025,Free,Active,Friday,False,11,2,9,1,0,1,0
3/14/2025,97412822,3/7/2025,Free,Active,Friday,False,7,10,2,4,0,1,1
3/14/2025,97515553,3/3/2025,Free,Active,Friday,False,11,4,3,4,0,1,0
3/14/2025,99756298,3/4/2025,Free,Active,Friday,False,10,22,4,0,0,0,0
3/15/2025,10517792,3/6/2025,Free,Active,Saturday,True,9,5,9,2,1,0,0
3/15/2025,10522638,3/7/2025,Free,Active,Saturday,True,8,15,2,1,1,0,0
3/15/2025,11207503,3/3/2025,Paid,Active,Saturday,True,12,32,3,1,1,0,0
3/15/2025,11495794,3/6/2025,Paid,Active,Saturday,True,9,26,4,3,4,0,0
3/15/2025,11932799,3/7/2025,Free,Active,Saturday,True,8,14,0,0,1,0,0
3/15/2025,12089369,3/7/2025,Free,Active,Saturday,True,8,11,7,1,0,0,0
3/15/2025,12839768,3/7/2025,Free,Active,Saturday,True,8,3,5,5,1,0,0
3/15/2025,13602493,3/5/2025,Free,Active,Saturday,True,10,46,3,1,2,0,0
3/15/2025,13638476,3/4/2025,Free,Active,Saturday,True,11,4,2,4,0,1,0
3/15/2025,14003926,3/3/2025,Free,Active,Saturday,True,12,13,10,3,4,0,0
3/15/2025,14017653,3/3/2025,Free,Active,Saturday,True,12,12,2,5,0,0,0
3/15/2025,14495366,3/5/2025,Free,Active,Saturday,True,10,7,8,0,0,1,0
3/15/2025,14528458,3/5/2025,Free,Active,Saturday,True,10,65,4,0,1,0,0
3/15/2025,16005607,3/5/2025,Paid,Active,Saturday,True,10,10,1,2,0,0,0
3/15/2025,16323501,3/5/2025,Free,Active,Saturday,True,10,11,9,1,0,0,0
3/15/2025,16402515,3/7/2025,Free,Active,Saturday,True,8,8,1,2,0,0,0
3/15/2025,16675590,3/7/2025,Free,Active,Saturday,True,8,6,8,0,0,0,0
3/15/2025,17228968,3/6/2025,Paid,Active,Saturday,True,9,4,3,0,1,0,0
3/15/2025,17463270,3/3/2025,Free,Active,Saturday,True,12,8,3,1,1,0,1
3/15/2025,17983248,3/4/2025,Paid,Active,Saturday,True,11,11,11,0,0,1,0
3/15/2025,18452244,3/7/2025,Free,Active,Saturday,True,8,11,2,1,0,0,0
3/15/2025,18580473,3/5/2025,Free,Active,Saturday,True,10,9,5,2,0,1,0
3/15/2025,18873581,3/4/2025,Paid,Active,Saturday,True,11,5,6,0,0,0,0
3/15/2025,18940612,3/7/2025,Free,Active,Saturday,True,8,69,4,3,3,2,0
3/15/2025,19577042,3/6/2025,Free,Active,Saturday,True,9,12,10,1,1,0,0
3/15/2025,20119241,3/7/2025,Free,Active,Saturday,True,8,4,3,3,1,0,1
3/15/2025,20797106,3/7/2025,Free,Active,Saturday,True,8,3,3,0,0,0,0
3/15/2025,21395247,3/3/2025,Paid,Active,Saturday,True,12,17,4,1,2,0,0
3/15/2025,21502927,3/6/2025,Free,Active,Saturday,True,9,3,10,2,0,0,0
3/15/2025,22264388,3/6/2025,Paid,Active,Saturday,True,9,8,2,2,0,0,0
3/15/2025,22270217,3/7/2025,Paid,Active,Saturday,True,8,8,4,3,0,0,0
3/15/2025,22769549,3/7/2025,Free,Active,Saturday,True,8,6,1,2,0,0,0
3/15/2025,23272498,3/5/2025,Free,Active,Saturday,True,10,2,6,0,2,0,0
3/15/2025,23358649,3/5/2025,Free,Active,Saturday,True,10,12,2,4,0,0,1
3/15/2025,23940170,3/6/2025,Free,Active,Saturday,True,9,3,8,2,0,2,0
3/15/2025,24627496,3/7/2025,Paid,Active,Saturday,True,8,12,1,0,1,0,1
3/15/2025,25761792,3/6/2025,Free,Active,Saturday,True,9,10,10,2,1,0,0
3/15/2025,26103384,3/4/2025,Free,Active,Saturday,True,11,17,3,4,1,0,1
3/15/2025,27852032,3/4/2025,Free,Active,Saturday,True,11,11,3,5,0,0,0
3/15/2025,28168630,3/5/2025,Free,Active,Saturday,True,10,43,3,1,2,0,1
3/15/2025,28500176,3/7/2025,Free,Active,Saturday,True,8,1,0,1,0,0,0
3/15/2025,28569480,3/5/2025,Paid,Active,Saturday,True,10,7,5,2,0,2,1
3/15/2025,28608102,3/4/2025,Paid,Active,Saturday,True,11,12,2,2,1,0,0
3/15/2025,28947491,3/3/2025,Free,Active,Saturday,True,12,14,10,1,0,0,0
3/15/2025,29402937,3/3/2025,Free,Active,Saturday,True,12,26,2,2,0,1,0
3/15/2025,29469046,3/6/2025,Free,Active,Saturday,True,9,4,1,5,1,0,0
3/15/2025,29659181,3/6/2025,Free,Active,Saturday,True,9,15,4,1,1,0,0
3/15/2025,30427864,3/3/2025,Paid,Active,Saturday,True,12,9,6,0,1,0,0
3/15/2025,30552928,3/6/2025,Free,Active,Saturday,True,9,27,1,0,0,1,0
3/15/2025,30556865,3/4/2025,Free,Active,Saturday,True,11,8,9,1,0,1,0
3/15/2025,30665172,3/6/2025,Paid,Active,Saturday,True,9,7,3,2,0,0,0
3/15/2025,31297307,3/4/2025,Paid,Active,Saturday,True,11,7,12,1,0,0,0
3/15/2025,32287062,3/4/2025,Free,Active,Saturday,True,11,31,2,2,1,1,0
3/15/2025,33910622,3/3/2025,Paid,Active,Saturday,True,12,10,4,7,1,0,0
3/15/2025,34330277,3/7/2025,Free,Active,Saturday,True,8,3,2,4,0,0,1
3/15/2025,34614777,3/5/2025,Free,Active,Saturday,True,10,6,1,3,0,0,0
3/15/2025,34889504,3/5/2025,Free,Active,Saturday,True,10,5,9,2,0,0,0
3/15/2025,36017834,3/7/2025,Paid,Active,Saturday,True,8,14,5,1,0,0,0
3/15/2025,36329183,3/4/2025,Paid,Active,Saturday,True,11,12,5,1,0,0,0
3/15/2025,36946691,3/6/2025,Paid,Active,Saturday,True,9,8,1,6,0,0,0
3/15/2025,39114147,3/7/2025,Free,Active,Saturday,True,8,9,10,1,0,0,0
3/15/2025,40027203,3/3/2025,Free,Active,Saturday,True,12,3,6,0,0,1,0
3/15/2025,40372156,3/6/2025,Free,Active,Saturday,True,9,30,1,2,1,0,0
3/15/2025,40836783,3/5/2025,Free,Active,Saturday,True,10,10,10,1,0,0,0
3/15/2025,43009397,3/7/2025,Paid,Active,Saturday,True,8,11,4,1,1,0,0
3/15/2025,43056250,3/7/2025,Free,Active,Saturday,True,8,10,1,2,0,0,0
3/15/2025,43564818,3/4/2025,Free,Active,Saturday,True,11,15,3,5,0,0,0
3/15/2025,43763913,3/7/2025,Free,Active,Saturday,True,8,5,6,0,0,0,0
3/15/2025,44441861,3/6/2025,Free,Active,Saturday,True,9,4,1,1,0,0,1
3/15/2025,44549411,3/3/2025,Paid,Active,Saturday,True,12,16,17,2,1,1,0
3/15/2025,45150214,3/5/2025,Free,Active,Saturday,True,10,3,0,3,1,0,0
3/15/2025,46347412,3/5/2025,Free,Active,Saturday,True,10,4,9,1,0,0,0
3/15/2025,46768760,3/3/2025,Free,Active,Saturday,True,12,12,4,2,0,0,0
3/15/2025,48501532,3/5/2025,Free,Active,Saturday,True,10,13,3,2,0,0,0
3/15/2025,48924961,3/6/2025,Free,Active,Saturday,True,9,23,6,3,2,0,0
3/15/2025,50309563,3/5/2025,Paid,Active,Saturday,True,10,1,5,1,0,0,0
3/15/2025,50549387,3/6/2025,Free,Active,Saturday,True,9,10,3,2,0,0,0
3/15/2025,51154578,3/6/2025,Paid,Active,Saturday,True,9,14,13,3,1,0,0
3/15/2025,51499006,3/7/2025,Free,Active,Saturday,True,8,4,10,1,2,0,0
3/15/2025,51531887,3/5/2025,Paid,Active,Saturday,True,10,28,5,3,3,0,0
3/15/2025,52355265,3/4/2025,Free,Active,Saturday,True,11,7,1,0,0,0,0
3/15/2025,52607867,3/5/2025,Paid,Active,Saturday,True,10,5,2,1,0,0,0
3/15/2025,52702390,3/4/2025,Free,Active,Saturday,True,11,16,10,3,0,0,0
3/15/2025,52823633,3/3/2025,Free,Active,Saturday,True,12,12,2,1,2,0,0
3/15/2025,53226858,3/4/2025,Paid,Active,Saturday,True,11,3,3,5,2,0,0
3/15/2025,53588630,3/4/2025,Free,Active,Saturday,True,11,5,0,0,1,0,0
3/15/2025,54276839,3/6/2025,Paid,Active,Saturday,True,9,22,5,1,0,0,0
3/15/2025,54604771,3/5/2025,Paid,Active,Saturday,True,10,6,12,1,0,0,0
3/15/2025,54677898,3/5/2025,Free,Active,Saturday,True,10,5,1,4,0,0,0
3/15/2025,55617207,3/6/2025,Free,Active,Saturday,True,9,11,10,3,1,0,0
3/15/2025,55796778,3/7/2025,Paid,Active,Saturday,True,8,8,1,1,0,0,0
3/15/2025,56195615,3/7/2025,Free,Active,Saturday,True,8,10,3,5,0,0,0
3/15/2025,57595168,3/3/2025,Free,Active,Saturday,True,12,32,4,3,0,0,0
3/15/2025,57850647,3/3/2025,Paid,Active,Saturday,True,12,21,4,1,1,0,1
3/15/2025,58798972,3/7/2025,Paid,Active,Saturday,True,8,22,1,1,2,1,1
3/15/2025,58890543,3/6/2025,Free,Active,Saturday,True,9,4,5,1,0,0,0
3/15/2025,59132781,3/7/2025,Paid,Active,Saturday,True,8,9,9,1,0,0,0
3/15/2025,59320316,3/4/2025,Free,Active,Saturday,True,11,16,9,1,1,0,1
3/15/2025,59783512,3/5/2025,Paid,Active,Saturday,True,10,28,5,1,2,0,0
3/15/2025,60415773,3/6/2025,Free,Active,Saturday,True,9,3,10,0,0,0,0
3/15/2025,60977230,3/4/2025,Free,Active,Saturday,True,11,14,10,3,1,0,0
3/15/2025,61125704,3/3/2025,Paid,Cancelled,Saturday,True,12,19,3,1,0,0,0
3/15/2025,61356578,3/3/2025,Free,Active,Saturday,True,12,10,8,1,0,0,0
3/15/2025,61786206,3/3/2025,Free,Active,Saturday,True,12,9,4,5,0,0,0
3/15/2025,62820168,3/7/2025,Free,Active,Saturday,True,8,9,4,5,0,0,0
3/15/2025,63493466,3/6/2025,Free,Active,Saturday,True,9,8,2,3,0,2,0
3/15/2025,63534569,3/7/2025,Paid,Active,Saturday,True,8,6,10,1,0,1,0
3/15/2025,63585558,3/6/2025,Free,Active,Saturday,True,9,12,7,1,1,0,0
3/15/2025,63823859,3/4/2025,Free,Active,Saturday,True,11,9,4,3,0,0,0
3/15/2025,64826108,3/4/2025,Paid,Active,Saturday,True,11,16,2,2,0,1,0
3/15/2025,64875604,3/6/2025,Free,Active,Saturday,True,9,6,7,1,0,0,1
3/15/2025,65164953,3/4/2025,Free,Active,Saturday,True,11,6,3,4,0,0,1
3/15/2025,65636763,3/5/2025,Paid,Active,Saturday,True,10,10,10,1,0,0,0
3/15/2025,66077920,3/3/2025,Paid,Active,Saturday,True,12,5,2,0,0,0,1
3/15/2025,66085019,3/5/2025,Free,Active,Saturday,True,10,16,10,1,0,0,0
3/15/2025,67901718,3/7/2025,Free,Active,Saturday,True,8,8,4,1,1,1,0
3/15/2025,68233734,3/3/2025,Free,Active,Saturday,True,12,9,3,4,1,1,1
3/15/2025,69497858,3/4/2025,Free,Active,Saturday,True,11,6,3,1,0,0,0
3/15/2025,69692747,3/4/2025,Free,Active,Saturday,True,11,84,1,1,3,0,0
3/15/2025,70007939,3/4/2025,Free,Active,Saturday,True,11,17,3,1,2,0,0
3/15/2025,70268283,3/4/2025,Free,Active,Saturday,True,11,4,9,0,0,1,0
3/15/2025,70440339,3/7/2025,Paid,Active,Saturday,True,8,7,3,6,0,0,0
3/15/2025,71358668,3/4/2025,Free,Active,Saturday,True,11,31,4,2,0,0,0
3/15/2025,71790553,3/4/2025,Paid,Active,Saturday,True,11,32,3,2,0,0,0
3/15/2025,72469436,3/3/2025,Free,Active,Saturday,True,12,14,1,0,0,0,0
3/15/2025,73128237,3/7/2025,Free,Active,Saturday,True,8,18,3,5,0,0,0
3/15/2025,73183069,3/6/2025,Free,Active,Saturday,True,9,9,2,0,3,0,0
3/15/2025,73530116,3/3/2025,Paid,Active,Saturday,True,12,13,2,0,1,0,0
3/15/2025,73594845,3/4/2025,Free,Active,Saturday,True,11,33,2,0,0,0,0
3/15/2025,73963079,3/4/2025,Paid,Active,Saturday,True,11,21,2,2,3,1,0
3/15/2025,74062340,3/5/2025,Free,Active,Saturday,True,10,3,1,5,1,0,0
3/15/2025,74092029,3/6/2025,Paid,Active,Saturday,True,9,4,3,7,0,1,0
3/15/2025,74484152,3/4/2025,Paid,Active,Saturday,True,11,18,7,2,0,0,1
3/15/2025,74598602,3/6/2025,Free,Active,Saturday,True,9,23,3,2,0,1,0
3/15/2025,74774119,3/7/2025,Free,Active,Saturday,True,8,11,2,1,1,0,0
3/15/2025,76023894,3/4/2025,Free,Active,Saturday,True,11,4,9,1,0,0,0
3/15/2025,76295172,3/3/2025,Paid,Active,Saturday,True,12,6,2,0,0,0,0
3/15/2025,76306583,3/6/2025,Free,Active,Saturday,True,9,11,10,1,1,0,0
3/15/2025,76395184,3/5/2025,Free,Active,Saturday,True,10,4,1,1,0,0,0
3/15/2025,76587233,3/4/2025,Paid,Active,Saturday,True,11,27,1,1,2,0,0
3/15/2025,76671851,3/6/2025,Free,Active,Saturday,True,9,4,3,5,0,0,0
3/15/2025,77337890,3/3/2025,Paid,Active,Saturday,True,12,3,4,1,0,0,0
3/15/2025,77452854,3/7/2025,Paid,Active,Saturday,True,8,2,5,1,0,0,0
3/15/2025,77687782,3/3/2025,Free,Active,Saturday,True,12,38,3,0,1,0,0
3/15/2025,77836185,3/3/2025,Free,Active,Saturday,True,12,7,1,3,0,0,0
3/15/2025,78432211,3/4/2025,Paid,Active,Saturday,True,11,31,2,1,0,1,0
3/15/2025,78514449,3/7/2025,Free,Active,Saturday,True,8,14,3,1,1,0,0
3/15/2025,78524558,3/4/2025,Free,Active,Saturday,True,11,53,2,0,4,0,0
3/15/2025,79391007,3/5/2025,Free,Active,Saturday,True,10,11,8,0,0,0,0
3/15/2025,79854644,3/5/2025,Free,Active,Saturday,True,10,12,10,1,0,0,0
3/15/2025,80182409,3/7/2025,Free,Active,Saturday,True,8,7,5,0,0,0,0
3/15/2025,80322173,3/5/2025,Free,Active,Saturday,True,10,2,3,5,1,0,0
3/15/2025,80640969,3/5/2025,Free,Active,Saturday,True,10,10,8,2,0,0,0
3/15/2025,81058962,3/4/2025,Free,Active,Saturday,True,11,2,2,0,0,1,1
3/15/2025,81339689,3/7/2025,Free,Active,Saturday,True,8,47,4,2,1,0,1
3/15/2025,81895947,3/5/2025,Free,Active,Saturday,True,10,4,1,5,0,0,0
3/15/2025,82032780,3/7/2025,Free,Active,Saturday,True,8,14,4,3,2,0,0
3/15/2025,82358858,3/5/2025,Free,Active,Saturday,True,10,5,3,5,0,0,0
3/15/2025,83673862,3/3/2025,Free,Active,Saturday,True,12,3,1,1,0,0,0
3/15/2025,83753999,3/6/2025,Free,Active,Saturday,True,9,2,10,0,0,0,0
3/15/2025,84047697,3/5/2025,Free,Active,Saturday,True,10,15,3,4,2,0,1
3/15/2025,85287879,3/5/2025,Free,Active,Saturday,True,10,5,5,1,1,0,0
3/15/2025,85697187,3/3/2025,Free,Active,Saturday,True,12,7,4,3,2,0,0
3/15/2025,86762579,3/5/2025,Paid,Active,Saturday,True,10,9,3,2,0,0,0
3/15/2025,89285908,3/4/2025,Free,Active,Saturday,True,11,8,9,1,1,1,1
3/15/2025,89505560,3/5/2025,Free,Active,Saturday,True,10,3,3,5,1,0,0
3/15/2025,89669730,3/7/2025,Paid,Active,Saturday,True,8,18,1,1,2,0,0
3/15/2025,90053100,3/3/2025,Free,Active,Saturday,True,12,7,6,0,0,1,0
3/15/2025,90384679,3/6/2025,Free,Active,Saturday,True,9,14,7,3,0,1,0
3/15/2025,90589301,3/5/2025,Free,Active,Saturday,True,10,16,2,0,0,0,1
3/15/2025,91286478,3/7/2025,Free,Active,Saturday,True,8,6,1,1,0,0,0
3/15/2025,92207376,3/7/2025,Paid,Active,Saturday,True,8,7,8,2,1,0,0
3/15/2025,92575198,3/4/2025,Free,Active,Saturday,True,11,12,3,5,0,0,0
3/15/2025,93721129,3/4/2025,Paid,Active,Saturday,True,11,10,0,4,0,1,0
3/15/2025,93792220,3/3/2025,Free,Active,Saturday,True,12,7,6,1,0,1,0
3/15/2025,94491215,3/7/2025,Free,Active,Saturday,True,8,12,10,2,0,0,0
3/15/2025,94798897,3/6/2025,Free,Active,Saturday,True,9,4,5,4,0,2,0
3/15/2025,95082245,3/3/2025,Free,Active,Saturday,True,12,2,6,1,0,0,0
3/15/2025,95432541,3/4/2025,Free,Active,Saturday,True,11,5,6,0,0,0,0
3/15/2025,95928771,3/5/2025,Paid,Active,Saturday,True,10,6,3,2,0,0,0
3/15/2025,96268661,3/6/2025,Free,Active,Saturday,True,9,6,1,1,0,0,0
3/15/2025,96659622,3/3/2025,Free,Active,Saturday,True,12,2,6,2,0,0,0
3/15/2025,97412822,3/7/2025,Free,Active,Saturday,True,8,10,4,1,2,0,0
3/15/2025,97515553,3/3/2025,Free,Active,Saturday,True,12,3,2,2,0,1,0
3/15/2025,98060216,3/5/2025,Free,Active,Saturday,True,10,13,1,1,1,0,0
3/15/2025,99756298,3/4/2025,Free,Active,Saturday,True,11,77,1,2,1,0,0
3/16/2025,10213838,3/4/2025,Free,Active,Sunday,True,12,4,4,0,0,0,0
3/16/2025,10439750,3/6/2025,Paid,Active,Sunday,True,10,10,3,2,1,0,0
3/16/2025,10453161,3/5/2025,Free,Active,Sunday,True,11,25,3,1,1,0,0
3/16/2025,10522638,3/7/2025,Paid,Active,Sunday,True,9,8,1,1,0,0,0
3/16/2025,11207503,3/3/2025,Paid,Active,Sunday,True,13,37,1,3,3,0,0
3/16/2025,11495794,3/6/2025,Paid,Active,Sunday,True,10,35,3,1,1,0,1
3/16/2025,11818207,3/6/2025,Free,Active,Sunday,True,10,2,10,0,1,0,0
3/16/2025,11932799,3/7/2025,Free,Active,Sunday,True,9,17,1,0,2,0,0
3/16/2025,12089369,3/7/2025,Free,Active,Sunday,True,9,10,10,2,0,0,0
3/16/2025,12839768,3/7/2025,Free,Active,Sunday,True,9,4,5,5,3,0,0
3/16/2025,13638476,3/4/2025,Free,Active,Sunday,True,12,6,4,5,0,0,0
3/16/2025,14003926,3/3/2025,Free,Active,Sunday,True,13,10,10,1,0,0,0
3/16/2025,14017653,3/3/2025,Free,Active,Sunday,True,13,11,2,2,0,1,1
3/16/2025,14209843,3/4/2025,Free,Active,Sunday,True,12,8,3,4,0,0,0
3/16/2025,14495366,3/5/2025,Free,Active,Sunday,True,11,4,6,1,1,0,0
3/16/2025,14528458,3/5/2025,Free,Active,Sunday,True,11,28,3,2,0,1,0
3/16/2025,14851543,3/7/2025,Free,Active,Sunday,True,9,12,3,4,0,0,0
3/16/2025,15450669,3/6/2025,Free,Active,Sunday,True,10,10,3,1,0,1,0
3/16/2025,15647148,3/6/2025,Free,Active,Sunday,True,10,17,2,0,2,0,0
3/16/2025,16005607,3/5/2025,Paid,Active,Sunday,True,11,8,3,1,1,1,0
3/16/2025,16175009,3/5/2025,Free,Active,Sunday,True,11,3,3,0,1,0,0
3/16/2025,16323501,3/5/2025,Free,Active,Sunday,True,11,10,8,1,1,1,0
3/16/2025,16402515,3/7/2025,Free,Active,Sunday,True,9,3,2,2,1,0,0
3/16/2025,16675590,3/7/2025,Free,Active,Sunday,True,9,12,10,2,0,0,0
3/16/2025,17008029,3/6/2025,Free,Active,Sunday,True,10,5,0,1,1,0,0
3/16/2025,17463270,3/3/2025,Free,Active,Sunday,True,13,71,2,0,1,0,0
3/16/2025,17983248,3/4/2025,Paid,Active,Sunday,True,12,3,4,1,0,0,0
3/16/2025,18139249,3/3/2025,Free,Active,Sunday,True,13,3,10,1,1,0,0
3/16/2025,18452244,3/7/2025,Free,Active,Sunday,True,9,7,4,5,0,0,0
3/16/2025,18580473,3/5/2025,Free,Active,Sunday,True,11,7,6,3,0,0,0
3/16/2025,18940612,3/7/2025,Free,Active,Sunday,True,9,38,2,3,2,1,0
3/16/2025,19577042,3/6/2025,Free,Active,Sunday,True,10,3,7,2,1,0,0
3/16/2025,20119241,3/7/2025,Free,Active,Sunday,True,9,4,3,4,1,0,0
3/16/2025,20473587,3/5/2025,Free,Active,Sunday,True,11,28,2,1,0,0,0
3/16/2025,21245339,3/7/2025,Free,Active,Sunday,True,9,25,4,0,2,0,0
3/16/2025,21395247,3/3/2025,Paid,Active,Sunday,True,13,24,2,0,2,0,0
3/16/2025,21502927,3/6/2025,Free,Active,Sunday,True,10,8,9,1,1,0,0
3/16/2025,22067873,3/3/2025,Free,Active,Sunday,True,13,9,10,0,0,0,2
3/16/2025,22264388,3/6/2025,Paid,Active,Sunday,True,10,9,4,1,0,0,1
3/16/2025,22270217,3/7/2025,Paid,Active,Sunday,True,9,6,1,3,0,0,0
3/16/2025,23272498,3/5/2025,Free,Active,Sunday,True,11,5,8,2,1,2,0
3/16/2025,23940170,3/6/2025,Free,Active,Sunday,True,10,8,6,0,0,3,0
3/16/2025,25761792,3/6/2025,Free,Active,Sunday,True,10,16,9,2,0,0,1
3/16/2025,25983272,3/4/2025,Free,Active,Sunday,True,12,5,2,1,0,0,0
3/16/2025,26103384,3/4/2025,Free,Active,Sunday,True,12,14,7,4,3,0,1
3/16/2025,27469715,3/4/2025,Free,Active,Sunday,True,12,11,2,0,1,0,0
3/16/2025,27852032,3/4/2025,Free,Active,Sunday,True,12,6,4,5,2,0,0
3/16/2025,28032367,3/4/2025,Free,Active,Sunday,True,12,11,8,0,0,0,0
3/16/2025,28168630,3/5/2025,Free,Active,Sunday,True,11,16,2,1,1,0,0
3/16/2025,28500176,3/7/2025,Free,Active,Sunday,True,9,3,0,1,0,0,1
3/16/2025,28569480,3/5/2025,Paid,Active,Sunday,True,11,8,6,5,1,0,1
3/16/2025,28608102,3/4/2025,Paid,Active,Sunday,True,12,15,2,1,3,0,0
3/16/2025,28947491,3/3/2025,Free,Active,Sunday,True,13,15,7,2,1,0,0
3/16/2025,29402937,3/3/2025,Free,Active,Sunday,True,13,27,3,1,2,0,0
3/16/2025,29659181,3/6/2025,Free,Active,Sunday,True,10,15,2,2,1,0,0
3/16/2025,30377112,3/3/2025,Free,Active,Sunday,True,13,9,4,5,1,0,0
3/16/2025,30556865,3/4/2025,Free,Active,Sunday,True,12,7,9,1,0,1,0
3/16/2025,31297307,3/4/2025,Paid,Active,Sunday,True,12,9,7,0,1,1,0
3/16/2025,32287062,3/4/2025,Free,Active,Sunday,True,12,8,3,1,0,1,0
3/16/2025,33834899,3/5/2025,Paid,Active,Sunday,True,11,3,10,0,0,0,0
3/16/2025,33910622,3/3/2025,Paid,Active,Sunday,True,13,6,3,7,1,1,2
3/16/2025,34138344,3/3/2025,Paid,Active,Sunday,True,13,9,4,5,1,0,0
3/16/2025,34330277,3/7/2025,Free,Active,Sunday,True,9,7,2,2,0,1,1
3/16/2025,34614777,3/5/2025,Free,Active,Sunday,True,11,9,1,2,0,0,0
3/16/2025,34782115,3/4/2025,Free,Active,Sunday,True,12,5,5,1,1,1,0
3/16/2025,34889504,3/5/2025,Free,Active,Sunday,True,11,8,10,2,0,0,0
3/16/2025,36329183,3/4/2025,Paid,Active,Sunday,True,12,16,11,2,1,0,0
3/16/2025,36946691,3/6/2025,Paid,Active,Sunday,True,10,4,3,2,0,0,0
3/16/2025,37577338,3/3/2025,Free,Active,Sunday,True,13,24,4,1,4,0,0
3/16/2025,38413248,3/7/2025,Free,Active,Sunday,True,9,4,10,0,0,0,0
3/16/2025,39114147,3/7/2025,Free,Active,Sunday,True,9,7,8,3,0,1,0
3/16/2025,39554899,3/4/2025,Free,Active,Sunday,True,12,11,3,2,1,0,0
3/16/2025,40070917,3/4/2025,Paid,Active,Sunday,True,12,25,1,1,3,0,0
3/16/2025,40071067,3/7/2025,Free,Active,Sunday,True,9,4,7,1,0,0,0
3/16/2025,40372156,3/6/2025,Free,Active,Sunday,True,10,20,1,2,1,0,0
3/16/2025,40836783,3/5/2025,Free,Active,Sunday,True,11,3,10,1,0,0,0
3/16/2025,42233475,3/5/2025,Free,Active,Sunday,True,11,10,10,1,0,0,0
3/16/2025,43056250,3/7/2025,Free,Active,Sunday,True,9,12,3,5,0,0,0
3/16/2025,43564818,3/4/2025,Free,Active,Sunday,True,12,15,2,3,0,0,2
3/16/2025,43763913,3/7/2025,Free,Active,Sunday,True,9,8,8,2,0,0,0
3/16/2025,44441861,3/6/2025,Free,Active,Sunday,True,10,4,1,1,0,0,1
3/16/2025,44549411,3/3/2025,Paid,Active,Sunday,True,13,14,14,2,2,1,0
3/16/2025,46347412,3/5/2025,Free,Active,Sunday,True,11,8,5,1,0,0,1
3/16/2025,46768760,3/3/2025,Free,Active,Sunday,True,13,7,4,4,0,0,1
3/16/2025,47269107,3/5/2025,Free,Active,Sunday,True,11,6,6,2,2,1,0
3/16/2025,47729983,3/7/2025,Free,Active,Sunday,True,9,6,5,0,1,0,0
3/16/2025,48501532,3/5/2025,Free,Active,Sunday,True,11,11,2,1,0,0,0
3/16/2025,48924961,3/6/2025,Free,Active,Sunday,True,10,23,3,1,1,0,0
3/16/2025,50309563,3/5/2025,Paid,Active,Sunday,True,11,1,7,0,0,0,0
3/16/2025,50549387,3/6/2025,Free,Active,Sunday,True,10,14,2,0,0,0,0
3/16/2025,51154578,3/6/2025,Paid,Active,Sunday,True,10,6,6,2,0,0,0
3/16/2025,51499006,3/7/2025,Free,Active,Sunday,True,9,16,7,3,1,0,0
3/16/2025,51531887,3/5/2025,Paid,Active,Sunday,True,11,44,3,2,1,0,0
3/16/2025,52702390,3/4/2025,Free,Active,Sunday,True,12,17,3,3,1,1,0
3/16/2025,52823633,3/3/2025,Free,Active,Sunday,True,13,16,5,1,0,0,0
3/16/2025,53226858,3/4/2025,Paid,Active,Sunday,True,12,9,1,2,2,0,0
3/16/2025,54276839,3/6/2025,Paid,Active,Sunday,True,10,41,1,2,3,2,0
3/16/2025,54604771,3/5/2025,Paid,Active,Sunday,True,11,3,11,1,1,1,0
3/16/2025,54677898,3/5/2025,Free,Active,Sunday,True,11,10,2,1,0,0,0
3/16/2025,55617207,3/6/2025,Free,Active,Sunday,True,10,14,9,0,1,0,0
3/16/2025,56195615,3/7/2025,Free,Active,Sunday,True,9,6,6,2,1,0,0
3/16/2025,57595168,3/3/2025,Free,Active,Sunday,True,13,30,3,2,0,0,0
3/16/2025,58798972,3/7/2025,Paid,Active,Sunday,True,9,9,1,1,0,0,0
3/16/2025,58890543,3/6/2025,Free,Active,Sunday,True,10,9,8,1,0,0,0
3/16/2025,59132781,3/7/2025,Paid,Active,Sunday,True,9,4,11,1,0,0,0
3/16/2025,59320316,3/4/2025,Free,Active,Sunday,True,12,16,8,1,0,2,0
3/16/2025,59783512,3/5/2025,Paid,Active,Sunday,True,11,19,2,1,2,0,0
3/16/2025,60415773,3/6/2025,Free,Active,Sunday,True,10,8,7,0,0,0,1
3/16/2025,60977230,3/4/2025,Free,Active,Sunday,True,12,8,8,2,0,0,0
3/16/2025,61356578,3/3/2025,Free,Active,Sunday,True,13,14,10,2,1,0,0
3/16/2025,61786206,3/3/2025,Free,Active,Sunday,True,13,4,1,4,0,0,0
3/16/2025,63493466,3/6/2025,Free,Active,Sunday,True,10,5,1,5,0,1,0
3/16/2025,63534569,3/7/2025,Paid,Active,Sunday,True,9,10,12,1,0,0,0
3/16/2025,63585558,3/6/2025,Free,Active,Sunday,True,10,7,9,1,1,1,0
3/16/2025,63823859,3/4/2025,Free,Active,Sunday,True,12,3,2,5,0,0,0
3/16/2025,64826108,3/4/2025,Paid,Active,Sunday,True,12,26,3,3,1,0,0
3/16/2025,64875604,3/6/2025,Free,Active,Sunday,True,10,5,7,2,0,0,0
3/16/2025,65164953,3/4/2025,Free,Active,Sunday,True,12,7,3,3,0,0,0
3/16/2025,65636763,3/5/2025,Paid,Active,Sunday,True,11,6,7,1,0,0,0
3/16/2025,66077920,3/3/2025,Paid,Active,Sunday,True,13,6,0,2,1,0,0
3/16/2025,66085019,3/5/2025,Free,Active,Sunday,True,11,8,7,1,0,0,0
3/16/2025,68233734,3/3/2025,Free,Active,Sunday,True,13,10,4,4,1,0,0
3/16/2025,68955030,3/6/2025,Free,Active,Sunday,True,10,4,2,2,0,0,0
3/16/2025,70007939,3/4/2025,Free,Active,Sunday,True,12,13,4,0,0,0,1
3/16/2025,70268283,3/4/2025,Free,Active,Sunday,True,12,9,7,1,0,1,0
3/16/2025,70440339,3/7/2025,Paid,Active,Sunday,True,9,11,4,4,0,0,0
3/16/2025,70853849,3/4/2025,Free,Active,Sunday,True,12,6,3,3,0,0,0
3/16/2025,71124136,3/3/2025,Free,Active,Sunday,True,13,25,1,1,2,0,0
3/16/2025,71358668,3/4/2025,Free,Active,Sunday,True,12,8,1,1,0,0,0
3/16/2025,71790553,3/4/2025,Paid,Active,Sunday,True,12,11,1,0,3,0,0
3/16/2025,73128237,3/7/2025,Paid,Active,Sunday,True,9,8,1,7,2,1,1
3/16/2025,73567762,3/6/2025,Free,Active,Sunday,True,10,6,1,3,0,0,0
3/16/2025,73594845,3/4/2025,Free,Active,Sunday,True,12,26,2,1,1,0,0
3/16/2025,73963079,3/4/2025,Paid,Active,Sunday,True,12,10,4,2,0,0,0
3/16/2025,74062340,3/5/2025,Free,Active,Sunday,True,11,2,1,1,0,0,0
3/16/2025,74092029,3/6/2025,Paid,Active,Sunday,True,10,12,5,2,0,1,0
3/16/2025,74484152,3/4/2025,Paid,Active,Sunday,True,12,7,6,1,0,0,1
3/16/2025,74598602,3/6/2025,Free,Active,Sunday,True,10,27,2,1,0,0,0
3/16/2025,74774119,3/7/2025,Free,Active,Sunday,True,9,7,1,0,0,0,0
3/16/2025,76023894,3/4/2025,Free,Active,Sunday,True,12,6,9,1,1,1,0
3/16/2025,76306583,3/6/2025,Free,Active,Sunday,True,10,12,8,2,0,2,0
3/16/2025,76395184,3/5/2025,Free,Active,Sunday,True,11,4,0,2,0,0,0
3/16/2025,76671851,3/6/2025,Free,Active,Sunday,True,10,7,2,4,0,1,1
3/16/2025,77337890,3/3/2025,Paid,Active,Sunday,True,13,5,3,3,0,0,1
3/16/2025,77362777,3/6/2025,Free,Active,Sunday,True,10,7,3,0,1,0,0
3/16/2025,77452854,3/7/2025,Paid,Active,Sunday,True,9,2,5,0,0,0,0
3/16/2025,77687782,3/3/2025,Free,Active,Sunday,True,13,22,3,3,1,0,0
3/16/2025,77836185,3/3/2025,Free,Active,Sunday,True,13,4,1,2,0,0,0
3/16/2025,78514449,3/7/2025,Free,Active,Sunday,True,9,11,3,3,1,0,0
3/16/2025,78524558,3/4/2025,Free,Active,Sunday,True,12,10,4,2,0,0,0
3/16/2025,79391007,3/5/2025,Free,Active,Sunday,True,11,6,9,1,0,1,0
3/16/2025,79819778,3/7/2025,Free,Active,Sunday,True,9,6,2,5,2,0,0
3/16/2025,79854644,3/5/2025,Free,Active,Sunday,True,11,15,10,1,3,0,0
3/16/2025,80322173,3/5/2025,Free,Active,Sunday,True,11,7,4,5,0,0,0
3/16/2025,80640969,3/5/2025,Free,Active,Sunday,True,11,4,6,2,0,0,0
3/16/2025,81058962,3/4/2025,Free,Active,Sunday,True,12,5,6,0,0,0,0
3/16/2025,81062415,3/7/2025,Free,Active,Sunday,True,9,6,3,2,0,0,0
3/16/2025,81339689,3/7/2025,Free,Active,Sunday,True,9,40,4,1,1,0,0
3/16/2025,81895947,3/5/2025,Free,Active,Sunday,True,11,7,1,3,0,0,0
3/16/2025,82032780,3/7/2025,Free,Active,Sunday,True,9,13,6,3,0,0,0
3/16/2025,82358858,3/5/2025,Free,Active,Sunday,True,11,6,2,5,0,0,0
3/16/2025,83753999,3/6/2025,Free,Active,Sunday,True,10,4,6,1,0,0,0
3/16/2025,84047697,3/5/2025,Free,Active,Sunday,True,11,8,2,2,2,0,0
3/16/2025,85292675,3/3/2025,Free,Active,Sunday,True,13,5,6,0,0,0,0
3/16/2025,85697187,3/3/2025,Free,Active,Sunday,True,13,5,2,1,0,0,0
3/16/2025,86372804,3/3/2025,Paid,Active,Sunday,True,13,5,5,0,0,0,0
3/16/2025,86762579,3/5/2025,Paid,Active,Sunday,True,11,7,4,5,0,0,0
3/16/2025,89243555,3/4/2025,Free,Active,Sunday,True,12,17,2,1,0,0,0
3/16/2025,89285908,3/4/2025,Free,Active,Sunday,True,12,10,10,0,1,0,0
3/16/2025,89580457,3/6/2025,Paid,Active,Sunday,True,10,9,1,1,0,0,0
3/16/2025,89669730,3/7/2025,Paid,Active,Sunday,True,9,10,4,1,2,0,0
3/16/2025,90384679,3/6/2025,Free,Active,Sunday,True,10,11,8,1,1,2,0
3/16/2025,90589301,3/5/2025,Free,Active,Sunday,True,11,17,2,2,1,0,0
3/16/2025,91286478,3/7/2025,Free,Active,Sunday,True,9,16,1,1,2,1,0
3/16/2025,92207376,3/7/2025,Paid,Active,Sunday,True,9,7,3,0,1,0,0
3/16/2025,92575198,3/4/2025,Free,Active,Sunday,True,12,17,5,5,0,0,0
3/16/2025,93721129,3/4/2025,Paid,Active,Sunday,True,12,4,5,2,0,0,0
3/16/2025,93792220,3/3/2025,Free,Active,Sunday,True,13,5,10,1,1,0,0
3/16/2025,94491215,3/7/2025,Free,Active,Sunday,True,9,10,9,1,0,0,0
3/16/2025,95082245,3/3/2025,Free,Active,Sunday,True,13,5,6,0,1,0,0
3/16/2025,95834438,3/3/2025,Free,Active,Sunday,True,13,7,4,1,1,0,0
3/16/2025,95928771,3/5/2025,Paid,Active,Sunday,True,11,10,3,0,1,1,1
3/16/2025,96659622,3/3/2025,Free,Active,Sunday,True,13,3,9,1,0,0,0
3/16/2025,97412822,3/7/2025,Free,Active,Sunday,True,9,5,2,2,1,0,0
3/16/2025,97515553,3/3/2025,Free,Active,Sunday,True,13,5,2,3,0,0,0
3/17/2025,10213838,3/4/2025,Free,Active,Monday,False,13,2,3,0,0,0,0
3/17/2025,10439750,3/6/2025,Paid,Active,Monday,False,11,26,4,1,0,0,1
3/17/2025,10517792,3/6/2025,Free,Active,Monday,False,11,7,3,1,1,0,0
3/17/2025,10522638,3/7/2025,Paid,Active,Monday,False,10,21,4,1,1,0,0
3/17/2025,10732956,3/6/2025,Free,Active,Monday,False,11,5,2,3,0,0,0
3/17/2025,11207503,3/3/2025,Paid,Active,Monday,False,14,20,4,2,0,0,0
3/17/2025,11495794,3/6/2025,Paid,Active,Monday,False,11,37,2,1,4,0,0
3/17/2025,11818207,3/6/2025,Free,Active,Monday,False,11,3,3,1,1,0,0
3/17/2025,11932799,3/7/2025,Free,Active,Monday,False,10,7,1,1,0,0,0
3/17/2025,12089369,3/7/2025,Free,Active,Monday,False,10,10,8,2,1,1,0
3/17/2025,12218224,3/6/2025,Free,Active,Monday,False,11,4,1,3,0,0,0
3/17/2025,13638476,3/4/2025,Free,Active,Monday,False,13,3,1,4,0,0,1
3/17/2025,14003926,3/3/2025,Free,Active,Monday,False,14,14,9,2,0,1,0
3/17/2025,14017653,3/3/2025,Free,Active,Monday,False,14,8,2,4,1,0,1
3/17/2025,14528458,3/5/2025,Free,Active,Monday,False,12,49,1,0,2,0,0
3/17/2025,14851543,3/7/2025,Free,Active,Monday,False,10,7,3,5,0,0,0
3/17/2025,15647148,3/6/2025,Free,Active,Monday,False,11,16,3,0,0,0,0
3/17/2025,16005607,3/5/2025,Paid,Active,Monday,False,12,21,3,2,2,1,0
3/17/2025,16175009,3/5/2025,Free,Active,Monday,False,12,1,9,1,0,1,0
3/17/2025,16323501,3/5/2025,Free,Active,Monday,False,12,9,10,0,0,0,0
3/17/2025,16402515,3/7/2025,Free,Active,Monday,False,10,11,1,2,0,0,0
3/17/2025,16675590,3/7/2025,Free,Active,Monday,False,10,3,9,2,1,1,0
3/17/2025,17228968,3/6/2025,Paid,Active,Monday,False,11,11,4,0,1,0,1
3/17/2025,17983248,3/4/2025,Paid,Active,Monday,False,13,7,11,2,0,1,0
3/17/2025,18452244,3/7/2025,Free,Active,Monday,False,10,5,2,3,1,0,1
3/17/2025,18940612,3/7/2025,Free,Active,Monday,False,10,48,6,0,0,1,1
3/17/2025,19577042,3/6/2025,Free,Active,Monday,False,11,5,10,2,1,0,1
3/17/2025,20119241,3/7/2025,Free,Active,Monday,False,10,4,3,3,1,0,0
3/17/2025,20797106,3/7/2025,Free,Active,Monday,False,10,4,9,0,1,1,0
3/17/2025,21395247,3/3/2025,Paid,Active,Monday,False,14,8,2,1,1,1,1
3/17/2025,21502927,3/6/2025,Free,Active,Monday,False,11,6,7,0,0,1,0
3/17/2025,22067873,3/3/2025,Free,Active,Monday,False,14,3,4,1,1,0,0
3/17/2025,22264388,3/6/2025,Paid,Active,Monday,False,11,11,1,1,1,0,0
3/17/2025,22270217,3/7/2025,Paid,Active,Monday,False,10,11,3,3,0,1,0
3/17/2025,23272498,3/5/2025,Free,Active,Monday,False,12,5,3,0,0,1,0
3/17/2025,23358649,3/5/2025,Free,Active,Monday,False,12,12,4,4,0,0,1
3/17/2025,24627496,3/7/2025,Paid,Active,Monday,False,10,17,2,0,1,0,0
3/17/2025,25761792,3/6/2025,Free,Active,Monday,False,11,12,10,2,2,0,0
3/17/2025,26103384,3/4/2025,Free,Active,Monday,False,13,15,1,5,2,1,0
3/17/2025,27852032,3/4/2025,Free,Active,Monday,False,13,5,4,5,0,2,0
3/17/2025,28168630,3/5/2025,Free,Active,Monday,False,12,38,4,3,3,0,0
3/17/2025,28500176,3/7/2025,Free,Active,Monday,False,10,1,1,0,1,0,0
3/17/2025,28569480,3/5/2025,Paid,Active,Monday,False,12,15,7,3,0,0,0
3/17/2025,28608102,3/4/2025,Paid,Active,Monday,False,13,21,1,1,2,0,0
3/17/2025,28947491,3/3/2025,Free,Active,Monday,False,14,5,7,1,1,0,0
3/17/2025,29469046,3/6/2025,Free,Active,Monday,False,11,6,2,3,0,0,0
3/17/2025,29659181,3/6/2025,Free,Active,Monday,False,11,17,0,0,1,1,1
3/17/2025,30377112,3/3/2025,Free,Active,Monday,False,14,8,2,5,0,0,0
3/17/2025,30556865,3/4/2025,Free,Active,Monday,False,13,5,9,1,0,1,0
3/17/2025,33834899,3/5/2025,Paid,Active,Monday,False,12,9,3,1,0,0,0
3/17/2025,33910622,3/3/2025,Paid,Active,Monday,False,14,13,5,8,3,0,0
3/17/2025,34330277,3/7/2025,Free,Active,Monday,False,10,7,3,2,0,0,0
3/17/2025,34614777,3/5/2025,Free,Active,Monday,False,12,10,0,4,0,1,0
3/17/2025,34889504,3/5/2025,Free,Active,Monday,False,12,12,8,1,0,1,0
3/17/2025,36017834,3/7/2025,Paid,Active,Monday,False,10,28,2,2,2,0,1
3/17/2025,36222279,3/5/2025,Free,Active,Monday,False,12,8,2,2,0,0,0
3/17/2025,36329183,3/4/2025,Paid,Active,Monday,False,13,10,15,1,0,0,0
3/17/2025,36946691,3/6/2025,Paid,Active,Monday,False,11,8,1,3,1,0,1
3/17/2025,37577338,3/3/2025,Free,Active,Monday,False,14,9,3,1,0,0,0
3/17/2025,39114147,3/7/2025,Free,Active,Monday,False,10,8,5,2,0,0,0
3/17/2025,39534512,3/6/2025,Free,Active,Monday,False,11,2,1,0,0,0,0
3/17/2025,39554899,3/4/2025,Free,Active,Monday,False,13,6,4,3,0,0,0
3/17/2025,40027203,3/3/2025,Free,Active,Monday,False,14,5,10,1,0,0,0
3/17/2025,40070917,3/4/2025,Paid,Active,Monday,False,13,22,1,2,0,0,0
3/17/2025,40372156,3/6/2025,Free,Active,Monday,False,11,24,0,1,2,1,0
3/17/2025,42233475,3/5/2025,Free,Active,Monday,False,12,8,10,2,0,0,0
3/17/2025,43056250,3/7/2025,Free,Active,Monday,False,10,3,1,4,0,0,0
3/17/2025,43564818,3/4/2025,Free,Active,Monday,False,13,6,6,4,0,0,1
3/17/2025,44382081,3/5/2025,Free,Active,Monday,False,12,8,2,1,0,0,0
3/17/2025,44441861,3/6/2025,Free,Active,Monday,False,11,3,2,5,0,0,0
3/17/2025,44549411,3/3/2025,Paid,Active,Monday,False,14,6,12,2,0,0,0
3/17/2025,44814486,3/3/2025,Paid,Active,Monday,False,14,3,4,0,0,0,0
3/17/2025,46347412,3/5/2025,Free,Active,Monday,False,12,4,6,1,0,0,0
3/17/2025,46768760,3/3/2025,Free,Active,Monday,False,14,4,3,4,1,0,0
3/17/2025,47269107,3/5/2025,Free,Active,Monday,False,12,4,10,1,0,0,0
3/17/2025,48501532,3/5/2025,Free,Active,Monday,False,12,7,3,1,0,0,0
3/17/2025,49088774,3/5/2025,Free,Active,Monday,False,12,1,1,1,0,1,0
3/17/2025,51154578,3/6/2025,Paid,Active,Monday,False,11,9,15,3,2,1,0
3/17/2025,51499006,3/7/2025,Free,Active,Monday,False,10,16,9,1,1,0,0
3/17/2025,52702390,3/4/2025,Free,Active,Monday,False,13,4,10,3,0,0,0
3/17/2025,52823633,3/3/2025,Free,Active,Monday,False,14,26,5,2,0,0,1
3/17/2025,53226858,3/4/2025,Paid,Active,Monday,False,13,10,1,1,0,0,0
3/17/2025,53588630,3/4/2025,Free,Active,Monday,False,13,3,2,4,0,0,1
3/17/2025,54604771,3/5/2025,Paid,Active,Monday,False,12,9,5,1,1,1,0
3/17/2025,54677898,3/5/2025,Free,Active,Monday,False,12,9,2,5,1,0,0
3/17/2025,55617207,3/6/2025,Free,Active,Monday,False,11,14,10,1,1,0,0
3/17/2025,55796778,3/7/2025,Paid,Active,Monday,False,10,12,1,1,1,0,0
3/17/2025,57595168,3/3/2025,Free,Active,Monday,False,14,34,5,3,2,0,0
3/17/2025,57850647,3/3/2025,Paid,Active,Monday,False,14,15,2,1,1,0,0
3/17/2025,58798972,3/7/2025,Paid,Active,Monday,False,10,27,0,2,3,1,0
3/17/2025,58890543,3/6/2025,Free,Active,Monday,False,11,8,8,2,0,0,0
3/17/2025,59132781,3/7/2025,Paid,Active,Monday,False,10,6,4,2,0,0,0
3/17/2025,59320316,3/4/2025,Free,Active,Monday,False,13,4,9,0,1,1,0
3/17/2025,59783512,3/5/2025,Paid,Active,Monday,False,12,30,3,1,1,1,0
3/17/2025,60415773,3/6/2025,Free,Active,Monday,False,11,3,6,0,1,0,0
3/17/2025,60977230,3/4/2025,Free,Active,Monday,False,13,10,10,2,3,0,1
3/17/2025,61356578,3/3/2025,Free,Active,Monday,False,14,10,10,3,0,0,0
3/17/2025,61786206,3/3/2025,Free,Active,Monday,False,14,9,3,2,0,0,0
3/17/2025,62820168,3/7/2025,Free,Active,Monday,False,10,3,2,4,0,0,0
3/17/2025,63585558,3/6/2025,Free,Active,Monday,False,11,14,6,0,0,0,1
3/17/2025,63823859,3/4/2025,Free,Active,Monday,False,13,7,1,4,0,0,1
3/17/2025,63879026,3/6/2025,Paid,Active,Monday,False,11,3,1,1,0,0,0
3/17/2025,64826108,3/4/2025,Paid,Active,Monday,False,13,31,3,1,5,0,0
3/17/2025,66077920,3/3/2025,Paid,Active,Monday,False,14,3,2,2,0,0,0
3/17/2025,66085019,3/5/2025,Free,Active,Monday,False,12,9,9,1,0,1,0
3/17/2025,67901718,3/7/2025,Free,Active,Monday,False,10,6,8,0,1,0,0
3/17/2025,68233734,3/3/2025,Free,Active,Monday,False,14,10,4,2,1,1,1
3/17/2025,69497858,3/4/2025,Free,Active,Monday,False,13,2,4,0,0,0,0
3/17/2025,69692747,3/4/2025,Free,Active,Monday,False,13,89,4,2,7,0,0
3/17/2025,70007939,3/4/2025,Free,Active,Monday,False,13,19,3,2,1,0,0
3/17/2025,70268283,3/4/2025,Free,Active,Monday,False,13,12,9,0,0,1,0
3/17/2025,70853849,3/4/2025,Free,Active,Monday,False,13,5,3,3,0,0,0
3/17/2025,71124136,3/3/2025,Free,Active,Monday,False,14,15,4,1,3,0,0
3/17/2025,71358668,3/4/2025,Free,Active,Monday,False,13,13,1,0,0,0,0
3/17/2025,71790553,3/4/2025,Paid,Active,Monday,False,13,23,3,2,3,0,0
3/17/2025,72469436,3/3/2025,Free,Active,Monday,False,14,23,1,2,0,0,0
3/17/2025,73128237,3/7/2025,Paid,Active,Monday,False,10,4,3,4,0,0,0
3/17/2025,73183069,3/6/2025,Free,Active,Monday,False,11,6,0,0,0,0,0
3/17/2025,73567762,3/6/2025,Free,Active,Monday,False,11,1,2,5,0,0,0
3/17/2025,73963079,3/4/2025,Paid,Active,Monday,False,13,23,1,1,0,0,0
3/17/2025,74092029,3/6/2025,Paid,Active,Monday,False,11,9,2,9,0,0,0
3/17/2025,74484152,3/4/2025,Paid,Active,Monday,False,13,14,7,1,1,2,0
3/17/2025,74598602,3/6/2025,Free,Active,Monday,False,11,25,2,1,1,0,0
3/17/2025,76306583,3/6/2025,Free,Active,Monday,False,11,10,7,0,2,0,2
3/17/2025,76587233,3/4/2025,Paid,Active,Monday,False,13,17,1,1,0,0,0
3/17/2025,76671851,3/6/2025,Free,Active,Monday,False,11,9,1,4,0,0,1
3/17/2025,77337890,3/3/2025,Paid,Active,Monday,False,14,6,1,3,0,0,3
3/17/2025,77362777,3/6/2025,Free,Active,Monday,False,11,11,7,1,1,0,0
3/17/2025,77452854,3/7/2025,Paid,Active,Monday,False,10,3,4,1,1,0,0
3/17/2025,77687782,3/3/2025,Free,Active,Monday,False,14,41,1,1,2,0,0
3/17/2025,78432211,3/4/2025,Paid,Active,Monday,False,13,20,4,0,3,0,0
3/17/2025,78524558,3/4/2025,Free,Active,Monday,False,13,10,3,2,0,0,0
3/17/2025,79391007,3/5/2025,Free,Active,Monday,False,12,9,6,2,0,0,0
3/17/2025,79819778,3/7/2025,Free,Active,Monday,False,10,5,3,5,0,1,0
3/17/2025,80182409,3/7/2025,Free,Active,Monday,False,10,2,6,0,0,0,0
3/17/2025,80322173,3/5/2025,Free,Active,Monday,False,12,12,3,2,0,1,0
3/17/2025,80640969,3/5/2025,Free,Active,Monday,False,12,5,7,1,0,2,0
3/17/2025,81062415,3/7/2025,Free,Active,Monday,False,10,2,1,2,1,0,1
3/17/2025,81339689,3/7/2025,Free,Active,Monday,False,10,58,6,1,2,0,0
3/17/2025,82032780,3/7/2025,Free,Active,Monday,False,10,96,3,2,4,2,0
3/17/2025,83673862,3/3/2025,Free,Active,Monday,False,14,3,1,1,0,0,0
3/17/2025,84047697,3/5/2025,Free,Active,Monday,False,12,12,5,5,0,0,0
3/17/2025,86372804,3/3/2025,Paid,Active,Monday,False,14,10,11,2,1,1,0
3/17/2025,86762579,3/5/2025,Paid,Active,Monday,False,12,4,1,3,1,0,0
3/17/2025,89243555,3/4/2025,Free,Active,Monday,False,13,9,4,1,1,0,0
3/17/2025,89281326,3/3/2025,Free,Active,Monday,False,14,2,9,2,1,0,0
3/17/2025,89285908,3/4/2025,Free,Active,Monday,False,13,5,9,1,0,1,0
3/17/2025,89505560,3/5/2025,Free,Active,Monday,False,12,8,4,2,0,0,0
3/17/2025,89669730,3/7/2025,Paid,Active,Monday,False,10,12,1,1,1,0,0
3/17/2025,90053100,3/3/2025,Free,Active,Monday,False,14,6,10,1,1,0,0
3/17/2025,90384679,3/6/2025,Free,Active,Monday,False,11,15,10,2,0,0,0
3/17/2025,90589301,3/5/2025,Free,Active,Monday,False,12,46,2,3,0,0,0
3/17/2025,91286478,3/7/2025,Free,Active,Monday,False,10,7,1,1,1,0,0
3/17/2025,92575198,3/4/2025,Free,Active,Monday,False,13,9,2,4,0,1,1
3/17/2025,93721129,3/4/2025,Paid,Active,Monday,False,13,11,4,3,1,0,1
3/17/2025,93792220,3/3/2025,Free,Active,Monday,False,14,2,4,1,0,1,0
3/17/2025,94061818,3/7/2025,Free,Active,Monday,False,10,12,1,0,3,0,0
3/17/2025,94796124,3/5/2025,Free,Active,Monday,False,12,2,5,0,0,1,0
3/17/2025,95834438,3/3/2025,Free,Active,Monday,False,14,6,4,1,0,1,0
3/17/2025,95928771,3/5/2025,Paid,Active,Monday,False,12,3,8,2,0,0,0
3/17/2025,97515553,3/3/2025,Free,Active,Monday,False,14,9,3,5,0,0,0
3/18/2025,10213838,3/4/2025,Free,Active,Tuesday,False,14,6,6,1,0,0,0
3/18/2025,10439750,3/6/2025,Paid,Active,Tuesday,False,12,26,1,0,1,0,0
3/18/2025,10453161,3/5/2025,Free,Active,Tuesday,False,13,14,3,0,0,1,0
3/18/2025,10517792,3/6/2025,Free,Active,Tuesday,False,12,5,10,2,0,0,0
3/18/2025,10522638,3/7/2025,Paid,Active,Tuesday,False,11,19,4,1,0,0,0
3/18/2025,11207503,3/3/2025,Paid,Active,Tuesday,False,15,18,5,3,0,0,0
3/18/2025,11495794,3/6/2025,Paid,Active,Tuesday,False,12,22,4,2,0,0,1
3/18/2025,11818207,3/6/2025,Free,Active,Tuesday,False,12,12,9,1,0,1,0
3/18/2025,12218224,3/6/2025,Free,Active,Tuesday,False,12,2,0,2,0,0,0
3/18/2025,12839768,3/7/2025,Free,Active,Tuesday,False,11,15,4,3,0,2,1
3/18/2025,13249820,3/6/2025,Free,Active,Tuesday,False,12,4,1,1,0,0,0
3/18/2025,13638476,3/4/2025,Free,Active,Tuesday,False,14,4,1,1,0,0,0
3/18/2025,14003926,3/3/2025,Free,Active,Tuesday,False,15,3,9,2,1,1,0
3/18/2025,14495366,3/5/2025,Free,Active,Tuesday,False,13,11,6,2,1,3,0
3/18/2025,14528458,3/5/2025,Free,Active,Tuesday,False,13,22,1,1,3,0,0
3/18/2025,15450669,3/6/2025,Free,Active,Tuesday,False,12,9,8,1,0,2,0
3/18/2025,15647148,3/6/2025,Free,Active,Tuesday,False,12,10,4,0,1,0,0
3/18/2025,16402515,3/7/2025,Free,Active,Tuesday,False,11,7,2,4,0,0,0
3/18/2025,16675590,3/7/2025,Free,Active,Tuesday,False,11,12,10,2,0,0,0
3/18/2025,17008029,3/6/2025,Free,Active,Tuesday,False,12,15,2,1,0,0,0
3/18/2025,17463270,3/3/2025,Free,Active,Tuesday,False,15,24,1,1,0,0,0
3/18/2025,18580473,3/5/2025,Paid,Active,Tuesday,False,13,13,8,0,0,0,0
3/18/2025,18940612,3/7/2025,Free,Active,Tuesday,False,11,22,5,3,2,0,0
3/18/2025,19577042,3/6/2025,Free,Active,Tuesday,False,12,7,9,1,0,1,1
3/18/2025,20119241,3/7/2025,Free,Active,Tuesday,False,11,12,3,3,0,0,2
3/18/2025,20473587,3/5/2025,Free,Active,Tuesday,False,13,17,1,1,0,0,0
3/18/2025,21245339,3/7/2025,Free,Active,Tuesday,False,11,13,4,2,0,0,0
3/18/2025,21395247,3/3/2025,Paid,Active,Tuesday,False,15,24,3,1,1,0,0
3/18/2025,21502927,3/6/2025,Free,Active,Tuesday,False,12,5,8,2,0,0,0
3/18/2025,22264388,3/6/2025,Paid,Active,Tuesday,False,12,10,3,4,1,0,1
3/18/2025,23272498,3/5/2025,Free,Active,Tuesday,False,13,8,10,0,2,0,0
3/18/2025,23358649,3/5/2025,Free,Active,Tuesday,False,13,3,4,5,1,0,0
3/18/2025,23940170,3/6/2025,Free,Active,Tuesday,False,12,4,9,0,0,1,0
3/18/2025,24627496,3/7/2025,Paid,Active,Tuesday,False,11,16,1,0,0,0,0
3/18/2025,25761792,3/6/2025,Free,Active,Tuesday,False,12,17,7,2,1,0,0
3/18/2025,25983272,3/4/2025,Free,Active,Tuesday,False,14,5,4,4,0,0,1
3/18/2025,26103384,3/4/2025,Free,Active,Tuesday,False,14,17,5,5,0,0,0
3/18/2025,27852032,3/4/2025,Free,Active,Tuesday,False,14,13,4,5,0,0,0
3/18/2025,28032367,3/4/2025,Free,Active,Tuesday,False,14,4,7,1,2,0,0
3/18/2025,28168630,3/5/2025,Free,Active,Tuesday,False,13,45,7,1,2,0,0
3/18/2025,28569480,3/5/2025,Paid,Active,Tuesday,False,13,7,6,4,1,0,0
3/18/2025,28608102,3/4/2025,Paid,Active,Tuesday,False,14,26,3,1,1,0,0
3/18/2025,28947491,3/3/2025,Free,Active,Tuesday,False,15,6,5,2,0,0,0
3/18/2025,29402937,3/3/2025,Free,Active,Tuesday,False,15,23,1,1,3,0,0
3/18/2025,29659181,3/6/2025,Free,Active,Tuesday,False,12,24,1,1,1,0,0
3/18/2025,30377112,3/3/2025,Free,Active,Tuesday,False,15,9,2,4,0,0,0
3/18/2025,30427864,3/3/2025,Paid,Active,Tuesday,False,15,12,7,1,0,2,0
3/18/2025,30556865,3/4/2025,Free,Active,Tuesday,False,14,17,10,1,1,0,0
3/18/2025,31297307,3/4/2025,Paid,Active,Tuesday,False,14,8,10,2,1,0,0
3/18/2025,33834899,3/5/2025,Paid,Active,Tuesday,False,13,4,7,2,0,0,0
3/18/2025,33910622,3/3/2025,Paid,Active,Tuesday,False,15,16,7,6,0,0,1
3/18/2025,34138344,3/3/2025,Paid,Active,Tuesday,False,15,5,1,2,0,0,0
3/18/2025,34330277,3/7/2025,Free,Active,Tuesday,False,11,9,4,4,1,0,1
3/18/2025,34614777,3/5/2025,Free,Active,Tuesday,False,13,5,3,2,0,0,0
3/18/2025,34782115,3/4/2025,Free,Active,Tuesday,False,14,9,4,1,0,0,0
3/18/2025,34889504,3/5/2025,Free,Active,Tuesday,False,13,13,9,1,0,1,0
3/18/2025,36017834,3/7/2025,Paid,Active,Tuesday,False,11,17,1,1,2,0,1
3/18/2025,36222279,3/5/2025,Free,Active,Tuesday,False,13,8,4,2,1,0,1
3/18/2025,36329183,3/4/2025,Paid,Active,Tuesday,False,14,9,17,3,0,2,0
3/18/2025,36946691,3/6/2025,Paid,Active,Tuesday,False,12,8,3,5,0,1,0
3/18/2025,37577338,3/3/2025,Free,Active,Tuesday,False,15,15,1,1,2,0,0
3/18/2025,38413248,3/7/2025,Free,Active,Tuesday,False,11,9,9,0,2,1,0
3/18/2025,39114147,3/7/2025,Free,Active,Tuesday,False,11,7,7,1,0,3,0
3/18/2025,39554899,3/4/2025,Free,Active,Tuesday,False,14,4,3,3,0,0,0
3/18/2025,40070917,3/4/2025,Paid,Active,Tuesday,False,14,21,2,0,0,0,0
3/18/2025,40071067,3/7/2025,Free,Active,Tuesday,False,11,5,5,0,0,0,0
3/18/2025,40836783,3/5/2025,Free,Active,Tuesday,False,13,7,10,2,0,0,0
3/18/2025,43564818,3/4/2025,Free,Active,Tuesday,False,14,15,7,4,0,0,0
3/18/2025,44441861,3/6/2025,Free,Active,Tuesday,False,12,3,1,2,0,0,0
3/18/2025,44549411,3/3/2025,Paid,Active,Tuesday,False,15,4,14,0,1,0,0
3/18/2025,44814486,3/3/2025,Paid,Active,Tuesday,False,15,5,5,0,0,1,0
3/18/2025,47269107,3/5/2025,Free,Active,Tuesday,False,13,8,8,2,0,1,0
3/18/2025,48213441,3/5/2025,Free,Active,Tuesday,False,13,7,2,0,1,0,0
3/18/2025,48501532,3/5/2025,Free,Active,Tuesday,False,13,31,3,1,1,1,0
3/18/2025,48924961,3/6/2025,Free,Active,Tuesday,False,12,31,5,3,1,0,0
3/18/2025,50549387,3/6/2025,Free,Active,Tuesday,False,12,26,2,1,1,0,0
3/18/2025,51154578,3/6/2025,Paid,Active,Tuesday,False,12,8,10,1,2,0,0
3/18/2025,51531887,3/5/2025,Paid,Active,Tuesday,False,13,37,3,3,2,0,0
3/18/2025,52702390,3/4/2025,Free,Active,Tuesday,False,14,17,10,2,0,0,0
3/18/2025,52823633,3/3/2025,Free,Active,Tuesday,False,15,40,4,3,3,0,0
3/18/2025,53226858,3/4/2025,Paid,Active,Tuesday,False,14,8,4,4,1,0,1
3/18/2025,53588630,3/4/2025,Free,Active,Tuesday,False,14,4,2,3,0,0,0
3/18/2025,54276839,3/6/2025,Paid,Active,Tuesday,False,12,39,7,2,3,0,1
3/18/2025,54677898,3/5/2025,Free,Active,Tuesday,False,13,9,3,4,0,0,1
3/18/2025,55617207,3/6/2025,Free,Active,Tuesday,False,12,12,8,3,0,2,0
3/18/2025,55796778,3/7/2025,Paid,Active,Tuesday,False,11,13,2,1,0,0,0
3/18/2025,56195615,3/7/2025,Free,Active,Tuesday,False,11,12,4,2,1,0,0
3/18/2025,57595168,3/3/2025,Free,Active,Tuesday,False,15,19,5,3,4,0,0
3/18/2025,58890543,3/6/2025,Free,Active,Tuesday,False,12,9,9,1,0,1,0
3/18/2025,59132781,3/7/2025,Paid,Active,Tuesday,False,11,4,8,0,2,0,0
3/18/2025,59320316,3/4/2025,Free,Active,Tuesday,False,14,14,5,1,0,1,0
3/18/2025,59783512,3/5/2025,Paid,Active,Tuesday,False,13,25,6,0,1,0,0
3/18/2025,60977230,3/4/2025,Free,Active,Tuesday,False,14,17,9,3,1,1,0
3/18/2025,61356578,3/3/2025,Free,Active,Tuesday,False,15,12,6,2,0,0,1
3/18/2025,61786206,3/3/2025,Free,Active,Tuesday,False,15,4,4,4,0,0,0
3/18/2025,62820168,3/7/2025,Free,Active,Tuesday,False,11,3,1,2,0,0,1
3/18/2025,63534569,3/7/2025,Paid,Active,Tuesday,False,11,2,8,2,1,0,0
3/18/2025,63585558,3/6/2025,Paid,Active,Tuesday,False,12,9,5,1,1,0,0
3/18/2025,63823859,3/4/2025,Free,Active,Tuesday,False,14,8,2,4,0,1,1
3/18/2025,64826108,3/4/2025,Paid,Active,Tuesday,False,14,27,4,2,4,0,1
3/18/2025,64875604,3/6/2025,Free,Active,Tuesday,False,12,10,10,0,0,0,0
3/18/2025,65164953,3/4/2025,Free,Active,Tuesday,False,14,8,3,5,0,0,0
3/18/2025,65636763,3/5/2025,Paid,Active,Tuesday,False,13,9,12,1,1,0,0
3/18/2025,66077920,3/3/2025,Paid,Active,Tuesday,False,15,6,1,3,1,0,0
3/18/2025,66085019,3/5/2025,Free,Active,Tuesday,False,13,7,10,1,0,0,1
3/18/2025,67901718,3/7/2025,Free,Active,Tuesday,False,11,11,10,1,0,0,0
3/18/2025,68233734,3/3/2025,Free,Active,Tuesday,False,15,8,2,4,0,0,1
3/18/2025,68955030,3/6/2025,Free,Active,Tuesday,False,12,5,1,3,0,0,0
3/18/2025,69497858,3/4/2025,Free,Active,Tuesday,False,14,2,3,0,0,0,0
3/18/2025,70007939,3/4/2025,Free,Active,Tuesday,False,14,14,3,0,1,0,0
3/18/2025,70440339,3/7/2025,Paid,Active,Tuesday,False,11,8,4,2,0,0,0
3/18/2025,70853849,3/4/2025,Free,Active,Tuesday,False,14,6,1,3,0,0,0
3/18/2025,72469436,3/3/2025,Free,Active,Tuesday,False,15,20,1,2,1,1,0
3/18/2025,73128237,3/7/2025,Paid,Active,Tuesday,False,11,10,5,7,0,1,2
3/18/2025,73567762,3/6/2025,Free,Active,Tuesday,False,12,4,2,2,0,0,0
3/18/2025,73963079,3/4/2025,Paid,Active,Tuesday,False,14,30,1,1,1,0,0
3/18/2025,74092029,3/6/2025,Paid,Active,Tuesday,False,12,6,4,7,1,0,0
3/18/2025,74484152,3/4/2025,Paid,Active,Tuesday,False,14,11,11,1,0,2,1
3/18/2025,76306583,3/6/2025,Free,Active,Tuesday,False,12,10,6,1,0,0,0
3/18/2025,76395184,3/5/2025,Free,Active,Tuesday,False,13,3,1,3,0,0,0
3/18/2025,76587233,3/4/2025,Paid,Active,Tuesday,False,14,17,1,2,0,1,0
3/18/2025,76671851,3/6/2025,Free,Active,Tuesday,False,12,7,3,3,0,1,0
3/18/2025,77337890,3/3/2025,Paid,Active,Tuesday,False,15,4,2,4,1,0,0
3/18/2025,77362777,3/6/2025,Free,Active,Tuesday,False,12,5,3,0,0,0,0
3/18/2025,77687782,3/3/2025,Free,Active,Tuesday,False,15,45,4,2,1,0,1
3/18/2025,77836185,3/3/2025,Free,Active,Tuesday,False,15,4,0,3,0,0,2
3/18/2025,78432211,3/4/2025,Paid,Active,Tuesday,False,14,9,3,0,2,0,1
3/18/2025,78514449,3/7/2025,Free,Active,Tuesday,False,11,35,7,2,2,0,0
3/18/2025,79391007,3/5/2025,Free,Active,Tuesday,False,13,10,6,1,0,0,1
3/18/2025,79819778,3/7/2025,Free,Active,Tuesday,False,11,11,4,5,1,0,0
3/18/2025,79854644,3/5/2025,Free,Active,Tuesday,False,13,11,5,1,0,1,1
3/18/2025,80322173,3/5/2025,Free,Active,Tuesday,False,13,9,2,4,0,0,1
3/18/2025,80640969,3/5/2025,Free,Active,Tuesday,False,13,3,4,1,0,0,0
3/18/2025,81058962,3/4/2025,Free,Active,Tuesday,False,14,1,10,1,0,0,0
3/18/2025,81062415,3/7/2025,Free,Active,Tuesday,False,11,4,3,4,0,0,1
3/18/2025,82032780,3/7/2025,Free,Active,Tuesday,False,11,67,5,3,2,0,0
3/18/2025,86372804,3/3/2025,Paid,Active,Tuesday,False,15,7,11,0,0,1,0
3/18/2025,86762579,3/5/2025,Paid,Active,Tuesday,False,13,4,4,4,0,0,1
3/18/2025,89243555,3/4/2025,Free,Active,Tuesday,False,14,20,1,0,0,0,0
3/18/2025,89285908,3/4/2025,Free,Active,Tuesday,False,14,8,10,0,0,0,0
3/18/2025,89505560,3/5/2025,Free,Active,Tuesday,False,13,7,2,1,0,0,0
3/18/2025,89547601,3/5/2025,Free,Active,Tuesday,False,13,8,9,1,1,0,0
3/18/2025,89669730,3/7/2025,Paid,Active,Tuesday,False,11,25,4,1,4,0,0
3/18/2025,90589301,3/5/2025,Free,Active,Tuesday,False,13,23,2,1,3,0,0
3/18/2025,92575198,3/4/2025,Free,Active,Tuesday,False,14,5,5,4,0,0,1
3/18/2025,93721129,3/4/2025,Paid,Active,Tuesday,False,14,3,1,2,0,0,0
3/18/2025,94491215,3/7/2025,Free,Active,Tuesday,False,11,13,7,3,1,0,0
3/18/2025,95834438,3/3/2025,Free,Active,Tuesday,False,15,10,10,1,1,0,0
3/18/2025,95928771,3/5/2025,Paid,Active,Tuesday,False,13,9,11,0,1,1,1
3/18/2025,96659622,3/3/2025,Free,Active,Tuesday,False,15,5,9,1,0,1,0
3/18/2025,97412822,3/7/2025,Free,Active,Tuesday,False,11,9,1,4,0,0,1
3/18/2025,99756298,3/4/2025,Free,Active,Tuesday,False,14,9,3,1,0,0,0
3/19/2025,10439750,3/6/2025,Paid,Active,Wednesday,False,13,20,1,1,0,0,0
3/19/2025,10453161,3/5/2025,Free,Active,Wednesday,False,14,11,3,1,0,0,0
3/19/2025,10517792,3/6/2025,Free,Active,Wednesday,False,13,11,7,0,0,1,2
3/19/2025,11207503,3/3/2025,Paid,Active,Wednesday,False,16,25,5,0,1,1,0
3/19/2025,11495794,3/6/2025,Paid,Active,Wednesday,False,13,13,4,3,1,1,0
3/19/2025,11932799,3/7/2025,Free,Active,Wednesday,False,12,8,2,1,0,0,0
3/19/2025,12218224,3/6/2025,Free,Active,Wednesday,False,13,2,2,3,0,0,0
3/19/2025,12839768,3/7/2025,Free,Active,Wednesday,False,12,8,6,2,0,1,0
3/19/2025,14003926,3/3/2025,Free,Active,Wednesday,False,16,9,9,1,1,1,0
3/19/2025,14209843,3/4/2025,Free,Active,Wednesday,False,15,11,3,3,0,0,0
3/19/2025,14495366,3/5/2025,Free,Active,Wednesday,False,14,7,3,1,0,0,0
3/19/2025,14851543,3/7/2025,Free,Active,Wednesday,False,12,7,3,5,0,0,0
3/19/2025,15450669,3/6/2025,Free,Active,Wednesday,False,13,11,10,2,0,0,0
3/19/2025,16402515,3/7/2025,Free,Active,Wednesday,False,12,9,2,5,1,0,0
3/19/2025,17463270,3/3/2025,Free,Active,Wednesday,False,16,16,2,1,0,1,0
3/19/2025,17983248,3/4/2025,Paid,Active,Wednesday,False,15,12,9,2,0,0,0
3/19/2025,18139249,3/3/2025,Free,Active,Wednesday,False,16,5,6,1,0,0,0
3/19/2025,18452244,3/7/2025,Free,Active,Wednesday,False,12,10,1,5,1,0,0
3/19/2025,18580473,3/5/2025,Paid,Active,Wednesday,False,14,14,14,2,0,0,0
3/19/2025,18940612,3/7/2025,Free,Active,Wednesday,False,12,28,1,3,1,1,0
3/19/2025,20119241,3/7/2025,Free,Active,Wednesday,False,12,9,4,5,0,0,0
3/19/2025,21245339,3/7/2025,Free,Active,Wednesday,False,12,30,3,2,2,0,0
3/19/2025,22067873,3/3/2025,Free,Active,Wednesday,False,16,10,10,0,0,0,1
3/19/2025,22264388,3/6/2025,Paid,Active,Wednesday,False,13,7,4,0,1,0,1
3/19/2025,23272498,3/5/2025,Free,Active,Wednesday,False,14,9,9,1,1,0,0
3/19/2025,23940170,3/6/2025,Free,Active,Wednesday,False,13,10,9,1,1,1,0
3/19/2025,24627496,3/7/2025,Paid,Active,Wednesday,False,12,15,2,0,2,0,0
3/19/2025,25761792,3/6/2025,Free,Active,Wednesday,False,13,11,10,1,0,0,0
3/19/2025,26103384,3/4/2025,Free,Active,Wednesday,False,15,6,5,4,0,0,1
3/19/2025,27852032,3/4/2025,Free,Active,Wednesday,False,15,18,6,5,0,0,0
3/19/2025,28168630,3/5/2025,Free,Active,Wednesday,False,14,27,5,1,2,0,1
3/19/2025,28569480,3/5/2025,Paid,Active,Wednesday,False,14,8,6,6,1,0,1
3/19/2025,28947491,3/3/2025,Free,Active,Wednesday,False,16,5,10,2,0,0,0
3/19/2025,29659181,3/6/2025,Free,Active,Wednesday,False,13,10,1,2,1,0,0
3/19/2025,30377112,3/3/2025,Free,Active,Wednesday,False,16,2,3,4,0,1,0
3/19/2025,30427864,3/3/2025,Paid,Active,Wednesday,False,16,5,4,2,0,0,0
3/19/2025,32287062,3/4/2025,Free,Active,Wednesday,False,15,23,3,1,1,0,0
3/19/2025,33834899,3/5/2025,Paid,Active,Wednesday,False,14,3,4,1,0,0,0
3/19/2025,33910622,3/3/2025,Paid,Active,Wednesday,False,16,8,2,8,0,0,1
3/19/2025,34138344,3/3/2025,Paid,Active,Wednesday,False,16,4,1,2,0,0,0
3/19/2025,34782115,3/4/2025,Free,Active,Wednesday,False,15,8,4,1,1,1,0
3/19/2025,34889504,3/5/2025,Free,Active,Wednesday,False,14,13,9,2,0,1,0
3/19/2025,36017834,3/7/2025,Paid,Active,Wednesday,False,12,43,2,2,2,0,0
3/19/2025,36329183,3/4/2025,Paid,Active,Wednesday,False,15,8,15,3,0,1,0
3/19/2025,38413248,3/7/2025,Free,Active,Wednesday,False,12,3,3,1,0,1,0
3/19/2025,39534512,3/6/2025,Free,Active,Wednesday,False,13,5,2,1,0,0,0
3/19/2025,39554899,3/4/2025,Free,Active,Wednesday,False,15,7,0,4,1,1,0
3/19/2025,40836783,3/5/2025,Free,Active,Wednesday,False,14,11,10,2,1,0,0
3/19/2025,42233475,3/5/2025,Free,Active,Wednesday,False,14,9,9,0,1,1,0
3/19/2025,44549411,3/3/2025,Paid,Active,Wednesday,False,16,4,4,1,1,2,0
3/19/2025,45201482,3/6/2025,Free,Active,Wednesday,False,13,3,2,0,0,0,0
3/19/2025,46347412,3/5/2025,Free,Active,Wednesday,False,14,6,9,1,0,1,0
3/19/2025,46768760,3/3/2025,Free,Active,Wednesday,False,16,10,3,3,1,0,0
3/19/2025,48213441,3/5/2025,Free,Active,Wednesday,False,14,10,1,0,1,0,0
3/19/2025,48924961,3/6/2025,Free,Active,Wednesday,False,13,42,7,2,2,0,0
3/19/2025,50549387,3/6/2025,Free,Active,Wednesday,False,13,28,2,1,2,0,0
3/19/2025,51154578,3/6/2025,Paid,Active,Wednesday,False,13,17,9,0,0,0,0
3/19/2025,51499006,3/7/2025,Free,Active,Wednesday,False,12,6,9,1,0,1,0
3/19/2025,51531887,3/5/2025,Paid,Active,Wednesday,False,14,45,6,3,1,0,0
3/19/2025,52823633,3/3/2025,Free,Active,Wednesday,False,16,36,2,2,2,0,0
3/19/2025,53226858,3/4/2025,Paid,Active,Wednesday,False,15,7,4,1,0,0,1
3/19/2025,54276839,3/6/2025,Paid,Active,Wednesday,False,13,46,6,1,2,1,0
3/19/2025,54604771,3/5/2025,Paid,Active,Wednesday,False,14,5,3,1,0,0,0
3/19/2025,54677898,3/5/2025,Free,Active,Wednesday,False,14,6,4,4,0,0,1
3/19/2025,55617207,3/6/2025,Free,Active,Wednesday,False,13,5,10,2,1,0,1
3/19/2025,55796778,3/7/2025,Paid,Active,Wednesday,False,12,26,2,0,2,0,1
3/19/2025,56195615,3/7/2025,Free,Active,Wednesday,False,12,7,7,5,0,0,0
3/19/2025,57595168,3/3/2025,Free,Active,Wednesday,False,16,36,2,1,1,0,2
3/19/2025,57850647,3/3/2025,Paid,Active,Wednesday,False,16,11,1,1,0,0,0
3/19/2025,58798972,3/7/2025,Paid,Active,Wednesday,False,12,28,1,1,1,0,0
3/19/2025,58890543,3/6/2025,Free,Active,Wednesday,False,13,5,10,1,1,0,0
3/19/2025,59132781,3/7/2025,Paid,Active,Wednesday,False,12,8,6,1,0,0,0
3/19/2025,59320316,3/4/2025,Free,Active,Wednesday,False,15,15,9,1,2,1,0
3/19/2025,59783512,3/5/2025,Paid,Active,Wednesday,False,14,16,3,1,0,0,0
3/19/2025,60977230,3/4/2025,Free,Active,Wednesday,False,15,7,10,1,2,0,0
3/19/2025,63534569,3/7/2025,Paid,Active,Wednesday,False,12,5,11,1,1,0,0
3/19/2025,63585558,3/6/2025,Paid,Active,Wednesday,False,13,10,9,0,0,0,0
3/19/2025,64826108,3/4/2025,Paid,Active,Wednesday,False,15,16,3,3,0,0,0
3/19/2025,65164953,3/4/2025,Free,Active,Wednesday,False,15,11,1,2,0,0,1
3/19/2025,65636763,3/5/2025,Paid,Active,Wednesday,False,14,10,7,1,2,0,0
3/19/2025,66085019,3/5/2025,Free,Active,Wednesday,False,14,14,4,2,2,1,0
3/19/2025,67901718,3/7/2025,Free,Active,Wednesday,False,12,8,10,2,0,0,0
3/19/2025,68233734,3/3/2025,Free,Active,Wednesday,False,16,11,3,3,0,0,0
3/19/2025,69497858,3/4/2025,Free,Active,Wednesday,False,15,1,6,1,0,1,0
3/19/2025,70007939,3/4/2025,Free,Active,Wednesday,False,15,7,1,2,1,0,0
3/19/2025,70440339,3/7/2025,Paid,Active,Wednesday,False,12,3,2,1,1,0,1
3/19/2025,71124136,3/3/2025,Free,Active,Wednesday,False,16,12,4,2,0,0,0
3/19/2025,71790553,3/4/2025,Paid,Active,Wednesday,False,15,20,3,1,2,0,0
3/19/2025,72469436,3/3/2025,Free,Active,Wednesday,False,16,22,4,1,1,0,0
3/19/2025,73128237,3/7/2025,Paid,Active,Wednesday,False,12,4,2,2,0,0,0
3/19/2025,73530116,3/3/2025,Paid,Active,Wednesday,False,16,17,1,0,0,0,0
3/19/2025,73567762,3/6/2025,Free,Active,Wednesday,False,13,6,1,2,0,0,1
3/19/2025,73594845,3/4/2025,Free,Active,Wednesday,False,15,16,2,0,0,0,0
3/19/2025,73963079,3/4/2025,Paid,Active,Wednesday,False,15,8,1,1,2,0,0
3/19/2025,74062340,3/5/2025,Free,Active,Wednesday,False,14,4,2,2,0,0,0
3/19/2025,74092029,3/6/2025,Paid,Active,Wednesday,False,13,15,3,4,0,0,0
3/19/2025,74484152,3/4/2025,Paid,Active,Wednesday,False,15,8,12,3,0,0,0
3/19/2025,74598602,3/6/2025,Free,Active,Wednesday,False,13,74,4,3,7,0,0
3/19/2025,76023894,3/4/2025,Free,Active,Wednesday,False,15,4,5,1,0,1,0
3/19/2025,76306583,3/6/2025,Free,Active,Wednesday,False,13,17,8,3,0,2,0
3/19/2025,76587233,3/4/2025,Paid,Active,Wednesday,False,15,5,2,1,3,0,0
3/19/2025,76671851,3/6/2025,Free,Active,Wednesday,False,13,5,4,4,0,0,0
3/19/2025,77337890,3/3/2025,Paid,Active,Wednesday,False,16,6,2,4,1,0,0
3/19/2025,77362777,3/6/2025,Free,Active,Wednesday,False,13,12,10,1,0,0,0
3/19/2025,77687782,3/3/2025,Free,Active,Wednesday,False,16,11,3,3,0,0,0
3/19/2025,78432211,3/4/2025,Paid,Active,Wednesday,False,15,10,4,0,0,0,0
3/19/2025,78514449,3/7/2025,Free,Active,Wednesday,False,12,20,5,2,0,0,0
3/19/2025,79391007,3/5/2025,Free,Active,Wednesday,False,14,6,10,1,1,0,0
3/19/2025,79819778,3/7/2025,Free,Active,Wednesday,False,12,5,4,5,0,0,0
3/19/2025,79854644,3/5/2025,Free,Active,Wednesday,False,14,15,10,1,0,0,0
3/19/2025,80182409,3/7/2025,Free,Active,Wednesday,False,12,6,3,1,1,0,0
3/19/2025,80322173,3/5/2025,Free,Active,Wednesday,False,14,4,4,3,0,0,0
3/19/2025,80640969,3/5/2025,Free,Active,Wednesday,False,14,9,10,2,3,0,0
3/19/2025,81062415,3/7/2025,Paid,Active,Wednesday,False,12,3,2,4,0,0,0
3/19/2025,82032780,3/7/2025,Free,Active,Wednesday,False,12,44,4,2,2,0,0
3/19/2025,83673862,3/3/2025,Free,Active,Wednesday,False,16,5,2,1,0,0,0
3/19/2025,84047697,3/5/2025,Free,Active,Wednesday,False,14,12,7,3,1,0,0
3/19/2025,85292675,3/3/2025,Free,Active,Wednesday,False,16,4,5,0,0,0,0
3/19/2025,86372804,3/3/2025,Paid,Active,Wednesday,False,16,11,8,1,1,1,0
3/19/2025,86762579,3/5/2025,Paid,Active,Wednesday,False,14,6,1,4,0,1,2
3/19/2025,89243555,3/4/2025,Free,Active,Wednesday,False,15,47,1,1,1,0,0
3/19/2025,89281326,3/3/2025,Free,Active,Wednesday,False,16,4,8,1,0,0,0
3/19/2025,89285908,3/4/2025,Free,Active,Wednesday,False,15,3,10,1,0,0,0
3/19/2025,89505560,3/5/2025,Paid,Active,Wednesday,False,14,7,4,4,0,1,0
3/19/2025,89547601,3/5/2025,Free,Active,Wednesday,False,14,6,3,1,1,0,0
3/19/2025,89580457,3/6/2025,Paid,Active,Wednesday,False,13,15,1,0,0,0,0
3/19/2025,90053100,3/3/2025,Free,Active,Wednesday,False,16,10,9,2,0,1,0
3/19/2025,90589301,3/5/2025,Free,Active,Wednesday,False,14,30,4,0,2,0,0
3/19/2025,92207376,3/7/2025,Paid,Active,Wednesday,False,12,7,9,2,0,0,0
3/19/2025,92575198,3/4/2025,Free,Active,Wednesday,False,15,10,4,2,1,0,0
3/19/2025,93721129,3/4/2025,Paid,Active,Wednesday,False,15,6,4,4,1,0,0
3/19/2025,93792220,3/3/2025,Free,Active,Wednesday,False,16,2,3,0,0,0,0
3/19/2025,93805705,3/4/2025,Free,Active,Wednesday,False,15,3,2,4,1,0,1
3/19/2025,94491215,3/7/2025,Free,Active,Wednesday,False,12,11,9,2,0,1,0
3/19/2025,95082245,3/3/2025,Free,Active,Wednesday,False,16,4,9,0,0,1,0
3/19/2025,95834438,3/3/2025,Free,Active,Wednesday,False,16,6,5,1,0,1,0
3/19/2025,95928771,3/5/2025,Paid,Active,Wednesday,False,14,6,6,1,2,0,0
3/19/2025,96659622,3/3/2025,Free,Active,Wednesday,False,16,9,8,1,0,2,0
3/19/2025,97412822,3/7/2025,Free,Active,Wednesday,False,12,8,1,5,1,0,0
3/19/2025,97515553,3/3/2025,Free,Active,Wednesday,False,16,10,2,4,0,0,1
3/20/2025,10453161,3/5/2025,Free,Active,Thursday,False,15,15,4,2,2,0,0
3/20/2025,10517792,3/6/2025,Free,Active,Thursday,False,14,5,10,0,0,0,0
3/20/2025,10522638,3/7/2025,Paid,Active,Thursday,False,13,11,3,0,2,0,0
3/20/2025,11207503,3/3/2025,Paid,Active,Thursday,False,17,29,5,2,3,0,0
3/20/2025,11495794,3/6/2025,Paid,Active,Thursday,False,14,14,6,1,4,0,1
3/20/2025,12089369,3/7/2025,Free,Active,Thursday,False,13,3,4,1,0,0,1
3/20/2025,12839768,3/7/2025,Free,Active,Thursday,False,13,9,6,4,0,0,0
3/20/2025,13638476,3/4/2025,Free,Active,Thursday,False,16,3,2,5,0,0,0
3/20/2025,14003926,3/3/2025,Free,Active,Thursday,False,17,6,5,1,1,0,1
3/20/2025,14017653,3/3/2025,Free,Active,Thursday,False,17,9,1,5,0,0,0
3/20/2025,14495366,3/5/2025,Free,Active,Thursday,False,15,8,8,0,0,0,0
3/20/2025,14528458,3/5/2025,Free,Active,Thursday,False,15,18,3,1,0,0,1
3/20/2025,14851543,3/7/2025,Free,Active,Thursday,False,13,4,3,5,0,0,0
3/20/2025,15450669,3/6/2025,Free,Active,Thursday,False,14,3,10,2,0,0,0
3/20/2025,15647148,3/6/2025,Free,Active,Thursday,False,14,23,3,1,1,1,0
3/20/2025,16675590,3/7/2025,Free,Active,Thursday,False,13,6,8,0,1,2,0
3/20/2025,17463270,3/3/2025,Free,Active,Thursday,False,17,21,4,0,1,0,0
3/20/2025,18452244,3/7/2025,Free,Active,Thursday,False,13,9,1,4,2,0,0
3/20/2025,18580473,3/5/2025,Paid,Active,Thursday,False,15,14,14,1,1,1,0
3/20/2025,18873581,3/4/2025,Paid,Active,Thursday,False,16,5,7,0,1,0,0
3/20/2025,18940612,3/7/2025,Free,Active,Thursday,False,13,17,1,1,0,1,0
3/20/2025,20119241,3/7/2025,Free,Active,Thursday,False,13,5,1,1,0,1,1
3/20/2025,21245339,3/7/2025,Free,Active,Thursday,False,13,15,2,1,1,1,0
3/20/2025,21502927,3/6/2025,Free,Active,Thursday,False,14,3,10,1,1,0,1
3/20/2025,22067873,3/3/2025,Free,Active,Thursday,False,17,9,10,0,0,0,0
3/20/2025,23358649,3/5/2025,Free,Active,Thursday,False,15,3,4,2,0,0,0
3/20/2025,23940170,3/6/2025,Free,Active,Thursday,False,14,9,10,2,0,0,0
3/20/2025,25761792,3/6/2025,Free,Active,Thursday,False,14,16,10,2,1,0,0
3/20/2025,26103384,3/4/2025,Free,Active,Thursday,False,16,12,4,2,2,0,1
3/20/2025,27469715,3/4/2025,Free,Active,Thursday,False,16,17,2,1,0,0,0
3/20/2025,28032367,3/4/2025,Free,Active,Thursday,False,16,9,3,1,0,1,0
3/20/2025,28168630,3/5/2025,Free,Active,Thursday,False,15,26,3,0,1,0,1
3/20/2025,28500176,3/7/2025,Free,Active,Thursday,False,13,7,2,2,0,0,0
3/20/2025,28569480,3/5/2025,Paid,Active,Thursday,False,15,17,4,3,1,0,0
3/20/2025,28608102,3/4/2025,Paid,Active,Thursday,False,16,19,2,2,2,0,0
3/20/2025,28947491,3/3/2025,Free,Active,Thursday,False,17,15,9,2,1,1,0
3/20/2025,29469046,3/6/2025,Free,Active,Thursday,False,14,6,2,3,0,0,0
3/20/2025,29659181,3/6/2025,Free,Active,Thursday,False,14,24,1,2,1,1,0
3/20/2025,30377112,3/3/2025,Free,Active,Thursday,False,17,4,3,5,0,0,0
3/20/2025,30427864,3/3/2025,Paid,Active,Thursday,False,17,8,9,1,1,1,0
3/20/2025,30556865,3/4/2025,Free,Active,Thursday,False,16,4,5,3,1,0,0
3/20/2025,31297307,3/4/2025,Paid,Active,Thursday,False,16,4,3,1,1,0,0
3/20/2025,33910622,3/3/2025,Paid,Active,Thursday,False,17,5,6,8,0,0,1
3/20/2025,34330277,3/7/2025,Free,Active,Thursday,False,13,9,2,1,0,0,0
3/20/2025,34614777,3/5/2025,Free,Active,Thursday,False,15,7,2,5,1,1,0
3/20/2025,34889504,3/5/2025,Free,Active,Thursday,False,15,16,10,0,1,0,0
3/20/2025,36017834,3/7/2025,Paid,Active,Thursday,False,13,33,4,2,0,0,0
3/20/2025,36222279,3/5/2025,Free,Active,Thursday,False,15,2,1,3,0,0,0
3/20/2025,36329183,3/4/2025,Paid,Active,Thursday,False,16,13,18,2,0,0,0
3/20/2025,36946691,3/6/2025,Paid,Active,Thursday,False,14,9,1,5,0,0,1
3/20/2025,37577338,3/3/2025,Free,Active,Thursday,False,17,14,4,2,0,0,0
3/20/2025,38413248,3/7/2025,Free,Active,Thursday,False,13,6,6,0,0,1,1
3/20/2025,39114147,3/7/2025,Free,Active,Thursday,False,13,14,8,2,1,0,0
3/20/2025,39554899,3/4/2025,Free,Active,Thursday,False,16,10,1,3,1,0,0
3/20/2025,40070917,3/4/2025,Paid,Active,Thursday,False,16,7,1,1,2,0,0
3/20/2025,40372156,3/6/2025,Free,Active,Thursday,False,14,22,4,1,0,0,0
3/20/2025,40836783,3/5/2025,Free,Active,Thursday,False,15,9,4,0,0,0,0
3/20/2025,43564818,3/4/2025,Free,Active,Thursday,False,16,8,7,4,0,0,1
3/20/2025,44382081,3/5/2025,Free,Active,Thursday,False,15,14,2,0,2,0,0
3/20/2025,44549411,3/3/2025,Paid,Active,Thursday,False,17,5,14,3,0,0,0
3/20/2025,45201482,3/6/2025,Free,Active,Thursday,False,14,7,4,0,0,0,0
3/20/2025,46347412,3/5/2025,Free,Active,Thursday,False,15,9,3,1,0,2,0
3/20/2025,47269107,3/5/2025,Free,Active,Thursday,False,15,6,10,1,0,0,0
3/20/2025,47729983,3/7/2025,Free,Active,Thursday,False,13,5,2,0,0,0,0
3/20/2025,48213441,3/5/2025,Free,Active,Thursday,False,15,10,1,1,0,0,0
3/20/2025,48924961,3/6/2025,Free,Active,Thursday,False,14,12,2,3,1,0,0
3/20/2025,49010595,3/7/2025,Free,Active,Thursday,False,13,5,1,3,0,0,0
3/20/2025,50309563,3/5/2025,Paid,Active,Thursday,False,15,7,3,0,0,0,0
3/20/2025,50549387,3/6/2025,Free,Active,Thursday,False,14,27,3,1,0,0,0
3/20/2025,51154578,3/6/2025,Paid,Active,Thursday,False,14,17,16,2,0,1,0
3/20/2025,51531887,3/5/2025,Paid,Active,Thursday,False,15,12,5,2,0,0,0
3/20/2025,52607867,3/5/2025,Paid,Active,Thursday,False,15,4,5,0,0,1,0
3/20/2025,52702390,3/4/2025,Free,Active,Thursday,False,16,11,10,1,0,0,0
3/20/2025,54276839,3/6/2025,Paid,Active,Thursday,False,14,20,4,1,1,0,0
3/20/2025,54604771,3/5/2025,Paid,Active,Thursday,False,15,9,12,2,0,1,0
3/20/2025,56195615,3/7/2025,Free,Active,Thursday,False,13,13,2,5,1,0,0
3/20/2025,57850647,3/3/2025,Paid,Active,Thursday,False,17,9,2,1,1,0,0
3/20/2025,58798972,3/7/2025,Paid,Active,Thursday,False,13,19,2,1,1,0,0
3/20/2025,58890543,3/6/2025,Free,Active,Thursday,False,14,11,10,2,1,0,0
3/20/2025,59132781,3/7/2025,Paid,Active,Thursday,False,13,9,10,2,2,2,0
3/20/2025,59320316,3/4/2025,Free,Active,Thursday,False,16,5,6,1,1,0,0
3/20/2025,59783512,3/5/2025,Paid,Active,Thursday,False,15,39,6,0,0,0,1
3/20/2025,60977230,3/4/2025,Free,Active,Thursday,False,16,10,10,3,2,0,0
3/20/2025,61356578,3/3/2025,Free,Active,Thursday,False,17,14,10,1,0,0,0
3/20/2025,61786206,3/3/2025,Free,Active,Thursday,False,17,7,2,1,1,0,0
3/20/2025,63534569,3/7/2025,Paid,Active,Thursday,False,13,7,7,1,0,0,0
3/20/2025,63585558,3/6/2025,Paid,Active,Thursday,False,14,5,8,3,0,0,0
3/20/2025,64826108,3/4/2025,Paid,Active,Thursday,False,16,45,6,3,2,0,0
3/20/2025,64875604,3/6/2025,Free,Active,Thursday,False,14,3,3,0,0,1,0
3/20/2025,65164953,3/4/2025,Free,Active,Thursday,False,16,6,2,5,1,0,0
3/20/2025,65636763,3/5/2025,Paid,Active,Thursday,False,15,6,11,0,0,1,0
3/20/2025,66077920,3/3/2025,Paid,Active,Thursday,False,17,6,2,3,1,0,0
3/20/2025,66085019,3/5/2025,Free,Active,Thursday,False,15,7,10,3,0,0,0
3/20/2025,67901718,3/7/2025,Free,Active,Thursday,False,13,5,5,1,0,0,0
3/20/2025,68233734,3/3/2025,Free,Active,Thursday,False,17,11,2,4,1,0,0
3/20/2025,68955030,3/6/2025,Free,Active,Thursday,False,14,6,2,0,0,0,0
3/20/2025,70440339,3/7/2025,Paid,Active,Thursday,False,13,12,3,2,0,0,0
3/20/2025,73128237,3/7/2025,Paid,Active,Thursday,False,13,5,3,4,0,0,0
3/20/2025,73567762,3/6/2025,Free,Active,Thursday,False,14,5,2,1,0,0,0
3/20/2025,73963079,3/4/2025,Paid,Active,Thursday,False,16,8,2,1,0,0,0
3/20/2025,74484152,3/4/2025,Paid,Active,Thursday,False,16,16,5,1,2,1,0
3/20/2025,74774119,3/7/2025,Free,Active,Thursday,False,13,14,1,1,1,0,0
3/20/2025,76023894,3/4/2025,Free,Active,Thursday,False,16,4,10,2,0,0,0
3/20/2025,76295172,3/3/2025,Paid,Active,Thursday,False,17,4,4,0,0,0,0
3/20/2025,76306583,3/6/2025,Free,Active,Thursday,False,14,16,9,2,1,1,0
3/20/2025,76587233,3/4/2025,Paid,Active,Thursday,False,16,25,3,2,3,0,0
3/20/2025,76671851,3/6/2025,Free,Active,Thursday,False,14,7,2,5,0,0,0
3/20/2025,77337890,3/3/2025,Paid,Active,Thursday,False,17,3,1,2,0,0,0
3/20/2025,77362777,3/6/2025,Free,Active,Thursday,False,14,10,9,1,0,1,0
3/20/2025,77687782,3/3/2025,Free,Active,Thursday,False,17,13,6,3,0,0,0
3/20/2025,78432211,3/4/2025,Paid,Active,Thursday,False,16,21,3,2,3,0,0
3/20/2025,78514449,3/7/2025,Free,Active,Thursday,False,13,40,6,1,5,0,0
3/20/2025,78524558,3/4/2025,Free,Active,Thursday,False,16,28,1,2,2,0,0
3/20/2025,79819778,3/7/2025,Free,Active,Thursday,False,13,2,2,2,0,1,0
3/20/2025,79854644,3/5/2025,Free,Active,Thursday,False,15,7,7,1,0,0,0
3/20/2025,81058962,3/4/2025,Free,Active,Thursday,False,16,2,7,0,0,0,0
3/20/2025,81062415,3/7/2025,Paid,Active,Thursday,False,13,11,2,1,0,0,0
3/20/2025,81339689,3/7/2025,Free,Active,Thursday,False,13,46,6,0,1,0,1
3/20/2025,81895947,3/5/2025,Free,Active,Thursday,False,15,4,4,5,0,0,0
3/20/2025,82032780,3/7/2025,Free,Active,Thursday,False,13,35,5,2,1,1,0
3/20/2025,83673862,3/3/2025,Free,Active,Thursday,False,17,3,2,3,0,0,0
3/20/2025,84047697,3/5/2025,Free,Active,Thursday,False,15,12,5,4,1,0,1
3/20/2025,86372804,3/3/2025,Paid,Active,Thursday,False,17,9,10,0,0,0,0
3/20/2025,86762579,3/5/2025,Paid,Active,Thursday,False,15,7,3,1,1,0,0
3/20/2025,89243555,3/4/2025,Free,Active,Thursday,False,16,13,3,1,1,0,0
3/20/2025,89281326,3/3/2025,Free,Active,Thursday,False,17,7,10,0,0,0,0
3/20/2025,89285908,3/4/2025,Free,Active,Thursday,False,16,4,6,1,0,0,0
3/20/2025,89505560,3/5/2025,Paid,Active,Thursday,False,15,7,3,4,1,0,0
3/20/2025,90053100,3/3/2025,Free,Active,Thursday,False,17,11,9,1,0,1,0
3/20/2025,90384679,3/6/2025,Free,Active,Thursday,False,14,9,5,2,0,1,0
3/20/2025,90589301,3/5/2025,Free,Active,Thursday,False,15,53,2,1,1,0,0
3/20/2025,92575198,3/4/2025,Free,Active,Thursday,False,16,13,5,4,0,0,1
3/20/2025,93721129,3/4/2025,Paid,Active,Thursday,False,16,8,2,1,3,0,0
3/20/2025,93792220,3/3/2025,Free,Active,Thursday,False,17,2,4,0,0,0,0
3/20/2025,94491215,3/7/2025,Free,Active,Thursday,False,13,11,7,1,1,1,0
3/20/2025,94796124,3/5/2025,Free,Active,Thursday,False,15,6,7,1,0,0,0
3/20/2025,95082245,3/3/2025,Free,Active,Thursday,False,17,6,6,0,0,0,0
3/20/2025,95928771,3/5/2025,Paid,Active,Thursday,False,15,7,6,2,1,1,0
3/20/2025,96268661,3/6/2025,Free,Active,Thursday,False,14,4,1,1,0,0,0
3/20/2025,97412822,3/7/2025,Free,Active,Thursday,False,13,4,4,4,0,0,1
3/20/2025,97515553,3/3/2025,Free,Active,Thursday,False,17,2,4,5,0,0,0
3/21/2025,10453161,3/5/2025,Free,Active,Friday,False,16,72,2,1,6,0,0
3/21/2025,10517792,3/6/2025,Free,Active,Friday,False,15,8,4,0,0,0,0
3/21/2025,10522638,3/7/2025,Paid,Active,Friday,False,14,11,2,2,0,1,0
3/21/2025,11495794,3/6/2025,Paid,Active,Friday,False,15,17,6,3,0,0,0
3/21/2025,11818207,3/6/2025,Free,Active,Friday,False,15,7,3,0,1,0,0
3/21/2025,11932799,3/7/2025,Free,Active,Friday,False,14,42,1,1,3,0,0
3/21/2025,12218224,3/6/2025,Free,Active,Friday,False,15,3,2,3,0,0,0
3/21/2025,12839768,3/7/2025,Free,Active,Friday,False,14,7,6,2,0,1,1
3/21/2025,13602493,3/5/2025,Free,Active,Friday,False,16,52,1,0,2,0,0
3/21/2025,13638476,3/4/2025,Free,Active,Friday,False,17,5,2,1,0,0,0
3/21/2025,14003926,3/3/2025,Free,Active,Friday,False,18,11,9,1,1,1,0
3/21/2025,14209843,3/4/2025,Free,Active,Friday,False,17,5,1,3,0,0,2
3/21/2025,14495366,3/5/2025,Free,Active,Friday,False,16,7,10,2,0,0,0
3/21/2025,14528458,3/5/2025,Free,Active,Friday,False,16,12,2,2,1,0,0
3/21/2025,14851543,3/7/2025,Free,Active,Friday,False,14,7,4,5,0,0,0
3/21/2025,15450669,3/6/2025,Free,Active,Friday,False,15,4,9,1,0,0,0
3/21/2025,16402515,3/7/2025,Free,Active,Friday,False,14,11,3,5,0,0,0
3/21/2025,17228968,3/6/2025,Paid,Active,Friday,False,15,4,12,0,0,0,1
3/21/2025,17463270,3/3/2025,Free,Active,Friday,False,18,18,3,1,3,0,0
3/21/2025,18452244,3/7/2025,Free,Active,Friday,False,14,4,1,4,0,0,1
3/21/2025,18580473,3/5/2025,Paid,Active,Friday,False,16,9,3,1,4,2,0
3/21/2025,18873581,3/4/2025,Paid,Active,Friday,False,17,1,4,0,0,0,0
3/21/2025,18940612,3/7/2025,Free,Active,Friday,False,14,37,2,0,3,0,0
3/21/2025,21502927,3/6/2025,Free,Active,Friday,False,15,7,10,1,1,0,1
3/21/2025,22264388,3/6/2025,Paid,Active,Friday,False,15,7,4,3,1,0,0
3/21/2025,22769549,3/7/2025,Free,Active,Friday,False,14,4,1,1,0,0,1
3/21/2025,23272498,3/5/2025,Free,Active,Friday,False,16,10,8,2,2,1,0
3/21/2025,23358649,3/5/2025,Free,Active,Friday,False,16,5,1,5,1,0,0
3/21/2025,23940170,3/6/2025,Free,Active,Friday,False,15,9,10,1,1,0,0
3/21/2025,25761792,3/6/2025,Free,Active,Friday,False,15,5,6,2,0,0,0
3/21/2025,25983272,3/4/2025,Free,Active,Friday,False,17,5,1,5,0,0,0
3/21/2025,26103384,3/4/2025,Free,Active,Friday,False,17,6,3,2,1,0,1
3/21/2025,27469715,3/4/2025,Free,Active,Friday,False,17,16,2,0,0,0,0
3/21/2025,28168630,3/5/2025,Free,Active,Friday,False,16,13,5,1,1,0,0
3/21/2025,28569480,3/5/2025,Paid,Active,Friday,False,16,6,3,4,0,0,0
3/21/2025,28947491,3/3/2025,Free,Active,Friday,False,18,12,6,1,0,0,0
3/21/2025,29402937,3/3/2025,Free,Active,Friday,False,18,21,2,1,0,0,0
3/21/2025,29659181,3/6/2025,Free,Active,Friday,False,15,23,4,0,2,0,0
3/21/2025,30377112,3/3/2025,Free,Active,Friday,False,18,6,4,3,0,0,0
3/21/2025,30427864,3/3/2025,Paid,Active,Friday,False,18,11,2,2,1,1,0
3/21/2025,30556865,3/4/2025,Free,Active,Friday,False,17,9,9,1,2,1,0
3/21/2025,30665172,3/6/2025,Paid,Active,Friday,False,15,3,1,4,0,0,0
3/21/2025,31297307,3/4/2025,Paid,Active,Friday,False,17,11,3,1,0,0,0
3/21/2025,33834899,3/5/2025,Paid,Active,Friday,False,16,9,8,0,0,1,1
3/21/2025,33910622,3/3/2025,Paid,Active,Friday,False,18,16,2,6,0,0,3
3/21/2025,34330277,3/7/2025,Free,Active,Friday,False,14,5,2,4,0,0,1
3/21/2025,34889504,3/5/2025,Free,Active,Friday,False,16,12,9,2,1,1,0
3/21/2025,36222279,3/5/2025,Free,Active,Friday,False,16,11,2,4,0,0,0
3/21/2025,36329183,3/4/2025,Paid,Active,Friday,False,17,9,18,3,1,1,0
3/21/2025,36946691,3/6/2025,Paid,Active,Friday,False,15,8,4,5,0,0,0
3/21/2025,38413248,3/7/2025,Free,Active,Friday,False,14,8,6,1,0,0,0
3/21/2025,39114147,3/7/2025,Free,Active,Friday,False,14,3,10,1,2,0,0
3/21/2025,39534512,3/6/2025,Free,Active,Friday,False,15,5,1,2,0,0,0
3/21/2025,39554899,3/4/2025,Free,Active,Friday,False,17,6,3,2,0,0,0
3/21/2025,40027203,3/3/2025,Free,Active,Friday,False,18,2,5,1,1,0,0
3/21/2025,40070917,3/4/2025,Paid,Active,Friday,False,17,26,3,2,0,0,0
3/21/2025,40071067,3/7/2025,Free,Active,Friday,False,14,4,3,0,1,0,0
3/21/2025,40372156,3/6/2025,Free,Active,Friday,False,15,21,4,0,0,0,0
3/21/2025,40836783,3/5/2025,Free,Active,Friday,False,16,3,10,1,0,0,1
3/21/2025,42233475,3/5/2025,Free,Active,Friday,False,16,8,6,2,0,0,0
3/21/2025,43009397,3/7/2025,Paid,Active,Friday,False,14,19,3,0,1,0,0
3/21/2025,43056250,3/7/2025,Free,Active,Friday,False,14,7,3,3,0,0,0
3/21/2025,43564818,3/4/2025,Free,Active,Friday,False,17,17,1,3,0,0,0
3/21/2025,46347412,3/5/2025,Free,Active,Friday,False,16,8,9,0,0,0,0
3/21/2025,46768760,3/3/2025,Free,Active,Friday,False,18,6,1,4,1,0,1
3/21/2025,47269107,3/5/2025,Free,Active,Friday,False,16,8,10,1,0,0,0
3/21/2025,48501532,3/5/2025,Free,Active,Friday,False,16,28,4,2,2,0,0
3/21/2025,48924961,3/6/2025,Free,Active,Friday,False,15,16,6,2,0,1,0
3/21/2025,50549387,3/6/2025,Free,Active,Friday,False,15,26,1,0,1,0,0
3/21/2025,51154578,3/6/2025,Paid,Active,Friday,False,15,15,9,3,3,1,0
3/21/2025,51499006,3/7/2025,Free,Active,Friday,False,14,17,9,1,1,1,1
3/21/2025,51531887,3/5/2025,Paid,Active,Friday,False,16,11,5,1,0,0,0
3/21/2025,52702390,3/4/2025,Free,Active,Friday,False,17,15,6,1,0,1,0
3/21/2025,54604771,3/5/2025,Paid,Active,Friday,False,16,7,8,0,2,1,0
3/21/2025,55617207,3/6/2025,Free,Active,Friday,False,15,14,7,1,2,3,0
3/21/2025,56195615,3/7/2025,Free,Active,Friday,False,14,9,5,4,1,1,1
3/21/2025,57595168,3/3/2025,Free,Active,Friday,False,18,26,5,1,0,1,0
3/21/2025,57850647,3/3/2025,Paid,Active,Friday,False,18,12,4,1,1,0,0
3/21/2025,58890543,3/6/2025,Free,Active,Friday,False,15,5,9,0,1,0,0
3/21/2025,59132781,3/7/2025,Paid,Active,Friday,False,14,2,8,1,1,0,0
3/21/2025,59783512,3/5/2025,Paid,Active,Friday,False,16,24,3,3,0,0,0
3/21/2025,60977230,3/4/2025,Free,Active,Friday,False,17,3,6,1,1,0,0
3/21/2025,61356578,3/3/2025,Free,Active,Friday,False,18,10,9,3,0,1,0
3/21/2025,61786206,3/3/2025,Free,Active,Friday,False,18,3,3,5,0,0,0
3/21/2025,62820168,3/7/2025,Free,Active,Friday,False,14,6,3,3,2,0,1
3/21/2025,63534569,3/7/2025,Paid,Active,Friday,False,14,9,6,1,2,2,0
3/21/2025,63585558,3/6/2025,Paid,Active,Friday,False,15,11,6,3,0,0,0
3/21/2025,63823859,3/4/2025,Free,Active,Friday,False,17,8,1,3,1,0,2
3/21/2025,63879026,3/6/2025,Paid,Active,Friday,False,15,5,1,1,0,0,0
3/21/2025,64826108,3/4/2025,Paid,Active,Friday,False,17,32,5,2,4,0,0
3/21/2025,65636763,3/5/2025,Paid,Active,Friday,False,16,11,8,0,1,2,0
3/21/2025,66077920,3/3/2025,Paid,Active,Friday,False,18,5,2,1,2,0,0
3/21/2025,66085019,3/5/2025,Free,Active,Friday,False,16,7,10,2,1,0,1
3/21/2025,68233734,3/3/2025,Free,Active,Friday,False,18,14,5,4,0,1,1
3/21/2025,68955030,3/6/2025,Free,Active,Friday,False,15,2,1,5,0,0,0
3/21/2025,69497858,3/4/2025,Free,Active,Friday,False,17,6,3,0,1,0,0
3/21/2025,70007939,3/4/2025,Free,Active,Friday,False,17,8,3,1,0,1,0
3/21/2025,70268283,3/4/2025,Free,Active,Friday,False,17,5,6,0,0,0,0
3/21/2025,70440339,3/7/2025,Paid,Active,Friday,False,14,12,1,3,0,1,1
3/21/2025,70853849,3/4/2025,Free,Active,Friday,False,17,4,2,1,0,0,0
3/21/2025,71358668,3/4/2025,Free,Active,Friday,False,17,31,3,1,0,0,0
3/21/2025,71790553,3/4/2025,Paid,Active,Friday,False,17,21,2,0,1,1,0
3/21/2025,72469436,3/3/2025,Free,Active,Friday,False,18,20,4,1,0,0,0
3/21/2025,73128237,3/7/2025,Paid,Active,Friday,False,14,6,2,5,0,0,4
3/21/2025,73183069,3/6/2025,Free,Active,Friday,False,15,31,0,0,5,0,0
3/21/2025,73963079,3/4/2025,Paid,Active,Friday,False,17,19,4,1,1,0,0
3/21/2025,74092029,3/6/2025,Paid,Active,Friday,False,15,6,4,7,1,0,0
3/21/2025,74484152,3/4/2025,Paid,Active,Friday,False,17,5,8,1,0,0,0
3/21/2025,74598602,3/6/2025,Free,Active,Friday,False,15,31,3,1,1,0,0
3/21/2025,76023894,3/4/2025,Free,Active,Friday,False,17,9,8,1,0,0,0
3/21/2025,76306583,3/6/2025,Free,Active,Friday,False,15,10,6,0,0,0,1
3/21/2025,76587233,3/4/2025,Paid,Active,Friday,False,17,28,4,0,2,0,0
3/21/2025,76671851,3/6/2025,Free,Active,Friday,False,15,5,3,5,1,0,0
3/21/2025,77337890,3/3/2025,Paid,Active,Friday,False,18,3,3,3,0,0,0
3/21/2025,77687782,3/3/2025,Free,Active,Friday,False,18,14,7,2,1,0,0
3/21/2025,78432211,3/4/2025,Paid,Active,Friday,False,17,21,2,1,3,0,0
3/21/2025,78514449,3/7/2025,Free,Active,Friday,False,14,27,4,1,3,1,0
3/21/2025,78524558,3/4/2025,Free,Active,Friday,False,17,28,2,1,2,0,0
3/21/2025,79391007,3/5/2025,Free,Active,Friday,False,16,5,8,1,1,2,0
3/21/2025,79819778,3/7/2025,Free,Active,Friday,False,14,12,2,5,0,0,0
3/21/2025,79854644,3/5/2025,Free,Active,Friday,False,16,6,4,1,0,0,0
3/21/2025,80322173,3/5/2025,Free,Active,Friday,False,16,6,2,3,1,0,1
3/21/2025,81062415,3/7/2025,Paid,Active,Friday,False,14,10,2,3,0,1,0
3/21/2025,81339689,3/7/2025,Free,Active,Friday,False,14,58,2,1,2,0,0
3/21/2025,82032780,3/7/2025,Free,Active,Friday,False,14,28,5,2,0,0,1
3/21/2025,82358858,3/5/2025,Free,Active,Friday,False,16,8,1,4,0,0,1
3/21/2025,84047697,3/5/2025,Free,Active,Friday,False,16,16,2,4,1,1,1
3/21/2025,85292675,3/3/2025,Free,Active,Friday,False,18,6,4,1,0,0,0
3/21/2025,85327560,3/6/2025,Free,Active,Friday,False,15,5,1,2,0,0,0
3/21/2025,86372804,3/3/2025,Paid,Active,Friday,False,18,5,7,2,0,0,0
3/21/2025,89285908,3/4/2025,Free,Active,Friday,False,17,7,6,2,0,0,0
3/21/2025,89505560,3/5/2025,Paid,Active,Friday,False,16,8,4,2,0,0,1
3/21/2025,89547601,3/5/2025,Free,Active,Friday,False,16,8,10,1,0,0,0
3/21/2025,89669730,3/7/2025,Paid,Active,Friday,False,14,30,3,1,2,0,1
3/21/2025,90589301,3/5/2025,Free,Active,Friday,False,16,43,3,0,1,2,1
3/21/2025,92575198,3/4/2025,Free,Active,Friday,False,17,8,5,4,2,0,1
3/21/2025,93721129,3/4/2025,Paid,Active,Friday,False,17,3,3,4,0,1,0
3/21/2025,94491215,3/7/2025,Free,Active,Friday,False,14,16,10,2,0,0,0
3/21/2025,95432541,3/4/2025,Free,Active,Friday,False,17,3,5,1,1,0,0
3/21/2025,95834438,3/3/2025,Free,Active,Friday,False,18,7,5,1,1,0,0
3/21/2025,96268661,3/6/2025,Free,Active,Friday,False,15,1,0,0,0,0,0
3/21/2025,96659622,3/3/2025,Free,Active,Friday,False,18,5,10,0,1,0,0
3/21/2025,99756298,3/4/2025,Free,Active,Friday,False,17,10,2,2,0,0,0
3/22/2025,10213838,3/4/2025,Free,Active,Saturday,True,18,6,3,1,0,0,0
3/22/2025,10439750,3/6/2025,Paid,Active,Saturday,True,16,19,2,0,1,0,0
3/22/2025,10453161,3/5/2025,Paid,Active,Saturday,True,17,26,4,0,1,0,0
3/22/2025,10517792,3/6/2025,Free,Active,Saturday,True,16,5,3,1,0,0,1
3/22/2025,10522638,3/7/2025,Paid,Active,Saturday,True,15,30,2,2,1,0,0
3/22/2025,11207503,3/3/2025,Paid,Active,Saturday,True,19,19,4,1,0,0,0
3/22/2025,11495794,3/6/2025,Paid,Active,Saturday,True,16,45,5,3,3,0,0
3/22/2025,11818207,3/6/2025,Free,Active,Saturday,True,16,12,4,2,0,0,0
3/22/2025,11932799,3/7/2025,Free,Active,Saturday,True,15,10,0,0,0,0,0
3/22/2025,12089369,3/7/2025,Free,Active,Saturday,True,15,9,7,2,2,0,0
3/22/2025,12839768,3/7/2025,Free,Active,Saturday,True,15,9,4,5,2,1,0
3/22/2025,13638476,3/4/2025,Free,Active,Saturday,True,18,8,2,5,0,1,0
3/22/2025,14003926,3/3/2025,Free,Active,Saturday,True,19,14,7,2,0,0,1
3/22/2025,14017653,3/3/2025,Free,Active,Saturday,True,19,7,4,1,0,0,1
3/22/2025,14209843,3/4/2025,Free,Active,Saturday,True,18,11,1,1,0,1,1
3/22/2025,14495366,3/5/2025,Free,Active,Saturday,True,17,9,10,1,0,0,0
3/22/2025,14528458,3/5/2025,Free,Active,Saturday,True,17,27,1,2,4,0,0
3/22/2025,14851543,3/7/2025,Free,Active,Saturday,True,15,6,4,5,0,0,0
3/22/2025,15450669,3/6/2025,Free,Active,Saturday,True,16,5,7,2,1,1,0
3/22/2025,15647148,3/6/2025,Free,Active,Saturday,True,16,16,2,0,0,0,0
3/22/2025,16402515,3/7/2025,Free,Active,Saturday,True,15,11,4,3,0,0,0
3/22/2025,16675590,3/7/2025,Free,Active,Saturday,True,15,10,5,0,1,0,0
3/22/2025,17228968,3/6/2025,Paid,Active,Saturday,True,16,9,6,0,0,0,0
3/22/2025,17463270,3/3/2025,Free,Active,Saturday,True,19,24,1,1,3,1,0
3/22/2025,17983248,3/4/2025,Paid,Active,Saturday,True,18,9,9,1,0,2,0
3/22/2025,18139249,3/3/2025,Free,Active,Saturday,True,19,6,6,1,0,0,0
3/22/2025,18452244,3/7/2025,Free,Active,Saturday,True,15,6,4,5,1,0,0
3/22/2025,18580473,3/5/2025,Paid,Active,Saturday,True,17,8,13,2,0,0,0
3/22/2025,18873581,3/4/2025,Paid,Active,Saturday,True,18,7,7,0,0,0,0
3/22/2025,18940612,3/7/2025,Free,Active,Saturday,True,15,80,1,3,7,0,0
3/22/2025,19577042,3/6/2025,Free,Active,Saturday,True,16,6,10,2,1,0,0
3/22/2025,20119241,3/7/2025,Free,Active,Saturday,True,15,3,3,4,0,0,1
3/22/2025,20473587,3/5/2025,Free,Active,Saturday,True,17,20,3,1,1,1,0
3/22/2025,21245339,3/7/2025,Free,Active,Saturday,True,15,24,4,1,1,0,0
3/22/2025,21395247,3/3/2025,Paid,Active,Saturday,True,19,28,2,1,2,0,1
3/22/2025,21502927,3/6/2025,Free,Active,Saturday,True,16,2,2,1,1,1,0
3/22/2025,22264388,3/6/2025,Paid,Active,Saturday,True,16,7,1,5,3,0,0
3/22/2025,23358649,3/5/2025,Free,Active,Saturday,True,17,12,3,2,0,0,1
3/22/2025,23940170,3/6/2025,Free,Active,Saturday,True,16,12,9,1,0,0,0
3/22/2025,25761792,3/6/2025,Free,Active,Saturday,True,16,12,3,3,0,2,0
3/22/2025,26103384,3/4/2025,Paid,Active,Saturday,True,18,12,4,5,0,0,0
3/22/2025,27469715,3/4/2025,Free,Active,Saturday,True,18,15,3,0,1,0,0
3/22/2025,27852032,3/4/2025,Free,Active,Saturday,True,18,6,4,4,1,1,1
3/22/2025,28168630,3/5/2025,Free,Active,Saturday,True,17,96,5,1,4,0,0
3/22/2025,28569480,3/5/2025,Paid,Active,Saturday,True,17,6,3,3,0,0,0
3/22/2025,28608102,3/4/2025,Paid,Active,Saturday,True,18,20,3,1,1,0,1
3/22/2025,28947491,3/3/2025,Free,Active,Saturday,True,19,4,10,2,0,0,1
3/22/2025,29402937,3/3/2025,Free,Active,Saturday,True,19,25,4,1,2,0,0
3/22/2025,30377112,3/3/2025,Free,Active,Saturday,True,19,11,3,1,0,0,1
3/22/2025,30427864,3/3/2025,Paid,Active,Saturday,True,19,11,3,0,0,0,0
3/22/2025,30556865,3/4/2025,Free,Active,Saturday,True,18,13,9,2,2,1,1
3/22/2025,30665172,3/6/2025,Paid,Active,Saturday,True,16,5,3,3,0,0,0
3/22/2025,31297307,3/4/2025,Paid,Active,Saturday,True,18,12,2,0,0,1,0
3/22/2025,32287062,3/4/2025,Free,Active,Saturday,True,18,9,4,2,2,0,0
3/22/2025,33834899,3/5/2025,Paid,Active,Saturday,True,17,7,2,2,0,1,0
3/22/2025,33910622,3/3/2025,Paid,Active,Saturday,True,19,14,4,5,1,1,0
3/22/2025,34138344,3/3/2025,Paid,Active,Saturday,True,19,7,1,4,0,0,0
3/22/2025,34330277,3/7/2025,Free,Active,Saturday,True,15,7,2,4,0,1,0
3/22/2025,34614777,3/5/2025,Free,Active,Saturday,True,17,3,3,4,0,0,1
3/22/2025,34782115,3/4/2025,Free,Active,Saturday,True,18,4,9,1,0,1,0
3/22/2025,34889504,3/5/2025,Free,Active,Saturday,True,17,8,6,3,0,2,0
3/22/2025,36017834,3/7/2025,Paid,Active,Saturday,True,15,15,4,2,2,0,1
3/22/2025,36329183,3/4/2025,Paid,Active,Saturday,True,18,15,15,3,2,0,0
3/22/2025,36946691,3/6/2025,Paid,Active,Saturday,True,16,5,1,4,0,0,2
3/22/2025,38413248,3/7/2025,Free,Active,Saturday,True,15,10,5,2,0,1,0
3/22/2025,39114147,3/7/2025,Free,Active,Saturday,True,15,6,10,2,3,0,0
3/22/2025,39554899,3/4/2025,Free,Active,Saturday,True,18,9,3,4,0,0,0
3/22/2025,40027203,3/3/2025,Free,Active,Saturday,True,19,2,2,1,0,0,0
3/22/2025,40372156,3/6/2025,Free,Active,Saturday,True,16,16,3,1,1,0,0
3/22/2025,40836783,3/5/2025,Free,Active,Saturday,True,17,4,3,2,1,0,0
3/22/2025,42233475,3/5/2025,Free,Active,Saturday,True,17,7,3,1,0,0,0
3/22/2025,43564818,3/4/2025,Free,Active,Saturday,True,18,7,3,5,0,1,0
3/22/2025,44441861,3/6/2025,Free,Active,Saturday,True,16,10,4,5,0,0,0
3/22/2025,44549411,3/3/2025,Paid,Active,Saturday,True,19,12,8,2,0,1,0
3/22/2025,44814486,3/3/2025,Paid,Active,Saturday,True,19,1,2,0,0,0,0
3/22/2025,46768760,3/3/2025,Free,Active,Saturday,True,19,4,2,5,0,0,0
3/22/2025,47269107,3/5/2025,Free,Active,Saturday,True,17,6,6,1,1,0,0
3/22/2025,48501532,3/5/2025,Free,Active,Saturday,True,17,22,1,0,2,0,0
3/22/2025,48924961,3/6/2025,Free,Active,Saturday,True,16,25,5,2,0,0,1
3/22/2025,50549387,3/6/2025,Free,Active,Saturday,True,16,21,4,0,3,0,0
3/22/2025,51154578,3/6/2025,Paid,Active,Saturday,True,16,17,5,3,1,1,0
3/22/2025,51499006,3/7/2025,Free,Active,Saturday,True,15,7,7,2,1,1,0
3/22/2025,51531887,3/5/2025,Paid,Active,Saturday,True,17,29,4,2,0,1,1
3/22/2025,52355265,3/4/2025,Free,Active,Saturday,True,18,12,0,1,3,0,0
3/22/2025,52702390,3/4/2025,Free,Active,Saturday,True,18,15,10,2,1,0,1
3/22/2025,53226858,3/4/2025,Paid,Active,Saturday,True,18,8,4,3,0,0,1
3/22/2025,54276839,3/6/2025,Paid,Active,Saturday,True,16,41,3,1,2,0,0
3/22/2025,54604771,3/5/2025,Paid,Active,Saturday,True,17,7,6,1,0,0,0
3/22/2025,54677898,3/5/2025,Free,Active,Saturday,True,17,8,2,4,0,0,0
3/22/2025,55617207,3/6/2025,Free,Active,Saturday,True,16,16,10,2,2,0,0
3/22/2025,55796778,3/7/2025,Paid,Active,Saturday,True,15,25,1,2,2,1,0
3/22/2025,56195615,3/7/2025,Free,Active,Saturday,True,15,7,4,5,1,0,0
3/22/2025,57595168,3/3/2025,Free,Active,Saturday,True,19,21,4,1,0,1,1
3/22/2025,58798972,3/7/2025,Paid,Active,Saturday,True,15,26,3,2,2,0,0
3/22/2025,58890543,3/6/2025,Free,Active,Saturday,True,16,10,10,1,0,0,0
3/22/2025,59320316,3/4/2025,Free,Active,Saturday,True,18,12,10,2,0,0,0
3/22/2025,59783512,3/5/2025,Paid,Active,Saturday,True,17,41,4,2,3,0,0
3/22/2025,60977230,3/4/2025,Free,Active,Saturday,True,18,17,7,3,1,0,0
3/22/2025,61356578,3/3/2025,Free,Active,Saturday,True,19,8,4,1,0,1,0
3/22/2025,61786206,3/3/2025,Free,Active,Saturday,True,19,10,4,3,1,0,0
3/22/2025,62820168,3/7/2025,Free,Active,Saturday,True,15,12,1,5,0,0,0
3/22/2025,63585558,3/6/2025,Paid,Active,Saturday,True,16,6,10,1,1,0,0
3/22/2025,63823859,3/4/2025,Free,Active,Saturday,True,18,6,4,5,0,0,0
3/22/2025,63879026,3/6/2025,Paid,Active,Saturday,True,16,5,1,3,0,0,0
3/22/2025,64826108,3/4/2025,Paid,Active,Saturday,True,18,24,5,1,0,0,0
3/22/2025,64875604,3/6/2025,Free,Active,Saturday,True,16,7,4,1,1,1,0
3/22/2025,65164953,3/4/2025,Free,Active,Saturday,True,18,9,3,4,0,0,0
3/22/2025,65636763,3/5/2025,Paid,Active,Saturday,True,17,9,12,1,1,0,0
3/22/2025,66077920,3/3/2025,Paid,Active,Saturday,True,19,6,1,1,0,0,0
3/22/2025,66085019,3/5/2025,Free,Active,Saturday,True,17,8,6,2,0,1,0
3/22/2025,67901718,3/7/2025,Free,Active,Saturday,True,15,9,5,1,2,1,0
3/22/2025,68233734,3/3/2025,Free,Active,Saturday,True,19,14,5,5,0,0,0
3/22/2025,68805871,3/6/2025,Free,Active,Saturday,True,16,7,10,1,0,0,0
3/22/2025,68955030,3/6/2025,Free,Active,Saturday,True,16,3,2,1,1,0,0
3/22/2025,70268283,3/4/2025,Free,Active,Saturday,True,18,10,8,1,0,0,0
3/22/2025,70853849,3/4/2025,Free,Active,Saturday,True,18,2,1,4,1,0,0
3/22/2025,71790553,3/4/2025,Paid,Active,Saturday,True,18,16,1,0,1,0,0
3/22/2025,73128237,3/7/2025,Paid,Active,Saturday,True,15,5,5,8,0,1,1
3/22/2025,73530116,3/3/2025,Paid,Active,Saturday,True,19,18,0,1,0,0,0
3/22/2025,73594845,3/4/2025,Free,Active,Saturday,True,18,9,2,1,0,0,0
3/22/2025,74062340,3/5/2025,Free,Active,Saturday,True,17,4,1,1,0,0,0
3/22/2025,74092029,3/6/2025,Paid,Active,Saturday,True,16,14,3,3,0,0,2
3/22/2025,74484152,3/4/2025,Paid,Active,Saturday,True,18,9,9,1,1,1,1
3/22/2025,74598602,3/6/2025,Free,Active,Saturday,True,16,44,3,2,1,0,0
3/22/2025,76023894,3/4/2025,Free,Active,Saturday,True,18,5,8,2,0,0,0
3/22/2025,76306583,3/6/2025,Free,Active,Saturday,True,16,5,7,2,1,3,0
3/22/2025,76587233,3/4/2025,Paid,Active,Saturday,True,18,23,2,1,1,0,0
3/22/2025,77362777,3/6/2025,Free,Active,Saturday,True,16,11,6,1,0,0,0
3/22/2025,77687782,3/3/2025,Free,Active,Saturday,True,19,16,5,1,3,0,2
3/22/2025,78432211,3/4/2025,Paid,Active,Saturday,True,18,17,2,2,1,1,0
3/22/2025,78514449,3/7/2025,Free,Active,Saturday,True,15,76,5,0,5,0,1
3/22/2025,79819778,3/7/2025,Free,Active,Saturday,True,15,7,3,3,1,0,0
3/22/2025,79854644,3/5/2025,Free,Active,Saturday,True,17,18,10,2,0,0,0
3/22/2025,80322173,3/5/2025,Free,Active,Saturday,True,17,6,3,3,0,0,1
3/22/2025,80640969,3/5/2025,Free,Active,Saturday,True,17,5,7,1,0,1,0
3/22/2025,81339689,3/7/2025,Free,Active,Saturday,True,15,31,3,3,0,0,0
3/22/2025,81895947,3/5/2025,Free,Active,Saturday,True,17,8,2,5,0,0,0
3/22/2025,82032780,3/7/2025,Free,Active,Saturday,True,15,18,2,1,2,0,0
3/22/2025,82358858,3/5/2025,Free,Active,Saturday,True,17,7,2,4,0,1,0
3/22/2025,83753999,3/6/2025,Free,Active,Saturday,True,16,5,3,0,0,1,0
3/22/2025,84047697,3/5/2025,Free,Active,Saturday,True,17,10,7,5,1,0,0
3/22/2025,89243555,3/4/2025,Free,Active,Saturday,True,18,22,4,1,0,0,0
3/22/2025,89281326,3/3/2025,Free,Active,Saturday,True,19,6,5,0,0,0,0
3/22/2025,89285908,3/4/2025,Free,Active,Saturday,True,18,7,9,1,0,0,0
3/22/2025,89505560,3/5/2025,Paid,Active,Saturday,True,17,11,3,4,1,0,0
3/22/2025,89547601,3/5/2025,Free,Active,Saturday,True,17,6,9,2,0,1,0
3/22/2025,89669730,3/7/2025,Paid,Active,Saturday,True,15,32,3,1,0,1,0
3/22/2025,90053100,3/3/2025,Free,Active,Saturday,True,19,6,9,1,0,0,0
3/22/2025,90384679,3/6/2025,Free,Active,Saturday,True,16,9,10,3,1,0,0
3/22/2025,90589301,3/5/2025,Free,Active,Saturday,True,17,38,4,2,4,0,0
3/22/2025,91286478,3/7/2025,Free,Active,Saturday,True,15,10,1,0,0,0,0
3/22/2025,92207376,3/7/2025,Paid,Active,Saturday,True,15,9,10,2,3,0,0
3/22/2025,92575198,3/4/2025,Free,Active,Saturday,True,18,6,2,4,0,1,1
3/22/2025,93721129,3/4/2025,Paid,Active,Saturday,True,18,12,4,5,0,0,1
3/22/2025,93792220,3/3/2025,Free,Active,Saturday,True,19,2,7,0,0,3,0
3/22/2025,94491215,3/7/2025,Free,Active,Saturday,True,15,4,9,2,2,1,0
3/22/2025,95082245,3/3/2025,Free,Active,Saturday,True,19,2,3,1,0,0,0
3/22/2025,95834438,3/3/2025,Free,Active,Saturday,True,19,3,4,1,0,1,1
3/22/2025,95928771,3/5/2025,Paid,Active,Saturday,True,17,7,7,2,0,0,0
3/22/2025,98060216,3/5/2025,Free,Active,Saturday,True,17,9,1,0,4,0,0
3/22/2025,98245773,3/3/2025,Free,Active,Saturday,True,19,6,6,1,1,0,0
3/22/2025,99756298,3/4/2025,Free,Active,Saturday,True,18,9,4,2,1,0,0
3/23/2025,10439750,3/6/2025,Paid,Active,Sunday,True,17,12,1,2,0,0,0
3/23/2025,10517792,3/6/2025,Free,Active,Sunday,True,17,5,9,0,0,1,0
3/23/2025,10522638,3/7/2025,Paid,Active,Sunday,True,16,15,1,1,0,0,0
3/23/2025,11207503,3/3/2025,Paid,Active,Sunday,True,20,31,7,0,3,0,0
3/23/2025,11495794,3/6/2025,Paid,Active,Sunday,True,17,45,4,2,2,0,0
3/23/2025,11818207,3/6/2025,Free,Active,Sunday,True,17,5,8,0,1,0,0
3/23/2025,12089369,3/7/2025,Free,Active,Sunday,True,16,10,6,1,0,0,0
3/23/2025,12839768,3/7/2025,Free,Active,Sunday,True,16,11,6,4,2,1,0
3/23/2025,13638476,3/4/2025,Free,Active,Sunday,True,19,7,4,2,1,1,0
3/23/2025,14003926,3/3/2025,Free,Active,Sunday,True,20,15,10,1,1,0,0
3/23/2025,14017653,3/3/2025,Free,Active,Sunday,True,20,11,4,4,0,0,1
3/23/2025,14209843,3/4/2025,Free,Active,Sunday,True,19,3,4,5,0,0,0
3/23/2025,14495366,3/5/2025,Free,Active,Sunday,True,18,8,9,2,1,1,0
3/23/2025,14528458,3/5/2025,Free,Active,Sunday,True,18,23,1,0,1,0,0
3/23/2025,14851543,3/7/2025,Free,Active,Sunday,True,16,8,4,5,0,0,0
3/23/2025,15450669,3/6/2025,Free,Active,Sunday,True,17,5,10,1,0,0,0
3/23/2025,15647148,3/6/2025,Free,Active,Sunday,True,17,13,1,1,0,0,0
3/23/2025,16175009,3/5/2025,Free,Active,Sunday,True,18,2,10,1,0,0,0
3/23/2025,16323501,3/5/2025,Free,Active,Sunday,True,18,3,4,2,0,1,0
3/23/2025,16402515,3/7/2025,Free,Active,Sunday,True,16,7,4,5,3,0,0
3/23/2025,16675590,3/7/2025,Free,Active,Sunday,True,16,9,9,1,1,0,0
3/23/2025,17228968,3/6/2025,Paid,Active,Sunday,True,17,10,8,2,0,0,0
3/23/2025,17463270,3/3/2025,Free,Active,Sunday,True,20,8,2,2,0,0,0
3/23/2025,17983248,3/4/2025,Paid,Active,Sunday,True,19,10,10,0,0,0,0
3/23/2025,18452244,3/7/2025,Free,Active,Sunday,True,16,8,2,2,1,1,0
3/23/2025,18873581,3/4/2025,Paid,Active,Sunday,True,19,4,3,0,0,0,0
3/23/2025,18940612,3/7/2025,Free,Active,Sunday,True,16,22,4,0,0,0,0
3/23/2025,19577042,3/6/2025,Free,Active,Sunday,True,17,4,10,1,0,0,0
3/23/2025,20119241,3/7/2025,Free,Active,Sunday,True,16,3,4,3,1,0,0
3/23/2025,20473587,3/5/2025,Free,Active,Sunday,True,18,16,2,1,0,0,0
3/23/2025,21245339,3/7/2025,Free,Active,Sunday,True,16,30,2,1,1,0,0
3/23/2025,21395247,3/3/2025,Paid,Active,Sunday,True,20,25,3,2,1,1,0
3/23/2025,23272498,3/5/2025,Free,Active,Sunday,True,18,10,6,1,1,0,0
3/23/2025,23358649,3/5/2025,Free,Active,Sunday,True,18,3,3,3,0,0,0
3/23/2025,23940170,3/6/2025,Free,Active,Sunday,True,17,9,9,1,1,0,0
3/23/2025,25761792,3/6/2025,Free,Active,Sunday,True,17,10,10,1,1,0,0
3/23/2025,25983272,3/4/2025,Free,Active,Sunday,True,19,3,3,4,1,1,0
3/23/2025,26103384,3/4/2025,Paid,Active,Sunday,True,19,15,1,4,0,1,0
3/23/2025,27469715,3/4/2025,Free,Active,Sunday,True,19,5,0,0,0,0,0
3/23/2025,27852032,3/4/2025,Free,Active,Sunday,True,19,15,5,5,0,0,0
3/23/2025,28569480,3/5/2025,Paid,Active,Sunday,True,18,9,6,4,2,0,0
3/23/2025,28608102,3/4/2025,Paid,Active,Sunday,True,19,30,2,1,2,1,0
3/23/2025,28947491,3/3/2025,Free,Active,Sunday,True,20,9,9,3,2,1,0
3/23/2025,29402937,3/3/2025,Free,Active,Sunday,True,20,27,3,2,0,0,0
3/23/2025,30377112,3/3/2025,Free,Active,Sunday,True,20,10,2,4,1,0,1
3/23/2025,30665172,3/6/2025,Paid,Active,Sunday,True,17,5,1,4,1,1,1
3/23/2025,31297307,3/4/2025,Paid,Active,Sunday,True,19,11,1,0,1,2,0
3/23/2025,32287062,3/4/2025,Free,Active,Sunday,True,19,8,2,2,2,0,0
3/23/2025,33834899,3/5/2025,Paid,Active,Sunday,True,18,12,11,2,0,1,0
3/23/2025,33910622,3/3/2025,Paid,Active,Sunday,True,20,14,5,4,0,0,0
3/23/2025,34330277,3/7/2025,Free,Active,Sunday,True,16,4,1,4,1,0,0
3/23/2025,34889504,3/5/2025,Free,Active,Sunday,True,18,13,9,1,1,1,0
3/23/2025,36017834,3/7/2025,Paid,Active,Sunday,True,16,16,2,2,0,0,0
3/23/2025,36222279,3/5/2025,Free,Active,Sunday,True,18,3,1,2,1,1,0
3/23/2025,36329183,3/4/2025,Paid,Active,Sunday,True,19,17,13,1,0,1,0
3/23/2025,38413248,3/7/2025,Free,Active,Sunday,True,16,10,10,2,1,0,0
3/23/2025,39114147,3/7/2025,Free,Active,Sunday,True,16,5,9,2,0,1,0
3/23/2025,39534512,3/6/2025,Free,Active,Sunday,True,17,4,2,1,0,0,0
3/23/2025,39554899,3/4/2025,Free,Active,Sunday,True,19,9,4,1,1,0,0
3/23/2025,40070917,3/4/2025,Paid,Active,Sunday,True,19,32,4,2,0,0,0
3/23/2025,40372156,3/6/2025,Free,Active,Sunday,True,17,19,5,2,1,0,0
3/23/2025,40836783,3/5/2025,Free,Active,Sunday,True,18,4,3,2,0,0,0
3/23/2025,42233475,3/5/2025,Free,Active,Sunday,True,18,9,10,1,1,0,0
3/23/2025,43009397,3/7/2025,Paid,Active,Sunday,True,16,10,0,2,0,1,0
3/23/2025,43056250,3/7/2025,Free,Active,Sunday,True,16,11,1,4,0,0,0
3/23/2025,43564818,3/4/2025,Free,Active,Sunday,True,19,4,1,4,0,0,0
3/23/2025,44441861,3/6/2025,Free,Active,Sunday,True,17,4,1,4,0,1,1
3/23/2025,44549411,3/3/2025,Paid,Active,Sunday,True,20,10,13,1,1,0,0
3/23/2025,44814486,3/3/2025,Paid,Active,Sunday,True,20,7,7,1,0,0,0
3/23/2025,46768760,3/3/2025,Free,Active,Sunday,True,20,2,2,3,1,0,0
3/23/2025,47269107,3/5/2025,Free,Active,Sunday,True,18,11,10,0,1,0,0
3/23/2025,47729983,3/7/2025,Free,Active,Sunday,True,16,5,2,0,0,1,0
3/23/2025,48213441,3/5/2025,Free,Active,Sunday,True,18,13,0,0,1,0,0
3/23/2025,48501532,3/5/2025,Free,Active,Sunday,True,18,10,3,2,0,0,0
3/23/2025,48924961,3/6/2025,Free,Active,Sunday,True,17,40,2,2,1,0,0
3/23/2025,50549387,3/6/2025,Free,Active,Sunday,True,17,73,1,1,5,0,0
3/23/2025,51154578,3/6/2025,Paid,Active,Sunday,True,17,17,10,3,0,1,0
3/23/2025,51499006,3/7/2025,Free,Active,Sunday,True,16,13,6,3,0,0,0
3/23/2025,51531887,3/5/2025,Paid,Active,Sunday,True,18,40,6,2,2,0,1
3/23/2025,52607867,3/5/2025,Paid,Active,Sunday,True,18,2,6,0,1,1,0
3/23/2025,52702390,3/4/2025,Free,Active,Sunday,True,19,7,10,1,0,0,0
3/23/2025,53226858,3/4/2025,Paid,Active,Sunday,True,19,4,1,4,0,1,0
3/23/2025,53588630,3/4/2025,Free,Active,Sunday,True,19,4,0,1,0,0,0
3/23/2025,54677898,3/5/2025,Free,Active,Sunday,True,18,3,2,4,0,0,1
3/23/2025,55617207,3/6/2025,Free,Active,Sunday,True,17,17,10,2,0,0,1
3/23/2025,56195615,3/7/2025,Free,Active,Sunday,True,16,7,3,4,2,0,1
3/23/2025,57595168,3/3/2025,Free,Active,Sunday,True,20,32,1,0,1,1,0
3/23/2025,57850647,3/3/2025,Paid,Active,Sunday,True,20,8,1,1,0,1,0
3/23/2025,58798972,3/7/2025,Paid,Active,Sunday,True,16,17,4,1,0,0,1
3/23/2025,58890543,3/6/2025,Free,Active,Sunday,True,17,5,10,1,1,0,0
3/23/2025,59132781,3/7/2025,Paid,Active,Sunday,True,16,8,4,0,0,0,0
3/23/2025,59320316,3/4/2025,Free,Active,Sunday,True,19,5,7,2,1,0,0
3/23/2025,59783512,3/5/2025,Paid,Active,Sunday,True,18,33,3,3,0,0,0
3/23/2025,60977230,3/4/2025,Free,Active,Sunday,True,19,10,10,2,1,0,0
3/23/2025,61356578,3/3/2025,Free,Active,Sunday,True,20,17,9,1,1,1,0
3/23/2025,61786206,3/3/2025,Free,Active,Sunday,True,20,8,2,1,0,0,1
3/23/2025,62820168,3/7/2025,Free,Active,Sunday,True,16,11,2,5,0,0,0
3/23/2025,63534569,3/7/2025,Paid,Active,Sunday,True,16,9,9,2,0,2,0
3/23/2025,63585558,3/6/2025,Paid,Active,Sunday,True,17,16,15,1,1,2,1
3/23/2025,63823859,3/4/2025,Free,Active,Sunday,True,19,11,2,2,1,0,1
3/23/2025,64826108,3/4/2025,Paid,Active,Sunday,True,19,32,2,2,0,0,1
3/23/2025,64875604,3/6/2025,Free,Active,Sunday,True,17,10,9,1,0,1,0
3/23/2025,65164953,3/4/2025,Free,Active,Sunday,True,19,9,1,1,0,0,0
3/23/2025,65636763,3/5/2025,Paid,Active,Sunday,True,18,6,9,1,1,2,0
3/23/2025,66085019,3/5/2025,Free,Active,Sunday,True,18,4,10,2,0,0,0
3/23/2025,67901718,3/7/2025,Free,Active,Sunday,True,16,12,8,1,0,1,0
3/23/2025,68233734,3/3/2025,Free,Active,Sunday,True,20,8,3,5,0,0,0
3/23/2025,70007939,3/4/2025,Free,Active,Sunday,True,19,16,3,2,0,0,0
3/23/2025,70853849,3/4/2025,Free,Active,Sunday,True,19,8,4,2,0,0,0
3/23/2025,71124136,3/3/2025,Free,Active,Sunday,True,20,31,4,2,0,0,0
3/23/2025,71790553,3/4/2025,Paid,Active,Sunday,True,19,27,2,0,0,1,1
3/23/2025,72469436,3/3/2025,Free,Active,Sunday,True,20,46,3,1,5,0,0
3/23/2025,73128237,3/7/2025,Paid,Active,Sunday,True,16,15,2,9,1,0,0
3/23/2025,73183069,3/6/2025,Free,Active,Sunday,True,17,6,1,0,0,0,0
3/23/2025,73963079,3/4/2025,Paid,Active,Sunday,True,19,25,2,0,0,0,0
3/23/2025,74092029,3/6/2025,Paid,Active,Sunday,True,17,15,2,1,1,0,1
3/23/2025,74484152,3/4/2025,Paid,Active,Sunday,True,19,6,10,0,0,0,0
3/23/2025,74598602,3/6/2025,Free,Active,Sunday,True,17,13,3,1,3,0,0
3/23/2025,76023894,3/4/2025,Free,Active,Sunday,True,19,2,8,2,1,2,0
3/23/2025,76295172,3/3/2025,Paid,Active,Sunday,True,20,2,5,0,0,0,0
3/23/2025,76306583,3/6/2025,Free,Active,Sunday,True,17,4,9,1,0,1,1
3/23/2025,76587233,3/4/2025,Paid,Active,Sunday,True,19,26,1,0,0,1,0
3/23/2025,76671851,3/6/2025,Free,Active,Sunday,True,17,9,1,5,0,0,0
3/23/2025,77362777,3/6/2025,Free,Active,Sunday,True,17,2,10,2,0,0,0
3/23/2025,77687782,3/3/2025,Free,Active,Sunday,True,20,22,3,2,0,0,0
3/23/2025,78432211,3/4/2025,Paid,Active,Sunday,True,19,14,3,1,0,0,0
3/23/2025,78514449,3/7/2025,Free,Active,Sunday,True,16,96,3,0,4,0,1
3/23/2025,79391007,3/5/2025,Free,Active,Sunday,True,18,4,10,0,0,0,0
3/23/2025,79819778,3/7/2025,Free,Active,Sunday,True,16,4,1,3,0,0,2
3/23/2025,79854644,3/5/2025,Free,Active,Sunday,True,18,6,9,1,0,1,0
3/23/2025,80322173,3/5/2025,Free,Active,Sunday,True,18,8,1,2,1,0,0
3/23/2025,80640969,3/5/2025,Free,Active,Sunday,True,18,8,9,2,0,0,0
3/23/2025,81058962,3/4/2025,Free,Active,Sunday,True,19,5,5,0,0,0,0
3/23/2025,81062415,3/7/2025,Paid,Active,Sunday,True,16,10,3,5,1,0,0
3/23/2025,81339689,3/7/2025,Free,Active,Sunday,True,16,13,3,2,0,0,0
3/23/2025,81895947,3/5/2025,Free,Active,Sunday,True,18,8,1,1,0,1,0
3/23/2025,82032780,3/7/2025,Free,Active,Sunday,True,16,37,6,2,2,1,0
3/23/2025,84047697,3/5/2025,Free,Active,Sunday,True,18,13,3,5,0,0,0
3/23/2025,85327560,3/6/2025,Free,Active,Sunday,True,17,6,2,2,0,0,0
3/23/2025,86372804,3/3/2025,Paid,Active,Sunday,True,20,4,3,1,0,0,0
3/23/2025,86762579,3/5/2025,Paid,Active,Sunday,True,18,4,1,0,0,1,1
3/23/2025,89243555,3/4/2025,Free,Active,Sunday,True,19,10,1,0,2,0,0
3/23/2025,89281326,3/3/2025,Free,Active,Sunday,True,20,10,6,0,2,1,0
3/23/2025,89285908,3/4/2025,Free,Active,Sunday,True,19,8,5,0,0,0,0
3/23/2025,89505560,3/5/2025,Paid,Active,Sunday,True,18,6,3,4,0,0,1
3/23/2025,89547601,3/5/2025,Free,Active,Sunday,True,18,2,8,0,1,0,0
3/23/2025,89669730,3/7/2025,Paid,Active,Sunday,True,16,26,5,1,3,0,0
3/23/2025,90053100,3/3/2025,Free,Active,Sunday,True,20,5,3,1,0,0,1
3/23/2025,90384679,3/6/2025,Free,Active,Sunday,True,17,17,10,3,0,0,0
3/23/2025,90589301,3/5/2025,Free,Active,Sunday,True,18,33,2,1,1,0,1
3/23/2025,91286478,3/7/2025,Free,Active,Sunday,True,16,9,1,1,0,0,0
3/23/2025,92575198,3/4/2025,Free,Active,Sunday,True,19,12,4,5,0,0,0
3/23/2025,93721129,3/4/2025,Paid,Active,Sunday,True,19,3,1,2,0,0,1
3/23/2025,93792220,3/3/2025,Free,Active,Sunday,True,20,5,5,0,0,0,0
3/23/2025,94491215,3/7/2025,Free,Active,Sunday,True,16,11,5,1,0,0,0
3/23/2025,94796124,3/5/2025,Free,Active,Sunday,True,18,5,6,1,0,1,0
3/23/2025,95834438,3/3/2025,Free,Active,Sunday,True,20,9,9,2,3,1,0
3/23/2025,95928771,3/5/2025,Paid,Active,Sunday,True,18,3,5,2,0,1,0
3/23/2025,96659622,3/3/2025,Free,Active,Sunday,True,20,8,9,1,0,1,0
3/23/2025,97515553,3/3/2025,Free,Active,Sunday,True,20,7,1,1,1,0,0
3/23/2025,98060216,3/5/2025,Free,Active,Sunday,True,18,13,1,1,0,0,0
3/23/2025,99756298,3/4/2025,Free,Active,Sunday,True,19,31,3,0,2,0,0
3/24/2025,10439750,3/6/2025,Paid,Active,Monday,False,18,24,2,1,2,0,0
3/24/2025,10453161,3/5/2025,Paid,Active,Monday,False,19,10,1,0,0,0,1
3/24/2025,11495794,3/6/2025,Paid,Active,Monday,False,18,16,7,1,1,0,0
3/24/2025,11818207,3/6/2025,Free,Active,Monday,False,18,8,10,1,0,0,0
3/24/2025,11932799,3/7/2025,Free,Active,Monday,False,17,14,1,0,1,0,0
3/24/2025,12089369,3/7/2025,Free,Active,Monday,False,17,6,10,1,2,0,0
3/24/2025,12218224,3/6/2025,Free,Active,Monday,False,18,7,2,1,0,0,0
3/24/2025,12839768,3/7/2025,Free,Active,Monday,False,17,12,1,5,0,0,0
3/24/2025,14003926,3/3/2025,Free,Active,Monday,False,21,12,6,1,0,0,0
3/24/2025,14017653,3/3/2025,Free,Active,Monday,False,21,11,3,3,0,0,0
3/24/2025,14209843,3/4/2025,Free,Active,Monday,False,20,9,2,4,0,0,0
3/24/2025,14851543,3/7/2025,Free,Active,Monday,False,17,10,2,5,0,0,0
3/24/2025,15450669,3/6/2025,Free,Active,Monday,False,18,3,9,2,0,1,0
3/24/2025,16175009,3/5/2025,Free,Active,Monday,False,19,4,7,0,1,0,0
3/24/2025,16323501,3/5/2025,Free,Active,Monday,False,19,3,5,2,0,0,0
3/24/2025,16402515,3/7/2025,Free,Active,Monday,False,17,6,1,5,1,0,0
3/24/2025,17228968,3/6/2025,Paid,Active,Monday,False,18,5,13,0,0,0,1
3/24/2025,17463270,3/3/2025,Free,Active,Monday,False,21,27,3,2,2,0,0
3/24/2025,18452244,3/7/2025,Free,Active,Monday,False,17,8,3,5,1,0,0
3/24/2025,18940612,3/7/2025,Free,Active,Monday,False,17,42,7,2,4,0,0
3/24/2025,19577042,3/6/2025,Free,Active,Monday,False,18,8,8,3,0,2,0
3/24/2025,20119241,3/7/2025,Free,Active,Monday,False,17,5,1,2,0,0,0
3/24/2025,20473587,3/5/2025,Free,Active,Monday,False,19,22,1,1,1,0,0
3/24/2025,21245339,3/7/2025,Free,Active,Monday,False,17,13,4,2,2,0,0
3/24/2025,21502927,3/6/2025,Free,Active,Monday,False,18,3,4,0,0,0,0
3/24/2025,22264388,3/6/2025,Paid,Active,Monday,False,18,3,4,4,1,0,0
3/24/2025,22769549,3/7/2025,Free,Active,Monday,False,17,5,1,3,0,0,0
3/24/2025,23358649,3/5/2025,Free,Active,Monday,False,19,11,3,4,0,0,1
3/24/2025,23940170,3/6/2025,Free,Active,Monday,False,18,9,7,1,0,0,0
3/24/2025,24627496,3/7/2025,Paid,Active,Monday,False,17,12,0,0,2,0,0
3/24/2025,25761792,3/6/2025,Free,Active,Monday,False,18,13,10,2,1,0,0
3/24/2025,25983272,3/4/2025,Free,Active,Monday,False,20,4,3,5,0,0,0
3/24/2025,26103384,3/4/2025,Paid,Active,Monday,False,20,11,3,3,0,0,0
3/24/2025,27852032,3/4/2025,Free,Active,Monday,False,20,10,2,5,1,0,0
3/24/2025,28032367,3/4/2025,Free,Active,Monday,False,20,10,10,1,1,0,0
3/24/2025,28168630,3/5/2025,Free,Active,Monday,False,19,18,6,3,1,0,0
3/24/2025,28569480,3/5/2025,Paid,Active,Monday,False,19,16,3,4,0,0,0
3/24/2025,28608102,3/4/2025,Paid,Active,Monday,False,20,18,1,0,0,0,1
3/24/2025,28947491,3/3/2025,Free,Active,Monday,False,21,6,10,0,0,0,1
3/24/2025,29402937,3/3/2025,Free,Active,Monday,False,21,20,3,1,2,1,0
3/24/2025,29659181,3/6/2025,Free,Active,Monday,False,18,29,3,1,1,0,0
3/24/2025,30377112,3/3/2025,Free,Active,Monday,False,21,11,3,4,1,1,1
3/24/2025,30665172,3/6/2025,Paid,Active,Monday,False,18,9,2,3,0,0,0
3/24/2025,31297307,3/4/2025,Paid,Active,Monday,False,20,4,11,1,0,1,0
3/24/2025,32287062,3/4/2025,Free,Active,Monday,False,20,25,4,1,2,0,0
3/24/2025,33834899,3/5/2025,Paid,Active,Monday,False,19,5,3,1,0,0,0
3/24/2025,34330277,3/7/2025,Free,Active,Monday,False,17,5,2,3,0,0,1
3/24/2025,34782115,3/4/2025,Free,Active,Monday,False,20,4,9,1,0,1,0
3/24/2025,34889504,3/5/2025,Free,Active,Monday,False,19,12,8,3,0,1,0
3/24/2025,36017834,3/7/2025,Paid,Active,Monday,False,17,24,4,3,2,0,0
3/24/2025,36329183,3/4/2025,Paid,Active,Monday,False,20,8,12,2,1,0,0
3/24/2025,36946691,3/6/2025,Paid,Active,Monday,False,18,6,0,4,0,1,0
3/24/2025,37577338,3/3/2025,Free,Active,Monday,False,21,25,4,1,2,0,0
3/24/2025,38413248,3/7/2025,Free,Active,Monday,False,17,12,4,1,0,0,0
3/24/2025,39114147,3/7/2025,Free,Active,Monday,False,17,16,10,2,0,0,0
3/24/2025,39554899,3/4/2025,Free,Active,Monday,False,20,3,3,4,0,0,1
3/24/2025,40070917,3/4/2025,Paid,Active,Monday,False,20,32,3,0,0,0,0
3/24/2025,40836783,3/5/2025,Free,Active,Monday,False,19,4,10,1,0,0,0
3/24/2025,42233475,3/5/2025,Free,Active,Monday,False,19,5,9,2,0,1,0
3/24/2025,43009397,3/7/2025,Paid,Active,Monday,False,17,7,4,2,0,0,0
3/24/2025,43056250,3/7/2025,Free,Active,Monday,False,17,7,1,2,1,0,0
3/24/2025,43564818,3/4/2025,Free,Active,Monday,False,20,10,2,5,0,0,0
3/24/2025,44382081,3/5/2025,Free,Active,Monday,False,19,35,0,1,1,0,0
3/24/2025,44549411,3/3/2025,Paid,Active,Monday,False,21,13,9,2,0,0,0
3/24/2025,46768760,3/3/2025,Free,Active,Monday,False,21,3,3,1,0,0,0
3/24/2025,47269107,3/5/2025,Free,Active,Monday,False,19,5,4,2,0,1,0
3/24/2025,47729983,3/7/2025,Free,Active,Monday,False,17,4,4,0,0,1,0
3/24/2025,48501532,3/5/2025,Free,Active,Monday,False,19,25,3,1,2,0,1
3/24/2025,48924961,3/6/2025,Free,Active,Monday,False,18,25,5,1,3,0,0
3/24/2025,49010595,3/7/2025,Free,Active,Monday,False,17,5,1,5,0,0,0
3/24/2025,51154578,3/6/2025,Paid,Active,Monday,False,18,10,13,2,0,0,0
3/24/2025,51499006,3/7/2025,Free,Active,Monday,False,17,9,10,1,0,0,0
3/24/2025,51531887,3/5/2025,Paid,Active,Monday,False,19,29,1,2,4,1,0
3/24/2025,53226858,3/4/2025,Paid,Active,Monday,False,20,9,3,3,0,0,0
3/24/2025,54276839,3/6/2025,Paid,Active,Monday,False,18,31,4,2,1,0,0
3/24/2025,54604771,3/5/2025,Paid,Active,Monday,False,19,3,12,2,0,0,0
3/24/2025,54677898,3/5/2025,Free,Active,Monday,False,19,8,3,4,0,0,0
3/24/2025,55617207,3/6/2025,Free,Active,Monday,False,18,13,9,2,1,1,0
3/24/2025,55796778,3/7/2025,Paid,Active,Monday,False,17,22,1,1,0,0,0
3/24/2025,56195615,3/7/2025,Free,Active,Monday,False,17,8,2,4,1,0,0
3/24/2025,57595168,3/3/2025,Free,Active,Monday,False,21,44,4,1,5,0,0
3/24/2025,57850647,3/3/2025,Paid,Active,Monday,False,21,24,4,0,0,0,0
3/24/2025,58890543,3/6/2025,Free,Active,Monday,False,18,8,10,2,1,0,0
3/24/2025,59132781,3/7/2025,Paid,Active,Monday,False,17,8,10,1,0,0,0
3/24/2025,59320316,3/4/2025,Free,Active,Monday,False,20,13,5,1,0,0,0
3/24/2025,59783512,3/5/2025,Paid,Active,Monday,False,19,34,2,3,2,0,0
3/24/2025,61356578,3/3/2025,Free,Active,Monday,False,21,17,10,3,1,0,0
3/24/2025,63585558,3/6/2025,Paid,Active,Monday,False,18,3,6,2,1,0,0
3/24/2025,63823859,3/4/2025,Free,Active,Monday,False,20,6,2,3,0,0,0
3/24/2025,64826108,3/4/2025,Paid,Active,Monday,False,20,20,4,2,0,0,1
3/24/2025,65164953,3/4/2025,Free,Active,Monday,False,20,4,4,2,2,0,0
3/24/2025,66085019,3/5/2025,Free,Active,Monday,False,19,4,10,1,0,0,0
3/24/2025,67901718,3/7/2025,Paid,Active,Monday,False,17,8,10,0,0,0,0
3/24/2025,68233734,3/3/2025,Free,Active,Monday,False,21,5,4,3,1,0,0
3/24/2025,68955030,3/6/2025,Free,Active,Monday,False,18,6,1,5,0,0,0
3/24/2025,69497858,3/4/2025,Free,Active,Monday,False,20,3,2,0,1,0,0
3/24/2025,70007939,3/4/2025,Free,Active,Monday,False,20,26,2,1,1,0,0
3/24/2025,70268283,3/4/2025,Free,Active,Monday,False,20,12,9,1,0,1,0
3/24/2025,70853849,3/4/2025,Free,Active,Monday,False,20,8,4,3,0,0,0
3/24/2025,71124136,3/3/2025,Free,Active,Monday,False,21,19,3,1,0,0,0
3/24/2025,71358668,3/4/2025,Free,Active,Monday,False,20,26,5,1,0,0,1
3/24/2025,71790553,3/4/2025,Paid,Active,Monday,False,20,24,4,1,0,0,0
3/24/2025,72469436,3/3/2025,Free,Active,Monday,False,21,8,1,2,0,0,0
3/24/2025,73128237,3/7/2025,Paid,Active,Monday,False,17,8,6,8,0,1,1
3/24/2025,73183069,3/6/2025,Free,Active,Monday,False,18,27,2,0,0,0,0
3/24/2025,73530116,3/3/2025,Paid,Active,Monday,False,21,15,2,0,0,0,0
3/24/2025,73567762,3/6/2025,Free,Active,Monday,False,18,5,1,1,0,0,0
3/24/2025,73963079,3/4/2025,Paid,Active,Monday,False,20,23,2,0,0,0,0
3/24/2025,74092029,3/6/2025,Paid,Active,Monday,False,18,17,6,8,0,0,1
3/24/2025,74484152,3/4/2025,Paid,Active,Monday,False,20,10,8,2,0,0,0
3/24/2025,74598602,3/6/2025,Free,Active,Monday,False,18,19,2,3,0,0,0
3/24/2025,76023894,3/4/2025,Free,Active,Monday,False,20,10,3,2,0,0,0
3/24/2025,76295172,3/3/2025,Paid,Active,Monday,False,21,3,4,1,2,0,0
3/24/2025,76587233,3/4/2025,Paid,Active,Monday,False,20,17,1,1,0,0,0
3/24/2025,76671851,3/6/2025,Free,Active,Monday,False,18,9,1,3,0,0,0
3/24/2025,77337890,3/3/2025,Paid,Active,Monday,False,21,12,1,4,0,0,0
3/24/2025,77687782,3/3/2025,Free,Active,Monday,False,21,38,5,1,2,2,0
3/24/2025,78432211,3/4/2025,Paid,Active,Monday,False,20,11,1,2,0,0,0
3/24/2025,78514449,3/7/2025,Free,Active,Monday,False,17,26,6,2,0,0,0
3/24/2025,78524558,3/4/2025,Free,Active,Monday,False,20,14,2,1,1,0,0
3/24/2025,79391007,3/5/2025,Free,Active,Monday,False,19,10,5,1,1,1,0
3/24/2025,79819778,3/7/2025,Free,Active,Monday,False,17,10,3,0,0,0,1
3/24/2025,79854644,3/5/2025,Free,Active,Monday,False,19,10,9,3,1,1,0
3/24/2025,80322173,3/5/2025,Free,Active,Monday,False,19,11,3,4,0,0,1
3/24/2025,80640969,3/5/2025,Free,Active,Monday,False,19,9,6,0,0,0,1
3/24/2025,81062415,3/7/2025,Paid,Active,Monday,False,17,4,3,6,0,0,0
3/24/2025,81339689,3/7/2025,Free,Active,Monday,False,17,70,6,1,5,0,0
3/24/2025,81895947,3/5/2025,Free,Active,Monday,False,19,9,3,4,0,0,0
3/24/2025,82032780,3/7/2025,Free,Active,Monday,False,17,12,3,1,0,2,0
3/24/2025,82358858,3/5/2025,Free,Active,Monday,False,19,5,3,5,0,1,0
3/24/2025,84047697,3/5/2025,Free,Active,Monday,False,19,7,3,4,2,0,1
3/24/2025,85327560,3/6/2025,Free,Active,Monday,False,18,7,1,1,0,1,0
3/24/2025,86372804,3/3/2025,Paid,Active,Monday,False,21,2,9,2,1,0,0
3/24/2025,89243555,3/4/2025,Free,Active,Monday,False,20,15,1,2,2,0,0
3/24/2025,89285908,3/4/2025,Free,Active,Monday,False,20,10,9,0,1,1,0
3/24/2025,89505560,3/5/2025,Paid,Active,Monday,False,19,2,3,1,1,0,0
3/24/2025,89547601,3/5/2025,Free,Active,Monday,False,19,10,8,1,0,1,0
3/24/2025,89580457,3/6/2025,Paid,Active,Monday,False,18,8,3,1,0,0,0
3/24/2025,90384679,3/6/2025,Free,Active,Monday,False,18,5,10,1,1,0,0
3/24/2025,90589301,3/5/2025,Free,Active,Monday,False,19,98,7,3,2,0,0
3/24/2025,92207376,3/7/2025,Paid,Active,Monday,False,17,5,9,1,0,0,0
3/24/2025,92575198,3/4/2025,Free,Active,Monday,False,20,16,2,4,2,0,1
3/24/2025,93805705,3/4/2025,Free,Active,Monday,False,20,2,1,2,0,0,0
3/24/2025,94061818,3/7/2025,Free,Active,Monday,False,17,19,0,1,0,0,0
3/24/2025,94491215,3/7/2025,Free,Active,Monday,False,17,5,9,3,0,1,0
3/24/2025,96659622,3/3/2025,Free,Active,Monday,False,21,8,7,2,1,1,0
3/24/2025,97515553,3/3/2025,Free,Active,Monday,False,21,2,4,5,2,0,0
3/24/2025,98245773,3/3/2025,Free,Active,Monday,False,21,2,3,0,0,0,0
3/24/2025,99756298,3/4/2025,Free,Active,Monday,False,20,17,4,1,0,0,0
3/25/2025,10439750,3/6/2025,Paid,Active,Tuesday,False,19,20,4,1,0,0,0
3/25/2025,10453161,3/5/2025,Paid,Active,Tuesday,False,20,25,4,2,1,0,0
3/25/2025,10517792,3/6/2025,Free,Active,Tuesday,False,19,3,3,0,1,0,0
3/25/2025,10522638,3/7/2025,Paid,Active,Tuesday,False,18,23,3,1,2,1,0
3/25/2025,11207503,3/3/2025,Paid,Active,Tuesday,False,22,34,6,3,1,0,0
3/25/2025,11932799,3/7/2025,Free,Active,Tuesday,False,18,12,2,0,0,0,0
3/25/2025,12089369,3/7/2025,Free,Active,Tuesday,False,18,2,4,1,0,0,0
3/25/2025,12839768,3/7/2025,Free,Active,Tuesday,False,18,7,6,5,1,0,0
3/25/2025,13602493,3/5/2025,Free,Active,Tuesday,False,20,12,1,1,0,0,0
3/25/2025,13638476,3/4/2025,Free,Active,Tuesday,False,21,9,1,1,1,0,0
3/25/2025,14017653,3/3/2025,Free,Active,Tuesday,False,22,9,2,3,2,0,1
3/25/2025,14209843,3/4/2025,Free,Active,Tuesday,False,21,9,2,4,2,0,0
3/25/2025,14495366,3/5/2025,Free,Active,Tuesday,False,20,11,9,2,0,1,0
3/25/2025,14528458,3/5/2025,Free,Active,Tuesday,False,20,18,5,1,2,0,0
3/25/2025,16323501,3/5/2025,Free,Active,Tuesday,False,20,9,10,1,2,0,0
3/25/2025,17463270,3/3/2025,Free,Active,Tuesday,False,22,75,3,1,3,0,0
3/25/2025,17983248,3/4/2025,Paid,Active,Tuesday,False,21,8,3,1,1,0,0
3/25/2025,18139249,3/3/2025,Free,Active,Tuesday,False,22,2,2,0,0,0,0
3/25/2025,18580473,3/5/2025,Paid,Active,Tuesday,False,20,9,17,2,3,1,0
3/25/2025,18940612,3/7/2025,Free,Active,Tuesday,False,18,18,3,2,0,0,1
3/25/2025,19577042,3/6/2025,Free,Active,Tuesday,False,19,15,8,1,2,2,2
3/25/2025,20119241,3/7/2025,Free,Active,Tuesday,False,18,7,2,5,0,0,0
3/25/2025,20473587,3/5/2025,Free,Active,Tuesday,False,20,13,4,1,0,0,0
3/25/2025,21245339,3/7/2025,Free,Active,Tuesday,False,18,24,3,0,1,0,0
3/25/2025,21395247,3/3/2025,Paid,Active,Tuesday,False,22,12,3,0,1,0,0
3/25/2025,21502927,3/6/2025,Free,Active,Tuesday,False,19,11,9,2,1,1,0
3/25/2025,22264388,3/6/2025,Paid,Active,Tuesday,False,19,9,4,0,2,0,1
3/25/2025,22769549,3/7/2025,Free,Active,Tuesday,False,18,2,1,2,1,0,0
3/25/2025,23272498,3/5/2025,Free,Active,Tuesday,False,20,11,10,1,0,0,0
3/25/2025,23940170,3/6/2025,Free,Active,Tuesday,False,19,5,3,1,0,0,0
3/25/2025,25761792,3/6/2025,Free,Active,Tuesday,False,19,9,9,1,1,1,1
3/25/2025,25983272,3/4/2025,Free,Active,Tuesday,False,21,8,4,3,1,0,0
3/25/2025,27469715,3/4/2025,Free,Active,Tuesday,False,21,26,0,1,1,1,0
3/25/2025,27852032,3/4/2025,Free,Active,Tuesday,False,21,7,5,4,1,0,1
3/25/2025,28569480,3/5/2025,Paid,Active,Tuesday,False,20,18,3,3,0,0,1
3/25/2025,28608102,3/4/2025,Paid,Active,Tuesday,False,21,23,1,1,1,1,0
3/25/2025,28947491,3/3/2025,Free,Active,Tuesday,False,22,6,10,2,0,0,0
3/25/2025,29402937,3/3/2025,Free,Active,Tuesday,False,22,55,3,1,2,1,0
3/25/2025,30377112,3/3/2025,Free,Active,Tuesday,False,22,6,2,3,0,0,0
3/25/2025,30427864,3/3/2025,Paid,Active,Tuesday,False,22,3,7,1,0,2,0
3/25/2025,30556865,3/4/2025,Free,Active,Tuesday,False,21,5,8,0,0,0,0
3/25/2025,32287062,3/4/2025,Free,Active,Tuesday,False,21,23,1,2,1,0,0
3/25/2025,33834899,3/5/2025,Paid,Active,Tuesday,False,20,10,9,1,1,0,0
3/25/2025,33910622,3/3/2025,Paid,Active,Tuesday,False,22,16,3,3,1,0,0
3/25/2025,34782115,3/4/2025,Free,Active,Tuesday,False,21,5,6,0,0,0,0
3/25/2025,34889504,3/5/2025,Free,Active,Tuesday,False,20,12,8,3,2,0,0
3/25/2025,36017834,3/7/2025,Paid,Active,Tuesday,False,18,45,3,1,0,1,0
3/25/2025,36329183,3/4/2025,Paid,Active,Tuesday,False,21,14,10,3,0,1,0
3/25/2025,36946691,3/6/2025,Paid,Active,Tuesday,False,19,11,2,4,0,0,1
3/25/2025,37577338,3/3/2025,Free,Active,Tuesday,False,22,17,2,2,1,0,0
3/25/2025,38413248,3/7/2025,Free,Active,Tuesday,False,18,9,4,2,0,0,0
3/25/2025,39114147,3/7/2025,Free,Active,Tuesday,False,18,10,5,2,0,0,0
3/25/2025,39534512,3/6/2025,Free,Active,Tuesday,False,19,3,1,0,0,0,1
3/25/2025,39554899,3/4/2025,Free,Active,Tuesday,False,21,10,1,2,0,1,0
3/25/2025,40070917,3/4/2025,Paid,Active,Tuesday,False,21,24,4,2,1,0,0
3/25/2025,42233475,3/5/2025,Free,Active,Tuesday,False,20,3,8,1,1,0,0
3/25/2025,43009397,3/7/2025,Paid,Active,Tuesday,False,18,9,1,2,1,0,0
3/25/2025,43056250,3/7/2025,Free,Active,Tuesday,False,18,11,3,3,0,1,0
3/25/2025,43564818,3/4/2025,Free,Active,Tuesday,False,21,16,3,3,2,0,2
3/25/2025,44441861,3/6/2025,Free,Active,Tuesday,False,19,7,4,3,0,0,1
3/25/2025,44549411,3/3/2025,Paid,Active,Tuesday,False,22,18,13,1,0,2,0
3/25/2025,46347412,3/5/2025,Free,Active,Tuesday,False,20,3,3,1,1,1,0
3/25/2025,46768760,3/3/2025,Free,Active,Tuesday,False,22,7,2,3,1,0,0
3/25/2025,47729983,3/7/2025,Free,Active,Tuesday,False,18,4,7,0,0,0,0
3/25/2025,48213441,3/5/2025,Free,Active,Tuesday,False,20,13,1,1,1,0,0
3/25/2025,48924961,3/6/2025,Free,Active,Tuesday,False,19,13,4,3,1,0,0
3/25/2025,50549387,3/6/2025,Free,Active,Tuesday,False,19,34,2,2,2,0,0
3/25/2025,51154578,3/6/2025,Paid,Active,Tuesday,False,19,16,14,1,0,1,1
3/25/2025,51531887,3/5/2025,Paid,Active,Tuesday,False,20,24,1,2,0,1,1
3/25/2025,52607867,3/5/2025,Paid,Active,Tuesday,False,20,6,3,1,0,0,0
3/25/2025,52702390,3/4/2025,Free,Active,Tuesday,False,21,10,10,2,1,0,1
3/25/2025,53226858,3/4/2025,Paid,Active,Tuesday,False,21,8,2,2,1,0,2
3/25/2025,54276839,3/6/2025,Paid,Active,Tuesday,False,19,32,4,0,2,0,0
3/25/2025,54604771,3/5/2025,Paid,Active,Tuesday,False,20,10,10,1,1,0,0
3/25/2025,55617207,3/6/2025,Free,Active,Tuesday,False,19,8,9,2,0,1,0
3/25/2025,55796778,3/7/2025,Paid,Active,Tuesday,False,18,18,2,2,2,0,0
3/25/2025,56195615,3/7/2025,Free,Active,Tuesday,False,18,15,6,5,0,0,0
3/25/2025,57595168,3/3/2025,Free,Active,Tuesday,False,22,44,5,2,1,1,0
3/25/2025,57850647,3/3/2025,Paid,Active,Tuesday,False,22,16,1,1,1,1,0
3/25/2025,58798972,3/7/2025,Paid,Active,Tuesday,False,18,17,2,0,1,0,0
3/25/2025,59132781,3/7/2025,Paid,Active,Tuesday,False,18,11,12,0,0,0,0
3/25/2025,59320316,3/4/2025,Free,Active,Tuesday,False,21,5,10,3,0,0,0
3/25/2025,59783512,3/5/2025,Paid,Active,Tuesday,False,20,37,5,1,1,0,0
3/25/2025,60977230,3/4/2025,Free,Active,Tuesday,False,21,6,10,2,0,0,0
3/25/2025,61356578,3/3/2025,Free,Active,Tuesday,False,22,16,10,0,0,0,0
3/25/2025,61786206,3/3/2025,Free,Active,Tuesday,False,22,3,2,3,0,0,0
3/25/2025,62820168,3/7/2025,Free,Active,Tuesday,False,18,3,3,5,0,0,0
3/25/2025,63534569,3/7/2025,Paid,Active,Tuesday,False,18,10,10,2,0,0,0
3/25/2025,63585558,3/6/2025,Paid,Active,Tuesday,False,19,15,12,3,1,0,0
3/25/2025,64826108,3/4/2025,Paid,Active,Tuesday,False,21,25,6,1,0,0,0
3/25/2025,64875604,3/6/2025,Free,Active,Tuesday,False,19,12,9,0,0,1,0
3/25/2025,65164953,3/4/2025,Free,Active,Tuesday,False,21,4,4,3,0,0,2
3/25/2025,65636763,3/5/2025,Paid,Active,Tuesday,False,20,7,12,1,1,0,0
3/25/2025,66085019,3/5/2025,Free,Active,Tuesday,False,20,14,10,0,1,0,1
3/25/2025,68233734,3/3/2025,Free,Active,Tuesday,False,22,7,7,2,1,0,0
3/25/2025,70007939,3/4/2025,Free,Active,Tuesday,False,21,11,2,1,0,0,0
3/25/2025,70268283,3/4/2025,Free,Active,Tuesday,False,21,7,4,2,0,0,0
3/25/2025,70440339,3/7/2025,Paid,Active,Tuesday,False,18,3,3,4,0,0,1
3/25/2025,70853849,3/4/2025,Free,Active,Tuesday,False,21,3,4,4,0,0,1
3/25/2025,73128237,3/7/2025,Paid,Active,Tuesday,False,18,17,3,3,0,1,0
3/25/2025,73183069,3/6/2025,Free,Active,Tuesday,False,19,16,1,0,3,0,0
3/25/2025,73567762,3/6/2025,Free,Active,Tuesday,False,19,4,1,3,1,1,0
3/25/2025,73594845,3/4/2025,Free,Active,Tuesday,False,21,7,2,1,1,0,0
3/25/2025,74062340,3/5/2025,Free,Active,Tuesday,False,20,6,1,2,0,0,1
3/25/2025,74092029,3/6/2025,Paid,Active,Tuesday,False,19,6,2,6,1,0,0
3/25/2025,74484152,3/4/2025,Paid,Active,Tuesday,False,21,5,12,3,0,0,0
3/25/2025,76306583,3/6/2025,Free,Active,Tuesday,False,19,16,10,1,0,0,0
3/25/2025,76587233,3/4/2025,Paid,Active,Tuesday,False,21,22,1,0,0,0,0
3/25/2025,76671851,3/6/2025,Free,Active,Tuesday,False,19,3,4,5,1,0,0
3/25/2025,77337890,3/3/2025,Paid,Active,Tuesday,False,22,10,3,2,1,1,0
3/25/2025,77687782,3/3/2025,Free,Active,Tuesday,False,22,34,7,2,1,0,0
3/25/2025,78432211,3/4/2025,Paid,Active,Tuesday,False,21,10,1,0,0,0,0
3/25/2025,78514449,3/7/2025,Free,Active,Tuesday,False,18,57,4,1,3,1,0
3/25/2025,78524558,3/4/2025,Free,Active,Tuesday,False,21,8,3,1,0,0,0
3/25/2025,79391007,3/5/2025,Free,Active,Tuesday,False,20,7,9,0,0,1,1
3/25/2025,79819778,3/7/2025,Free,Active,Tuesday,False,18,6,1,5,0,0,0
3/25/2025,79854644,3/5/2025,Free,Active,Tuesday,False,20,16,9,1,0,1,0
3/25/2025,80322173,3/5/2025,Free,Active,Tuesday,False,20,5,3,2,0,0,1
3/25/2025,81058962,3/4/2025,Free,Active,Tuesday,False,21,2,3,0,0,0,0
3/25/2025,81062415,3/7/2025,Paid,Active,Tuesday,False,18,7,2,3,1,0,0
3/25/2025,81339689,3/7/2025,Free,Active,Tuesday,False,18,44,3,1,3,1,1
3/25/2025,82032780,3/7/2025,Free,Active,Tuesday,False,18,39,4,3,0,0,0
3/25/2025,84047697,3/5/2025,Free,Active,Tuesday,False,20,6,6,4,0,0,0
3/25/2025,85292675,3/3/2025,Free,Active,Tuesday,False,22,3,2,0,0,0,0
3/25/2025,85327560,3/6/2025,Free,Active,Tuesday,False,19,6,1,2,0,0,0
3/25/2025,86372804,3/3/2025,Paid,Active,Tuesday,False,22,5,9,1,1,0,0
3/25/2025,86762579,3/5/2025,Paid,Active,Tuesday,False,20,11,1,2,0,0,0
3/25/2025,89281326,3/3/2025,Free,Active,Tuesday,False,22,10,10,2,1,0,0
3/25/2025,89285908,3/4/2025,Free,Active,Tuesday,False,21,8,7,0,3,0,0
3/25/2025,89547601,3/5/2025,Free,Active,Tuesday,False,20,9,10,1,1,0,0
3/25/2025,89669730,3/7/2025,Paid,Active,Tuesday,False,18,25,1,2,1,0,0
3/25/2025,90053100,3/3/2025,Free,Active,Tuesday,False,22,9,5,1,0,0,0
3/25/2025,90384679,3/6/2025,Free,Active,Tuesday,False,19,3,9,1,1,1,0
3/25/2025,90589301,3/5/2025,Free,Active,Tuesday,False,20,31,6,2,0,0,0
3/25/2025,92207376,3/7/2025,Paid,Active,Tuesday,False,18,6,3,1,0,1,0
3/25/2025,92575198,3/4/2025,Free,Active,Tuesday,False,21,8,3,3,1,0,2
3/25/2025,93721129,3/4/2025,Paid,Active,Tuesday,False,21,6,4,2,0,0,1
3/25/2025,94061818,3/7/2025,Free,Active,Tuesday,False,18,17,2,0,1,0,0
3/25/2025,94491215,3/7/2025,Free,Active,Tuesday,False,18,13,4,3,0,2,0
3/25/2025,95082245,3/3/2025,Free,Active,Tuesday,False,22,3,2,1,0,0,0
3/25/2025,95928771,3/5/2025,Paid,Active,Tuesday,False,20,4,3,1,0,1,0
3/25/2025,96268661,3/6/2025,Free,Active,Tuesday,False,19,4,3,3,0,0,0
3/25/2025,96659622,3/3/2025,Free,Active,Tuesday,False,22,8,5,1,0,0,0
3/25/2025,97515553,3/3/2025,Free,Active,Tuesday,False,22,8,3,4,1,0,1
3/25/2025,98060216,3/5/2025,Free,Active,Tuesday,False,20,9,2,1,0,0,0
3/25/2025,98245773,3/3/2025,Free,Active,Tuesday,False,22,2,2,1,0,0,0
3/26/2025,10213838,3/4/2025,Free,Active,Wednesday,False,22,1,2,0,0,0,1
3/26/2025,10439750,3/6/2025,Paid,Active,Wednesday,False,20,13,3,2,0,0,0
3/26/2025,10453161,3/5/2025,Paid,Active,Wednesday,False,21,15,2,0,3,0,0
3/26/2025,10522638,3/7/2025,Paid,Active,Wednesday,False,19,18,1,0,0,0,0
3/26/2025,11495794,3/6/2025,Paid,Active,Wednesday,False,20,37,5,2,1,0,1
3/26/2025,11818207,3/6/2025,Free,Active,Wednesday,False,20,8,7,2,0,1,0
3/26/2025,12089369,3/7/2025,Free,Active,Wednesday,False,19,9,10,2,0,0,0
3/26/2025,12839768,3/7/2025,Free,Active,Wednesday,False,19,13,4,5,1,0,0
3/26/2025,14003926,3/3/2025,Free,Active,Wednesday,False,23,12,9,1,0,1,1
3/26/2025,14209843,3/4/2025,Free,Active,Wednesday,False,22,6,3,2,0,0,0
3/26/2025,14528458,3/5/2025,Free,Active,Wednesday,False,21,25,1,0,1,0,0
3/26/2025,14851543,3/7/2025,Free,Active,Wednesday,False,19,9,2,4,0,0,0
3/26/2025,15450669,3/6/2025,Free,Active,Wednesday,False,20,10,9,1,0,1,0
3/26/2025,15647148,3/6/2025,Free,Active,Wednesday,False,20,12,2,1,1,0,0
3/26/2025,16175009,3/5/2025,Free,Active,Wednesday,False,21,4,7,0,0,0,0
3/26/2025,16323501,3/5/2025,Free,Active,Wednesday,False,21,3,5,0,0,2,0
3/26/2025,16402515,3/7/2025,Free,Active,Wednesday,False,19,10,1,5,1,0,0
3/26/2025,17228968,3/6/2025,Paid,Active,Wednesday,False,20,4,5,1,0,0,0
3/26/2025,17983248,3/4/2025,Paid,Active,Wednesday,False,22,5,12,0,0,0,0
3/26/2025,18139249,3/3/2025,Free,Active,Wednesday,False,23,4,2,0,0,1,0
3/26/2025,18452244,3/7/2025,Free,Active,Wednesday,False,19,7,1,3,1,0,0
3/26/2025,18580473,3/5/2025,Paid,Active,Wednesday,False,21,12,18,3,5,1,0
3/26/2025,18873581,3/4/2025,Paid,Active,Wednesday,False,22,3,6,0,0,0,0
3/26/2025,18940612,3/7/2025,Free,Active,Wednesday,False,19,52,6,3,5,0,0
3/26/2025,19577042,3/6/2025,Free,Active,Wednesday,False,20,16,5,3,2,0,0
3/26/2025,20119241,3/7/2025,Free,Active,Wednesday,False,19,4,2,4,0,0,0
3/26/2025,20473587,3/5/2025,Free,Active,Wednesday,False,21,19,1,0,0,0,0
3/26/2025,21395247,3/3/2025,Paid,Active,Wednesday,False,23,29,1,2,2,0,0
3/26/2025,21502927,3/6/2025,Free,Active,Wednesday,False,20,7,5,0,0,1,0
3/26/2025,22264388,3/6/2025,Paid,Active,Wednesday,False,20,10,2,2,0,0,0
3/26/2025,23358649,3/5/2025,Free,Active,Wednesday,False,21,3,4,1,0,0,0
3/26/2025,23940170,3/6/2025,Free,Active,Wednesday,False,20,7,7,1,0,0,0
3/26/2025,27852032,3/4/2025,Free,Active,Wednesday,False,22,14,7,5,1,0,0
3/26/2025,28032367,3/4/2025,Free,Active,Wednesday,False,22,6,5,0,0,0,0
3/26/2025,28168630,3/5/2025,Free,Active,Wednesday,False,21,35,4,3,3,0,0
3/26/2025,28500176,3/7/2025,Free,Active,Wednesday,False,19,6,2,3,0,0,0
3/26/2025,28569480,3/5/2025,Paid,Active,Wednesday,False,21,17,4,5,0,2,0
3/26/2025,28608102,3/4/2025,Paid,Active,Wednesday,False,22,12,3,2,0,0,0
3/26/2025,29659181,3/6/2025,Free,Active,Wednesday,False,20,29,4,1,1,0,1
3/26/2025,30377112,3/3/2025,Free,Active,Wednesday,False,23,4,3,4,0,0,0
3/26/2025,30427864,3/3/2025,Paid,Active,Wednesday,False,23,10,7,0,1,2,1
3/26/2025,30556865,3/4/2025,Free,Active,Wednesday,False,22,18,10,1,1,0,0
3/26/2025,30665172,3/6/2025,Paid,Active,Wednesday,False,20,4,3,5,0,0,0
3/26/2025,32287062,3/4/2025,Free,Active,Wednesday,False,22,76,1,2,8,0,0
3/26/2025,33834899,3/5/2025,Paid,Active,Wednesday,False,21,8,12,1,0,0,0
3/26/2025,33910622,3/3/2025,Paid,Active,Wednesday,False,23,6,3,7,1,0,0
3/26/2025,34330277,3/7/2025,Free,Active,Wednesday,False,19,7,3,5,2,1,0
3/26/2025,34614777,3/5/2025,Free,Active,Wednesday,False,21,6,1,2,2,0,0
3/26/2025,34782115,3/4/2025,Free,Active,Wednesday,False,22,10,6,0,0,1,0
3/26/2025,34889504,3/5/2025,Free,Active,Wednesday,False,21,17,6,2,1,0,0
3/26/2025,36017834,3/7/2025,Paid,Active,Wednesday,False,19,22,5,1,0,1,0
3/26/2025,36222279,3/5/2025,Free,Active,Wednesday,False,21,9,4,0,0,0,1
3/26/2025,36329183,3/4/2025,Paid,Active,Wednesday,False,22,9,11,2,1,2,0
3/26/2025,36946691,3/6/2025,Paid,Active,Wednesday,False,20,8,4,1,0,0,0
3/26/2025,39114147,3/7/2025,Free,Active,Wednesday,False,19,9,9,1,0,1,0
3/26/2025,40027203,3/3/2025,Free,Active,Wednesday,False,23,6,7,1,0,0,0
3/26/2025,40070917,3/4/2025,Paid,Active,Wednesday,False,22,16,1,0,2,0,0
3/26/2025,40071067,3/7/2025,Free,Active,Wednesday,False,19,7,7,0,0,0,0
3/26/2025,40836783,3/5/2025,Free,Active,Wednesday,False,21,8,9,1,0,1,0
3/26/2025,42233475,3/5/2025,Free,Active,Wednesday,False,21,5,9,0,2,0,0
3/26/2025,43009397,3/7/2025,Paid,Active,Wednesday,False,19,25,3,2,2,0,0
3/26/2025,43056250,3/7/2025,Free,Active,Wednesday,False,19,7,3,3,0,0,0
3/26/2025,43564818,3/4/2025,Free,Active,Wednesday,False,22,7,2,5,2,0,0
3/26/2025,44382081,3/5/2025,Free,Active,Wednesday,False,21,4,1,0,0,0,0
3/26/2025,44549411,3/3/2025,Paid,Active,Wednesday,False,23,15,7,2,2,0,0
3/26/2025,44814486,3/3/2025,Paid,Active,Wednesday,False,23,4,1,1,0,0,0
3/26/2025,46347412,3/5/2025,Free,Active,Wednesday,False,21,5,9,1,0,1,0
3/26/2025,48501532,3/5/2025,Free,Active,Wednesday,False,21,28,1,1,0,0,0
3/26/2025,48924961,3/6/2025,Free,Active,Wednesday,False,20,20,7,1,0,0,0
3/26/2025,49010595,3/7/2025,Free,Active,Wednesday,False,19,2,3,0,0,0,1
3/26/2025,50549387,3/6/2025,Free,Active,Wednesday,False,20,15,4,1,1,0,0
3/26/2025,51154578,3/6/2025,Paid,Active,Wednesday,False,20,7,10,1,0,1,0
3/26/2025,51499006,3/7/2025,Free,Active,Wednesday,False,19,15,10,2,0,0,1
3/26/2025,51531887,3/5/2025,Paid,Active,Wednesday,False,21,28,3,3,0,0,0
3/26/2025,53226858,3/4/2025,Paid,Active,Wednesday,False,22,6,3,4,1,0,0
3/26/2025,53588630,3/4/2025,Free,Active,Wednesday,False,22,3,2,1,0,0,0
3/26/2025,54276839,3/6/2025,Paid,Active,Wednesday,False,20,23,3,2,0,0,0
3/26/2025,54604771,3/5/2025,Paid,Active,Wednesday,False,21,11,6,0,0,1,1
3/26/2025,55617207,3/6/2025,Free,Active,Wednesday,False,20,16,10,1,1,0,0
3/26/2025,56195615,3/7/2025,Free,Active,Wednesday,False,19,15,2,2,0,0,0
3/26/2025,58798972,3/7/2025,Paid,Active,Wednesday,False,19,25,3,2,0,0,0
3/26/2025,58890543,3/6/2025,Free,Active,Wednesday,False,20,15,10,1,0,0,0
3/26/2025,59132781,3/7/2025,Paid,Active,Wednesday,False,19,10,5,1,0,0,0
3/26/2025,59320316,3/4/2025,Free,Active,Wednesday,False,22,16,9,1,0,1,0
3/26/2025,59783512,3/5/2025,Paid,Active,Wednesday,False,21,29,6,1,0,0,0
3/26/2025,60977230,3/4/2025,Free,Active,Wednesday,False,22,6,9,1,1,1,0
3/26/2025,61356578,3/3/2025,Free,Active,Wednesday,False,23,4,10,1,0,0,0
3/26/2025,61786206,3/3/2025,Free,Active,Wednesday,False,23,12,4,5,0,0,0
3/26/2025,63534569,3/7/2025,Paid,Active,Wednesday,False,19,5,7,0,1,0,0
3/26/2025,63585558,3/6/2025,Paid,Active,Wednesday,False,20,16,7,1,0,0,0
3/26/2025,63823859,3/4/2025,Free,Active,Wednesday,False,22,5,3,3,2,1,0
3/26/2025,64875604,3/6/2025,Free,Active,Wednesday,False,20,3,8,1,0,2,0
3/26/2025,65636763,3/5/2025,Paid,Active,Wednesday,False,21,8,6,2,0,1,0
3/26/2025,66085019,3/5/2025,Free,Active,Wednesday,False,21,3,7,1,1,0,0
3/26/2025,67901718,3/7/2025,Paid,Active,Wednesday,False,19,9,3,1,0,0,0
3/26/2025,68233734,3/3/2025,Free,Active,Wednesday,False,23,11,4,5,0,0,0
3/26/2025,68955030,3/6/2025,Free,Active,Wednesday,False,20,6,1,2,0,0,1
3/26/2025,69497858,3/4/2025,Free,Active,Wednesday,False,22,3,5,1,0,0,0
3/26/2025,70440339,3/7/2025,Paid,Active,Wednesday,False,19,4,3,3,0,0,0
3/26/2025,70853849,3/4/2025,Free,Active,Wednesday,False,22,4,4,2,0,0,0
3/26/2025,71790553,3/4/2025,Paid,Active,Wednesday,False,22,11,4,0,1,0,0
3/26/2025,72469436,3/3/2025,Free,Active,Wednesday,False,23,59,3,1,4,0,0
3/26/2025,73128237,3/7/2025,Paid,Active,Wednesday,False,19,15,5,5,0,1,0
3/26/2025,73530116,3/3/2025,Paid,Active,Wednesday,False,23,15,1,1,0,0,0
3/26/2025,73963079,3/4/2025,Paid,Active,Wednesday,False,22,9,4,1,0,0,1
3/26/2025,74062340,3/5/2025,Free,Active,Wednesday,False,21,6,2,1,0,0,0
3/26/2025,74484152,3/4/2025,Paid,Active,Wednesday,False,22,10,17,3,0,1,0
3/26/2025,74598602,3/6/2025,Free,Active,Wednesday,False,20,36,3,3,2,0,0
3/26/2025,74774119,3/7/2025,Free,Active,Wednesday,False,19,10,0,0,0,0,0
3/26/2025,76023894,3/4/2025,Free,Active,Wednesday,False,22,12,9,1,0,0,0
3/26/2025,76306583,3/6/2025,Free,Active,Wednesday,False,20,14,10,2,0,0,0
3/26/2025,76395184,3/5/2025,Free,Active,Wednesday,False,21,6,1,1,1,0,1
3/26/2025,76671851,3/6/2025,Free,Active,Wednesday,False,20,8,4,3,1,0,0
3/26/2025,77337890,3/3/2025,Paid,Active,Wednesday,False,23,10,1,6,1,0,0
3/26/2025,77362777,3/6/2025,Free,Active,Wednesday,False,20,11,10,1,1,0,0
3/26/2025,77687782,3/3/2025,Free,Active,Wednesday,False,23,20,7,3,1,0,0
3/26/2025,78514449,3/7/2025,Free,Active,Wednesday,False,19,36,6,1,0,0,0
3/26/2025,79819778,3/7/2025,Free,Active,Wednesday,False,19,10,3,2,1,0,0
3/26/2025,79854644,3/5/2025,Free,Active,Wednesday,False,21,7,10,3,0,0,0
3/26/2025,80322173,3/5/2025,Free,Active,Wednesday,False,21,9,1,4,3,1,1
3/26/2025,80640969,3/5/2025,Free,Active,Wednesday,False,21,3,9,1,0,1,0
3/26/2025,81339689,3/7/2025,Paid,Active,Wednesday,False,19,22,1,2,1,1,0
3/26/2025,81895947,3/5/2025,Free,Active,Wednesday,False,21,7,1,5,0,0,0
3/26/2025,82032780,3/7/2025,Free,Active,Wednesday,False,19,28,1,3,5,1,0
3/26/2025,85327560,3/6/2025,Free,Active,Wednesday,False,20,1,0,1,0,0,0
3/26/2025,86762579,3/5/2025,Paid,Active,Wednesday,False,21,9,2,2,2,0,0
3/26/2025,89243555,3/4/2025,Free,Active,Wednesday,False,22,9,3,2,0,0,0
3/26/2025,89285908,3/4/2025,Free,Active,Wednesday,False,22,6,10,2,0,0,0
3/26/2025,89547601,3/5/2025,Free,Active,Wednesday,False,21,3,9,2,1,1,0
3/26/2025,89580457,3/6/2025,Paid,Active,Wednesday,False,20,15,2,0,2,0,0
3/26/2025,90384679,3/6/2025,Free,Active,Wednesday,False,20,14,5,2,0,0,0
3/26/2025,90589301,3/5/2025,Free,Active,Wednesday,False,21,33,5,1,0,0,0
3/26/2025,91286478,3/7/2025,Free,Active,Wednesday,False,19,11,3,0,0,0,0
3/26/2025,92207376,3/7/2025,Paid,Active,Wednesday,False,19,11,5,1,1,0,0
3/26/2025,92575198,3/4/2025,Free,Active,Wednesday,False,22,15,7,5,0,0,0
3/26/2025,93805705,3/4/2025,Free,Active,Wednesday,False,22,4,1,1,0,0,0
3/26/2025,94061818,3/7/2025,Free,Active,Wednesday,False,19,11,1,1,1,0,0
3/26/2025,94491215,3/7/2025,Free,Active,Wednesday,False,19,14,9,1,1,1,0
3/26/2025,95834438,3/3/2025,Free,Active,Wednesday,False,23,5,8,2,0,0,0
3/26/2025,95928771,3/5/2025,Paid,Active,Wednesday,False,21,2,10,1,1,0,0
3/26/2025,96659622,3/3/2025,Free,Active,Wednesday,False,23,4,3,1,0,0,0
3/26/2025,97515553,3/3/2025,Free,Active,Wednesday,False,23,12,2,3,0,0,0
3/26/2025,98060216,3/5/2025,Free,Active,Wednesday,False,21,35,1,0,1,0,0
3/26/2025,99756298,3/4/2025,Free,Active,Wednesday,False,22,28,2,1,2,0,0
3/27/2025,10453161,3/5/2025,Paid,Active,Thursday,False,22,26,1,1,2,1,0
3/27/2025,10522638,3/7/2025,Paid,Active,Thursday,False,20,23,4,2,1,0,0
3/27/2025,11207503,3/3/2025,Paid,Active,Thursday,False,24,35,4,1,2,0,0
3/27/2025,11495794,3/6/2025,Paid,Active,Thursday,False,21,38,3,1,1,0,0
3/27/2025,11818207,3/6/2025,Free,Active,Thursday,False,21,11,9,2,0,1,0
3/27/2025,12089369,3/7/2025,Free,Active,Thursday,False,20,7,4,0,1,0,0
3/27/2025,12839768,3/7/2025,Free,Active,Thursday,False,20,9,6,4,0,0,1
3/27/2025,13638476,3/4/2025,Free,Active,Thursday,False,23,5,1,5,0,0,0
3/27/2025,14003926,3/3/2025,Free,Active,Thursday,False,24,7,7,0,0,0,0
3/27/2025,14528458,3/5/2025,Free,Active,Thursday,False,22,11,2,0,0,0,0
3/27/2025,14851543,3/7/2025,Free,Active,Thursday,False,20,7,1,5,2,0,0
3/27/2025,16175009,3/5/2025,Free,Active,Thursday,False,22,1,3,1,0,0,0
3/27/2025,16323501,3/5/2025,Free,Active,Thursday,False,22,10,10,1,1,0,0
3/27/2025,16402515,3/7/2025,Free,Active,Thursday,False,20,4,1,4,1,0,1
3/27/2025,17983248,3/4/2025,Paid,Active,Thursday,False,23,11,4,2,1,0,0
3/27/2025,18139249,3/3/2025,Free,Active,Thursday,False,24,5,6,0,0,0,0
3/27/2025,18452244,3/7/2025,Free,Active,Thursday,False,20,10,2,3,0,0,0
3/27/2025,18580473,3/5/2025,Paid,Active,Thursday,False,22,13,13,2,3,1,0
3/27/2025,18940612,3/7/2025,Free,Active,Thursday,False,20,10,2,0,1,0,0
3/27/2025,20473587,3/5/2025,Free,Active,Thursday,False,22,21,2,2,4,0,0
3/27/2025,21245339,3/7/2025,Free,Active,Thursday,False,20,23,1,0,0,0,0
3/27/2025,21395247,3/3/2025,Paid,Active,Thursday,False,24,11,3,1,0,0,0
3/27/2025,21502927,3/6/2025,Free,Active,Thursday,False,21,3,8,0,0,0,1
3/27/2025,22264388,3/6/2025,Paid,Active,Thursday,False,21,10,2,4,0,0,1
3/27/2025,22769549,3/7/2025,Free,Active,Thursday,False,20,5,2,3,0,0,0
3/27/2025,23940170,3/6/2025,Free,Active,Thursday,False,21,8,10,1,0,0,0
3/27/2025,25761792,3/6/2025,Free,Active,Thursday,False,21,8,8,2,1,1,0
3/27/2025,25983272,3/4/2025,Free,Active,Thursday,False,23,5,1,2,0,0,0
3/27/2025,26103384,3/4/2025,Paid,Active,Thursday,False,23,17,2,2,0,0,0
3/27/2025,27852032,3/4/2025,Free,Active,Thursday,False,23,5,3,5,0,0,0
3/27/2025,28032367,3/4/2025,Free,Active,Thursday,False,23,6,9,1,0,1,0
3/27/2025,28168630,3/5/2025,Free,Active,Thursday,False,22,46,2,2,0,0,0
3/27/2025,28500176,3/7/2025,Free,Active,Thursday,False,20,4,2,0,0,0,1
3/27/2025,28608102,3/4/2025,Paid,Active,Thursday,False,23,8,4,1,1,0,0
3/27/2025,28947491,3/3/2025,Free,Active,Thursday,False,24,13,9,3,0,1,0
3/27/2025,29402937,3/3/2025,Free,Active,Thursday,False,24,9,4,1,0,0,0
3/27/2025,29469046,3/6/2025,Free,Active,Thursday,False,21,4,2,4,0,0,1
3/27/2025,29659181,3/6/2025,Free,Active,Thursday,False,21,27,2,2,0,0,0
3/27/2025,30556865,3/4/2025,Free,Active,Thursday,False,23,5,7,3,1,0,0
3/27/2025,30665172,3/6/2025,Paid,Active,Thursday,False,21,6,3,3,0,0,0
3/27/2025,32287062,3/4/2025,Free,Active,Thursday,False,23,9,1,1,2,0,0
3/27/2025,33910622,3/3/2025,Paid,Active,Thursday,False,24,17,4,7,1,0,0
3/27/2025,34614777,3/5/2025,Free,Active,Thursday,False,22,7,5,4,2,0,0
3/27/2025,34889504,3/5/2025,Free,Active,Thursday,False,22,10,3,2,1,1,0
3/27/2025,36017834,3/7/2025,Paid,Active,Thursday,False,20,38,3,1,1,0,1
3/27/2025,36222279,3/5/2025,Free,Active,Thursday,False,22,9,2,4,1,0,1
3/27/2025,36329183,3/4/2025,Paid,Active,Thursday,False,23,10,18,3,0,0,0
3/27/2025,36946691,3/6/2025,Paid,Active,Thursday,False,21,4,3,3,0,0,0
3/27/2025,37577338,3/3/2025,Free,Active,Thursday,False,24,20,4,1,2,0,0
3/27/2025,39114147,3/7/2025,Free,Active,Thursday,False,20,10,4,2,0,1,0
3/27/2025,39554899,3/4/2025,Free,Active,Thursday,False,23,9,3,3,0,0,1
3/27/2025,40027203,3/3/2025,Free,Active,Thursday,False,24,3,10,1,0,0,0
3/27/2025,40070917,3/4/2025,Paid,Active,Thursday,False,23,30,4,2,0,0,0
3/27/2025,40071067,3/7/2025,Free,Active,Thursday,False,20,3,2,1,0,0,0
3/27/2025,40836783,3/5/2025,Free,Active,Thursday,False,22,10,5,2,0,0,0
3/27/2025,42233475,3/5/2025,Free,Active,Thursday,False,22,5,7,1,0,1,0
3/27/2025,43009397,3/7/2025,Paid,Active,Thursday,False,20,20,3,0,1,0,0
3/27/2025,43056250,3/7/2025,Free,Active,Thursday,False,20,3,3,3,0,0,0
3/27/2025,43564818,3/4/2025,Free,Active,Thursday,False,23,8,3,5,1,2,0
3/27/2025,44441861,3/6/2025,Free,Active,Thursday,False,21,6,1,4,0,0,1
3/27/2025,46347412,3/5/2025,Free,Active,Thursday,False,22,10,3,1,0,0,0
3/27/2025,47269107,3/5/2025,Free,Active,Thursday,False,22,10,6,2,0,0,0
3/27/2025,48501532,3/5/2025,Free,Active,Thursday,False,22,17,3,1,0,0,1
3/27/2025,48924961,3/6/2025,Free,Active,Thursday,False,21,28,2,3,2,0,0
3/27/2025,49010595,3/7/2025,Free,Active,Thursday,False,20,5,1,2,0,0,0
3/27/2025,50549387,3/6/2025,Free,Active,Thursday,False,21,16,4,1,1,1,0
3/27/2025,51154578,3/6/2025,Paid,Active,Thursday,False,21,4,13,1,0,0,0
3/27/2025,51499006,3/7/2025,Free,Active,Thursday,False,20,7,9,2,0,0,0
3/27/2025,51531887,3/5/2025,Paid,Active,Thursday,False,22,26,7,0,0,0,0
3/27/2025,52702390,3/4/2025,Free,Active,Thursday,False,23,13,9,2,1,1,0
3/27/2025,53226858,3/4/2025,Paid,Active,Thursday,False,23,7,1,5,0,0,0
3/27/2025,54276839,3/6/2025,Paid,Active,Thursday,False,21,14,3,1,1,0,0
3/27/2025,54604771,3/5/2025,Paid,Active,Thursday,False,22,6,8,2,1,0,0
3/27/2025,54677898,3/5/2025,Free,Active,Thursday,False,22,10,3,1,1,0,1
3/27/2025,55617207,3/6/2025,Free,Active,Thursday,False,21,7,6,3,1,2,0
3/27/2025,56195615,3/7/2025,Free,Active,Thursday,False,20,14,6,5,0,0,0
3/27/2025,58798972,3/7/2025,Paid,Active,Thursday,False,20,25,4,0,2,0,0
3/27/2025,58890543,3/6/2025,Free,Active,Thursday,False,21,16,10,1,0,0,0
3/27/2025,59320316,3/4/2025,Free,Active,Thursday,False,23,9,10,2,1,0,1
3/27/2025,59783512,3/5/2025,Paid,Active,Thursday,False,22,39,5,3,1,1,0
3/27/2025,60977230,3/4/2025,Free,Active,Thursday,False,23,4,9,3,0,1,0
3/27/2025,61356578,3/3/2025,Free,Active,Thursday,False,24,5,10,3,0,0,0
3/27/2025,62820168,3/7/2025,Free,Active,Thursday,False,20,5,2,1,0,0,1
3/27/2025,63534569,3/7/2025,Paid,Active,Thursday,False,20,7,7,2,1,0,0
3/27/2025,63585558,3/6/2025,Paid,Active,Thursday,False,21,6,13,3,0,0,0
3/27/2025,63823859,3/4/2025,Free,Active,Thursday,False,23,6,2,5,0,0,0
3/27/2025,65636763,3/5/2025,Paid,Active,Thursday,False,22,2,4,1,0,0,1
3/27/2025,66085019,3/5/2025,Free,Active,Thursday,False,22,15,7,1,1,1,0
3/27/2025,68233734,3/3/2025,Free,Active,Thursday,False,24,11,2,4,0,1,1
3/27/2025,68805871,3/6/2025,Free,Active,Thursday,False,21,4,3,0,1,0,0
3/27/2025,69497858,3/4/2025,Free,Active,Thursday,False,23,2,4,0,0,0,0
3/27/2025,70268283,3/4/2025,Free,Active,Thursday,False,23,8,7,0,2,0,0
3/27/2025,70440339,3/7/2025,Paid,Active,Thursday,False,20,6,3,2,1,0,0
3/27/2025,70853849,3/4/2025,Free,Active,Thursday,False,23,10,3,3,1,0,0
3/27/2025,71124136,3/3/2025,Free,Active,Thursday,False,24,28,2,2,4,0,0
3/27/2025,71790553,3/4/2025,Paid,Active,Thursday,False,23,20,3,1,1,0,0
3/27/2025,72469436,3/3/2025,Free,Active,Thursday,False,24,16,3,1,0,0,0
3/27/2025,73128237,3/7/2025,Paid,Active,Thursday,False,20,18,2,4,0,0,0
3/27/2025,73183069,3/6/2025,Free,Active,Thursday,False,21,19,0,1,0,1,0
3/27/2025,73530116,3/3/2025,Paid,Active,Thursday,False,24,13,1,0,1,0,0
3/27/2025,73963079,3/4/2025,Paid,Active,Thursday,False,23,28,1,1,4,0,0
3/27/2025,74092029,3/6/2025,Paid,Active,Thursday,False,21,13,4,4,0,0,0
3/27/2025,74484152,3/4/2025,Paid,Active,Thursday,False,23,15,10,2,0,2,0
3/27/2025,76023894,3/4/2025,Free,Active,Thursday,False,23,10,6,2,1,0,0
3/27/2025,76295172,3/3/2025,Paid,Active,Thursday,False,24,3,3,0,0,0,0
3/27/2025,76587233,3/4/2025,Paid,Active,Thursday,False,23,27,2,2,0,1,0
3/27/2025,76671851,3/6/2025,Free,Active,Thursday,False,21,5,3,5,0,0,0
3/27/2025,77362777,3/6/2025,Free,Active,Thursday,False,21,11,10,1,0,0,0
3/27/2025,78432211,3/4/2025,Paid,Active,Thursday,False,23,25,1,1,0,0,0
3/27/2025,78514449,3/7/2025,Free,Active,Thursday,False,20,45,4,2,3,1,0
3/27/2025,78524558,3/4/2025,Free,Active,Thursday,False,23,62,4,2,1,1,0
3/27/2025,79819778,3/7/2025,Free,Active,Thursday,False,20,5,4,2,1,0,0
3/27/2025,79854644,3/5/2025,Free,Active,Thursday,False,22,10,6,1,1,0,0
3/27/2025,80322173,3/5/2025,Free,Active,Thursday,False,22,8,2,4,0,1,1
3/27/2025,80640969,3/5/2025,Free,Active,Thursday,False,22,8,7,0,2,0,0
3/27/2025,81062415,3/7/2025,Paid,Active,Thursday,False,20,10,2,3,0,0,0
3/27/2025,81339689,3/7/2025,Paid,Active,Thursday,False,20,49,2,0,0,0,2
3/27/2025,82032780,3/7/2025,Free,Active,Thursday,False,20,30,7,3,1,0,0
3/27/2025,82358858,3/5/2025,Free,Active,Thursday,False,22,11,2,2,1,0,0
3/27/2025,84047697,3/5/2025,Free,Active,Thursday,False,22,9,4,5,0,0,0
3/27/2025,86372804,3/3/2025,Paid,Active,Thursday,False,24,7,8,2,1,0,0
3/27/2025,86762579,3/5/2025,Paid,Active,Thursday,False,22,8,2,1,0,0,1
3/27/2025,89243555,3/4/2025,Free,Active,Thursday,False,23,15,3,1,1,0,1
3/27/2025,89281326,3/3/2025,Free,Active,Thursday,False,24,4,5,2,0,0,0
3/27/2025,89505560,3/5/2025,Paid,Active,Thursday,False,22,5,2,3,0,0,0
3/27/2025,89547601,3/5/2025,Free,Active,Thursday,False,22,10,10,2,0,0,0
3/27/2025,89669730,3/7/2025,Paid,Active,Thursday,False,20,18,1,0,1,0,0
3/27/2025,90053100,3/3/2025,Free,Active,Thursday,False,24,5,6,1,0,0,0
3/27/2025,90384679,3/6/2025,Free,Active,Thursday,False,21,11,10,1,1,0,1
3/27/2025,90589301,3/5/2025,Free,Active,Thursday,False,22,89,4,1,4,0,0
3/27/2025,91286478,3/7/2025,Free,Active,Thursday,False,20,9,2,1,1,0,0
3/27/2025,92207376,3/7/2025,Paid,Active,Thursday,False,20,8,7,1,1,0,0
3/27/2025,92575198,3/4/2025,Free,Active,Thursday,False,23,7,6,4,2,1,1
3/27/2025,93721129,3/4/2025,Paid,Active,Thursday,False,23,4,3,0,0,0,1
3/27/2025,93805705,3/4/2025,Free,Active,Thursday,False,23,6,1,1,1,0,1
3/27/2025,94491215,3/7/2025,Free,Active,Thursday,False,20,16,10,3,0,0,0
3/27/2025,95082245,3/3/2025,Free,Active,Thursday,False,24,4,2,0,0,0,0
3/27/2025,95928771,3/5/2025,Paid,Active,Thursday,False,22,10,4,1,0,1,0
3/27/2025,98245773,3/3/2025,Free,Active,Thursday,False,24,4,4,1,0,0,0
3/27/2025,99756298,3/4/2025,Free,Active,Thursday,False,23,10,3,1,0,0,0
3/28/2025,10213838,3/4/2025,Free,Active,Friday,False,24,5,5,0,1,0,0
3/28/2025,10439750,3/6/2025,Paid,Active,Friday,False,22,20,3,1,2,0,1
3/28/2025,10453161,3/5/2025,Paid,Active,Friday,False,23,11,4,1,0,0,0
3/28/2025,10517792,3/6/2025,Free,Active,Friday,False,22,8,10,1,2,0,0
3/28/2025,11207503,3/3/2025,Paid,Active,Friday,False,25,43,6,1,2,0,0
3/28/2025,11495794,3/6/2025,Paid,Active,Friday,False,22,44,4,3,3,0,0
3/28/2025,12839768,3/7/2025,Free,Active,Friday,False,21,11,5,4,1,0,1
3/28/2025,13638476,3/4/2025,Free,Active,Friday,False,24,5,3,3,1,0,0
3/28/2025,14003926,3/3/2025,Free,Active,Friday,False,25,12,9,1,0,1,0
3/28/2025,14017653,3/3/2025,Free,Active,Friday,False,25,7,1,4,1,1,1
3/28/2025,14209843,3/4/2025,Free,Active,Friday,False,24,9,4,2,1,0,0
3/28/2025,14528458,3/5/2025,Free,Active,Friday,False,23,23,3,0,1,0,0
3/28/2025,15450669,3/6/2025,Free,Active,Friday,False,22,9,10,1,1,0,0
3/28/2025,15647148,3/6/2025,Free,Active,Friday,False,22,25,3,0,0,0,0
3/28/2025,16323501,3/5/2025,Free,Active,Friday,False,23,10,8,1,0,1,0
3/28/2025,16402515,3/7/2025,Free,Active,Friday,False,21,10,4,5,1,0,0
3/28/2025,17463270,3/3/2025,Free,Active,Friday,False,25,13,1,1,0,1,0
3/28/2025,18452244,3/7/2025,Free,Active,Friday,False,21,8,1,3,0,1,1
3/28/2025,18580473,3/5/2025,Paid,Active,Friday,False,23,7,16,3,0,0,0
3/28/2025,18940612,3/7/2025,Free,Active,Friday,False,21,10,4,1,2,1,0
3/28/2025,19577042,3/6/2025,Free,Active,Friday,False,22,5,10,2,0,0,0
3/28/2025,20119241,3/7/2025,Free,Active,Friday,False,21,3,3,3,0,0,1
3/28/2025,20473587,3/5/2025,Free,Active,Friday,False,23,76,1,2,5,0,0
3/28/2025,21395247,3/3/2025,Paid,Active,Friday,False,25,26,4,2,2,1,0
3/28/2025,22264388,3/6/2025,Paid,Active,Friday,False,22,9,3,6,1,0,0
3/28/2025,22769549,3/7/2025,Free,Active,Friday,False,21,4,2,2,1,0,0
3/28/2025,23272498,3/5/2025,Free,Active,Friday,False,23,3,5,1,0,2,1
3/28/2025,23940170,3/6/2025,Free,Active,Friday,False,22,11,10,1,0,0,0
3/28/2025,25761792,3/6/2025,Free,Active,Friday,False,22,10,9,2,0,0,0
3/28/2025,25983272,3/4/2025,Free,Active,Friday,False,24,9,1,4,2,0,1
3/28/2025,26103384,3/4/2025,Paid,Active,Friday,False,24,12,4,7,0,0,2
3/28/2025,27469715,3/4/2025,Free,Active,Friday,False,24,14,2,0,1,0,1
3/28/2025,27852032,3/4/2025,Free,Active,Friday,False,24,11,3,5,1,0,0
3/28/2025,28032367,3/4/2025,Free,Active,Friday,False,24,7,4,0,0,0,0
3/28/2025,28947491,3/3/2025,Free,Active,Friday,False,25,11,5,2,1,0,1
3/28/2025,29659181,3/6/2025,Free,Active,Friday,False,22,7,3,1,1,0,0
3/28/2025,30427864,3/3/2025,Paid,Active,Friday,False,25,5,8,2,0,0,0
3/28/2025,30556865,3/4/2025,Free,Active,Friday,False,24,8,10,2,0,0,0
3/28/2025,30665172,3/6/2025,Paid,Active,Friday,False,22,4,1,2,0,0,0
3/28/2025,32287062,3/4/2025,Free,Active,Friday,False,24,12,1,0,0,0,0
3/28/2025,33834899,3/5/2025,Paid,Active,Friday,False,23,6,3,1,1,0,0
3/28/2025,33910622,3/3/2025,Paid,Active,Friday,False,25,18,6,7,0,0,1
3/28/2025,34330277,3/7/2025,Free,Active,Friday,False,21,9,2,2,1,0,0
3/28/2025,34614777,3/5/2025,Free,Active,Friday,False,23,8,2,5,1,0,0
3/28/2025,34782115,3/4/2025,Free,Active,Friday,False,24,10,7,0,1,2,0
3/28/2025,34889504,3/5/2025,Free,Active,Friday,False,23,7,7,2,1,0,0
3/28/2025,36017834,3/7/2025,Paid,Active,Friday,False,21,17,5,1,0,0,0
3/28/2025,36222279,3/5/2025,Free,Active,Friday,False,23,6,2,4,0,0,0
3/28/2025,36329183,3/4/2025,Paid,Active,Friday,False,24,4,12,1,1,1,0
3/28/2025,36946691,3/6/2025,Paid,Active,Friday,False,22,8,4,1,0,0,2
3/28/2025,38413248,3/7/2025,Free,Active,Friday,False,21,3,9,0,0,1,0
3/28/2025,39114147,3/7/2025,Free,Active,Friday,False,21,5,7,3,1,0,0
3/28/2025,40070917,3/4/2025,Paid,Active,Friday,False,24,8,3,0,0,0,0
3/28/2025,40071067,3/7/2025,Free,Active,Friday,False,21,6,1,1,1,0,0
3/28/2025,40836783,3/5/2025,Free,Active,Friday,False,23,8,3,1,0,1,0
3/28/2025,42233475,3/5/2025,Free,Active,Friday,False,23,3,5,1,0,0,0
3/28/2025,43564818,3/4/2025,Free,Active,Friday,False,24,4,2,5,0,1,0
3/28/2025,44549411,3/3/2025,Paid,Active,Friday,False,25,16,7,0,0,1,1
3/28/2025,46768760,3/3/2025,Free,Active,Friday,False,25,11,3,5,1,0,0
3/28/2025,48501532,3/5/2025,Free,Active,Friday,False,23,16,1,2,1,0,0
3/28/2025,48924961,3/6/2025,Free,Active,Friday,False,22,30,3,2,2,1,0
3/28/2025,50549387,3/6/2025,Free,Active,Friday,False,22,28,3,1,1,0,0
3/28/2025,51154578,3/6/2025,Paid,Cancelled,Friday,False,22,10,17,1,0,1,0
3/28/2025,51531887,3/5/2025,Paid,Active,Friday,False,23,25,1,2,0,0,1
3/28/2025,52355265,3/4/2025,Free,Active,Friday,False,24,14,2,0,1,0,0
3/28/2025,52702390,3/4/2025,Free,Active,Friday,False,24,10,8,1,0,2,0
3/28/2025,53226858,3/4/2025,Paid,Active,Friday,False,24,9,3,4,0,0,0
3/28/2025,53588630,3/4/2025,Free,Active,Friday,False,24,2,1,5,0,0,0
3/28/2025,54276839,3/6/2025,Paid,Active,Friday,False,22,35,3,1,3,1,0
3/28/2025,54604771,3/5/2025,Paid,Active,Friday,False,23,10,10,1,0,2,0
3/28/2025,55617207,3/6/2025,Free,Active,Friday,False,22,10,10,1,1,0,0
3/28/2025,56195615,3/7/2025,Free,Active,Friday,False,21,10,4,4,1,0,1
3/28/2025,58890543,3/6/2025,Free,Active,Friday,False,22,10,10,2,0,0,0
3/28/2025,59132781,3/7/2025,Paid,Active,Friday,False,21,12,3,1,0,0,0
3/28/2025,59320316,3/4/2025,Free,Active,Friday,False,24,12,10,1,0,0,1
3/28/2025,59783512,3/5/2025,Paid,Active,Friday,False,23,46,4,2,3,0,0
3/28/2025,60977230,3/4/2025,Free,Active,Friday,False,24,11,10,1,1,0,0
3/28/2025,61356578,3/3/2025,Free,Active,Friday,False,25,5,10,1,0,0,2
3/28/2025,61786206,3/3/2025,Free,Active,Friday,False,25,8,4,4,1,0,1
3/28/2025,62820168,3/7/2025,Free,Active,Friday,False,21,8,1,2,1,0,0
3/28/2025,63585558,3/6/2025,Paid,Active,Friday,False,22,4,17,2,0,2,0
3/28/2025,63823859,3/4/2025,Free,Active,Friday,False,24,7,1,3,0,0,0
3/28/2025,64826108,3/4/2025,Paid,Active,Friday,False,24,33,3,1,0,2,0
3/28/2025,64875604,3/6/2025,Free,Active,Friday,False,22,9,9,1,1,1,0
3/28/2025,65164953,3/4/2025,Free,Active,Friday,False,24,8,2,5,0,0,0
3/28/2025,65636763,3/5/2025,Paid,Active,Friday,False,23,12,7,2,0,0,0
3/28/2025,66077920,3/3/2025,Paid,Active,Friday,False,25,5,1,2,1,0,0
3/28/2025,66085019,3/5/2025,Free,Active,Friday,False,23,15,10,2,1,0,0
3/28/2025,67901718,3/7/2025,Paid,Active,Friday,False,21,11,2,0,0,1,0
3/28/2025,68233734,3/3/2025,Free,Active,Friday,False,25,7,6,4,1,0,1
3/28/2025,68378705,3/6/2025,Free,Active,Friday,False,22,6,6,1,1,0,0
3/28/2025,69497858,3/4/2025,Free,Active,Friday,False,24,1,2,1,0,0,0
3/28/2025,70007939,3/4/2025,Free,Active,Friday,False,24,29,3,0,1,0,0
3/28/2025,70268283,3/4/2025,Free,Active,Friday,False,24,3,4,0,0,0,0
3/28/2025,71124136,3/3/2025,Free,Active,Friday,False,25,15,1,1,1,0,0
3/28/2025,71790553,3/4/2025,Paid,Active,Friday,False,24,19,2,1,0,0,0
3/28/2025,72469436,3/3/2025,Free,Active,Friday,False,25,11,4,1,1,0,1
3/28/2025,73128237,3/7/2025,Paid,Active,Friday,False,21,18,5,3,0,0,0
3/28/2025,73183069,3/6/2025,Free,Active,Friday,False,22,15,2,1,0,0,0
3/28/2025,73530116,3/3/2025,Paid,Active,Friday,False,25,7,2,1,0,0,0
3/28/2025,73963079,3/4/2025,Paid,Active,Friday,False,24,29,1,1,0,0,0
3/28/2025,74062340,3/5/2025,Free,Active,Friday,False,23,2,1,2,0,0,0
3/28/2025,74092029,3/6/2025,Paid,Active,Friday,False,22,14,1,9,0,1,0
3/28/2025,74598602,3/6/2025,Free,Active,Friday,False,22,21,7,2,1,0,1
3/28/2025,76023894,3/4/2025,Free,Active,Friday,False,24,4,4,2,0,1,0
3/28/2025,76306583,3/6/2025,Free,Active,Friday,False,22,7,9,1,0,1,1
3/28/2025,76671851,3/6/2025,Free,Active,Friday,False,22,8,1,3,1,0,1
3/28/2025,77337890,3/3/2025,Paid,Active,Friday,False,25,3,2,5,1,0,0
3/28/2025,77362777,3/6/2025,Free,Active,Friday,False,22,6,10,1,1,0,0
3/28/2025,77687782,3/3/2025,Free,Active,Friday,False,25,38,5,2,2,2,1
3/28/2025,78514449,3/7/2025,Free,Active,Friday,False,21,62,4,2,4,0,0
3/28/2025,78524558,3/4/2025,Free,Active,Friday,False,24,25,4,2,0,0,0
3/28/2025,79391007,3/5/2025,Free,Active,Friday,False,23,9,4,0,0,0,0
3/28/2025,79819778,3/7/2025,Free,Active,Friday,False,21,7,4,3,1,0,1
3/28/2025,79854644,3/5/2025,Free,Active,Friday,False,23,17,9,2,1,1,0
3/28/2025,80640969,3/5/2025,Free,Active,Friday,False,23,4,10,0,0,0,0
3/28/2025,81062415,3/7/2025,Paid,Active,Friday,False,21,6,1,2,0,0,2
3/28/2025,81895947,3/5/2025,Free,Active,Friday,False,23,9,1,5,1,1,0
3/28/2025,82032780,3/7/2025,Free,Active,Friday,False,21,40,5,2,0,0,0
3/28/2025,82358858,3/5/2025,Free,Active,Friday,False,23,12,4,5,0,0,0
3/28/2025,83673862,3/3/2025,Free,Active,Friday,False,25,2,2,5,0,0,0
3/28/2025,84047697,3/5/2025,Free,Active,Friday,False,23,15,6,3,3,0,0
3/28/2025,85292675,3/3/2025,Free,Active,Friday,False,25,1,2,1,0,0,0
3/28/2025,86372804,3/3/2025,Paid,Active,Friday,False,25,4,8,1,0,0,0
3/28/2025,89243555,3/4/2025,Free,Active,Friday,False,24,18,2,1,0,0,0
3/28/2025,89285908,3/4/2025,Free,Active,Friday,False,24,9,10,0,0,0,0
3/28/2025,89505560,3/5/2025,Paid,Active,Friday,False,23,12,4,4,0,0,0
3/28/2025,89547601,3/5/2025,Free,Active,Friday,False,23,7,5,1,0,0,0
3/28/2025,89669730,3/7/2025,Paid,Active,Friday,False,21,9,4,1,1,0,0
3/28/2025,90053100,3/3/2025,Free,Active,Friday,False,25,5,10,1,1,0,0
3/28/2025,90384679,3/6/2025,Free,Active,Friday,False,22,13,9,1,0,1,0
3/28/2025,90589301,3/5/2025,Free,Active,Friday,False,23,30,2,2,2,0,0
3/28/2025,92207376,3/7/2025,Paid,Active,Friday,False,21,6,10,2,2,2,0
3/28/2025,92575198,3/4/2025,Free,Active,Friday,False,24,13,2,3,1,0,0
3/28/2025,93721129,3/4/2025,Paid,Active,Friday,False,24,8,3,2,1,1,0
3/28/2025,93805705,3/4/2025,Free,Active,Friday,False,24,7,0,2,0,0,1
3/28/2025,94061818,3/7/2025,Free,Active,Friday,False,21,14,1,1,0,0,0
3/28/2025,94491215,3/7/2025,Free,Active,Friday,False,21,13,8,2,1,2,0
3/28/2025,96268661,3/6/2025,Free,Active,Friday,False,22,4,2,2,0,0,0
3/28/2025,97515553,3/3/2025,Free,Active,Friday,False,25,7,2,3,0,0,0
3/28/2025,99756298,3/4/2025,Free,Active,Friday,False,24,19,3,1,0,0,0
3/29/2025,10439750,3/6/2025,Paid,Active,Saturday,True,23,11,3,0,0,0,0
3/29/2025,10517792,3/6/2025,Free,Active,Saturday,True,23,11,10,1,0,0,0
3/29/2025,10522638,3/7/2025,Paid,Active,Saturday,True,22,11,1,1,2,0,0
3/29/2025,11207503,3/3/2025,Paid,Active,Saturday,True,26,38,3,1,0,2,0
3/29/2025,11495794,3/6/2025,Paid,Active,Saturday,True,23,10,3,2,1,0,0
3/29/2025,12089369,3/7/2025,Free,Active,Saturday,True,22,8,7,0,3,0,0
3/29/2025,12839768,3/7/2025,Free,Active,Saturday,True,22,14,6,5,1,0,0
3/29/2025,13602493,3/5/2025,Free,Active,Saturday,True,24,5,2,1,2,0,0
3/29/2025,13638476,3/4/2025,Free,Active,Saturday,True,25,9,2,5,0,0,0
3/29/2025,14003926,3/3/2025,Free,Active,Saturday,True,26,8,9,1,0,1,0
3/29/2025,14495366,3/5/2025,Free,Active,Saturday,True,24,12,9,1,0,1,0
3/29/2025,14851543,3/7/2025,Free,Active,Saturday,True,22,11,2,3,1,0,0
3/29/2025,15450669,3/6/2025,Free,Active,Saturday,True,23,4,9,0,0,0,0
3/29/2025,15647148,3/6/2025,Free,Active,Saturday,True,23,15,2,1,0,0,0
3/29/2025,16323501,3/5/2025,Free,Active,Saturday,True,24,4,10,1,0,0,0
3/29/2025,17228968,3/6/2025,Paid,Active,Saturday,True,23,4,4,1,0,0,0
3/29/2025,17463270,3/3/2025,Free,Active,Saturday,True,26,8,4,1,0,0,0
3/29/2025,18139249,3/3/2025,Free,Active,Saturday,True,26,1,3,0,0,0,0
3/29/2025,18452244,3/7/2025,Free,Active,Saturday,True,22,7,1,5,0,0,0
3/29/2025,18580473,3/5/2025,Paid,Active,Saturday,True,24,5,16,2,0,1,0
3/29/2025,18940612,3/7/2025,Free,Active,Saturday,True,22,13,2,3,0,0,0
3/29/2025,19577042,3/6/2025,Free,Active,Saturday,True,23,16,5,3,1,1,0
3/29/2025,20119241,3/7/2025,Free,Active,Saturday,True,22,7,3,2,0,0,0
3/29/2025,21395247,3/3/2025,Paid,Active,Saturday,True,26,15,4,1,1,0,1
3/29/2025,21502927,3/6/2025,Free,Active,Saturday,True,23,4,9,1,0,1,0
3/29/2025,22264388,3/6/2025,Paid,Active,Saturday,True,23,5,4,5,2,0,0
3/29/2025,22769549,3/7/2025,Free,Active,Saturday,True,22,5,0,3,0,0,0
3/29/2025,23272498,3/5/2025,Free,Active,Saturday,True,24,6,8,0,1,1,0
3/29/2025,23358649,3/5/2025,Free,Active,Saturday,True,24,10,4,5,0,0,0
3/29/2025,23940170,3/6/2025,Free,Active,Saturday,True,23,11,6,2,0,1,0
3/29/2025,25761792,3/6/2025,Free,Active,Saturday,True,23,7,9,1,1,0,0
3/29/2025,25983272,3/4/2025,Free,Active,Saturday,True,25,11,3,5,0,0,0
3/29/2025,26103384,3/4/2025,Paid,Active,Saturday,True,25,9,5,2,1,0,0
3/29/2025,27852032,3/4/2025,Free,Active,Saturday,True,25,15,5,3,1,0,1
3/29/2025,28032367,3/4/2025,Free,Active,Saturday,True,25,9,9,1,0,0,0
3/29/2025,28168630,3/5/2025,Free,Active,Saturday,True,24,47,5,2,1,0,1
3/29/2025,28500176,3/7/2025,Free,Active,Saturday,True,22,3,2,1,1,0,1
3/29/2025,28569480,3/5/2025,Paid,Active,Saturday,True,24,14,1,7,3,0,1
3/29/2025,28608102,3/4/2025,Paid,Active,Saturday,True,25,25,1,2,1,0,0
3/29/2025,28947491,3/3/2025,Free,Active,Saturday,True,26,13,9,1,0,1,0
3/29/2025,29402937,3/3/2025,Free,Active,Saturday,True,26,17,1,1,1,0,0
3/29/2025,29469046,3/6/2025,Free,Active,Saturday,True,23,3,1,3,0,1,0
3/29/2025,29659181,3/6/2025,Free,Active,Saturday,True,23,17,1,0,1,0,0
3/29/2025,30377112,3/3/2025,Free,Active,Saturday,True,26,9,1,2,0,0,0
3/29/2025,30665172,3/6/2025,Paid,Active,Saturday,True,23,5,4,1,0,0,0
3/29/2025,32287062,3/4/2025,Free,Active,Saturday,True,25,28,4,1,3,0,0
3/29/2025,33834899,3/5/2025,Paid,Active,Saturday,True,24,6,11,1,2,0,0
3/29/2025,33910622,3/3/2025,Paid,Active,Saturday,True,26,10,3,4,0,0,0
3/29/2025,34330277,3/7/2025,Free,Active,Saturday,True,22,11,1,4,1,0,1
3/29/2025,34614777,3/5/2025,Free,Active,Saturday,True,24,5,4,2,0,0,1
3/29/2025,34782115,3/4/2025,Free,Active,Saturday,True,25,4,9,0,0,1,0
3/29/2025,34889504,3/5/2025,Free,Active,Saturday,True,24,5,10,1,0,0,0
3/29/2025,36017834,3/7/2025,Paid,Active,Saturday,True,22,45,1,1,1,0,0
3/29/2025,36329183,3/4/2025,Paid,Active,Saturday,True,25,16,16,1,1,1,0
3/29/2025,38413248,3/7/2025,Free,Active,Saturday,True,22,3,10,2,1,0,0
3/29/2025,39114147,3/7/2025,Free,Active,Saturday,True,22,14,10,2,0,0,0
3/29/2025,39534512,3/6/2025,Free,Active,Saturday,True,23,3,2,5,1,0,0
3/29/2025,40027203,3/3/2025,Free,Active,Saturday,True,26,4,7,0,1,0,0
3/29/2025,40070917,3/4/2025,Paid,Active,Saturday,True,25,13,1,1,1,0,0
3/29/2025,40836783,3/5/2025,Free,Active,Saturday,True,24,3,9,2,1,1,0
3/29/2025,42233475,3/5/2025,Free,Active,Saturday,True,24,8,9,2,1,1,0
3/29/2025,43009397,3/7/2025,Paid,Active,Saturday,True,22,18,0,2,0,1,0
3/29/2025,43564818,3/4/2025,Free,Active,Saturday,True,25,12,3,3,0,0,1
3/29/2025,44441861,3/6/2025,Free,Active,Saturday,True,23,12,4,2,0,0,0
3/29/2025,44549411,3/3/2025,Paid,Active,Saturday,True,26,13,4,1,1,2,0
3/29/2025,44814486,3/3/2025,Paid,Active,Saturday,True,26,5,5,1,1,0,0
3/29/2025,46347412,3/5/2025,Free,Active,Saturday,True,24,5,7,0,1,0,1
3/29/2025,46768760,3/3/2025,Free,Active,Saturday,True,26,9,2,4,1,0,0
3/29/2025,48213441,3/5/2025,Free,Active,Saturday,True,24,13,1,1,0,1,0
3/29/2025,48924961,3/6/2025,Free,Active,Saturday,True,23,44,1,3,1,1,0
3/29/2025,49010595,3/7/2025,Free,Active,Saturday,True,22,5,0,2,0,0,0
3/29/2025,50549387,3/6/2025,Free,Active,Saturday,True,23,26,4,1,0,0,0
3/29/2025,51499006,3/7/2025,Free,Active,Saturday,True,22,9,10,2,1,0,0
3/29/2025,51531887,3/5/2025,Paid,Active,Saturday,True,24,29,6,1,2,0,0
3/29/2025,52355265,3/4/2025,Free,Active,Saturday,True,25,8,2,1,0,0,0
3/29/2025,52607867,3/5/2025,Paid,Active,Saturday,True,24,6,7,1,1,0,0
3/29/2025,52702390,3/4/2025,Free,Active,Saturday,True,25,9,5,3,0,0,0
3/29/2025,53226858,3/4/2025,Paid,Active,Saturday,True,25,5,5,5,0,0,0
3/29/2025,54276839,3/6/2025,Paid,Active,Saturday,True,23,44,2,0,1,0,1
3/29/2025,54604771,3/5/2025,Paid,Cancelled,Saturday,True,24,6,4,1,2,0,0
3/29/2025,54677898,3/5/2025,Free,Active,Saturday,True,24,5,1,4,0,0,0
3/29/2025,55617207,3/6/2025,Free,Active,Saturday,True,23,15,10,3,0,0,0
3/29/2025,55796778,3/7/2025,Paid,Active,Saturday,True,22,21,2,2,3,0,0
3/29/2025,56195615,3/7/2025,Free,Active,Saturday,True,22,12,4,5,0,0,0
3/29/2025,57850647,3/3/2025,Paid,Active,Saturday,True,26,11,4,1,0,0,0
3/29/2025,58798972,3/7/2025,Paid,Active,Saturday,True,22,9,2,1,0,0,0
3/29/2025,58890543,3/6/2025,Free,Active,Saturday,True,23,18,9,0,0,1,0
3/29/2025,59132781,3/7/2025,Paid,Active,Saturday,True,22,10,10,1,0,1,0
3/29/2025,59320316,3/4/2025,Free,Active,Saturday,True,25,10,10,1,2,0,0
3/29/2025,59783512,3/5/2025,Paid,Active,Saturday,True,24,29,3,2,2,1,0
3/29/2025,60977230,3/4/2025,Free,Active,Saturday,True,25,15,7,1,1,0,0
3/29/2025,61356578,3/3/2025,Free,Active,Saturday,True,26,6,9,2,1,1,0
3/29/2025,61786206,3/3/2025,Free,Active,Saturday,True,26,9,2,5,0,0,0
3/29/2025,62820168,3/7/2025,Free,Active,Saturday,True,22,4,1,2,0,0,0
3/29/2025,63534569,3/7/2025,Paid,Active,Saturday,True,22,6,3,2,0,0,0
3/29/2025,63585558,3/6/2025,Paid,Active,Saturday,True,23,18,17,2,0,1,0
3/29/2025,63879026,3/6/2025,Paid,Active,Saturday,True,23,3,2,1,0,0,0
3/29/2025,64826108,3/4/2025,Paid,Active,Saturday,True,25,40,5,2,2,0,0
3/29/2025,64875604,3/6/2025,Free,Active,Saturday,True,23,8,4,1,0,0,0
3/29/2025,65164953,3/4/2025,Free,Active,Saturday,True,25,3,1,5,0,0,0
3/29/2025,65636763,3/5/2025,Paid,Active,Saturday,True,24,10,6,1,1,1,0
3/29/2025,66077920,3/3/2025,Paid,Active,Saturday,True,26,2,1,3,0,1,0
3/29/2025,66085019,3/5/2025,Free,Active,Saturday,True,24,14,9,2,0,1,0
3/29/2025,68233734,3/3/2025,Free,Active,Saturday,True,26,7,3,4,0,0,1
3/29/2025,70007939,3/4/2025,Free,Active,Saturday,True,25,21,1,2,2,0,0
3/29/2025,70268283,3/4/2025,Free,Active,Saturday,True,25,7,10,1,0,0,0
3/29/2025,70440339,3/7/2025,Paid,Cancelled,Saturday,True,22,7,4,3,0,0,0
3/29/2025,70853849,3/4/2025,Free,Active,Saturday,True,25,10,3,5,2,1,0
3/29/2025,71124136,3/3/2025,Free,Active,Saturday,True,26,19,1,2,1,0,0
3/29/2025,71790553,3/4/2025,Paid,Active,Saturday,True,25,22,3,1,0,1,1
3/29/2025,72469436,3/3/2025,Free,Active,Saturday,True,26,28,3,1,0,0,1
3/29/2025,73128237,3/7/2025,Paid,Active,Saturday,True,22,15,4,8,0,1,1
3/29/2025,73530116,3/3/2025,Paid,Active,Saturday,True,26,7,1,1,0,0,0
3/29/2025,73963079,3/4/2025,Paid,Active,Saturday,True,25,15,2,2,0,0,0
3/29/2025,74092029,3/6/2025,Paid,Active,Saturday,True,23,10,7,2,1,0,0
3/29/2025,74598602,3/6/2025,Free,Active,Saturday,True,23,29,4,2,3,1,0
3/29/2025,76023894,3/4/2025,Free,Active,Saturday,True,25,2,3,1,1,0,0
3/29/2025,76306583,3/6/2025,Free,Active,Saturday,True,23,16,9,2,1,1,0
3/29/2025,76395184,3/5/2025,Free,Active,Saturday,True,24,4,2,2,1,0,0
3/29/2025,76587233,3/4/2025,Paid,Active,Saturday,True,25,5,3,2,2,1,0
3/29/2025,76671851,3/6/2025,Free,Active,Saturday,True,23,11,3,1,1,0,0
3/29/2025,77362777,3/6/2025,Free,Active,Saturday,True,23,5,4,0,0,0,0
3/29/2025,77687782,3/3/2025,Free,Active,Saturday,True,26,19,2,0,0,0,0
3/29/2025,78432211,3/4/2025,Paid,Active,Saturday,True,25,27,1,1,2,0,0
3/29/2025,78514449,3/7/2025,Free,Active,Saturday,True,22,11,4,3,0,0,0
3/29/2025,79391007,3/5/2025,Free,Active,Saturday,True,24,7,5,0,0,0,0
3/29/2025,79819778,3/7/2025,Free,Active,Saturday,True,22,7,1,2,0,0,1
3/29/2025,79854644,3/5/2025,Free,Active,Saturday,True,24,18,10,2,0,0,0
3/29/2025,80322173,3/5/2025,Free,Active,Saturday,True,24,9,4,5,1,0,0
3/29/2025,80640969,3/5/2025,Free,Active,Saturday,True,24,8,8,1,1,1,0
3/29/2025,81058962,3/4/2025,Free,Active,Saturday,True,25,5,2,0,0,0,0
3/29/2025,81062415,3/7/2025,Paid,Active,Saturday,True,22,3,3,1,0,0,1
3/29/2025,81895947,3/5/2025,Free,Active,Saturday,True,24,2,3,4,1,0,1
3/29/2025,82032780,3/7/2025,Free,Active,Saturday,True,22,20,2,2,1,0,0
3/29/2025,82358858,3/5/2025,Free,Active,Saturday,True,24,4,3,5,2,0,0
3/29/2025,84047697,3/5/2025,Free,Active,Saturday,True,24,10,4,3,1,0,0
3/29/2025,86372804,3/3/2025,Paid,Active,Saturday,True,26,5,3,0,0,1,0
3/29/2025,86762579,3/5/2025,Paid,Active,Saturday,True,24,6,3,4,0,0,1
3/29/2025,89281326,3/3/2025,Free,Active,Saturday,True,26,9,7,1,0,0,0
3/29/2025,89505560,3/5/2025,Paid,Active,Saturday,True,24,6,3,3,1,1,1
3/29/2025,89547601,3/5/2025,Free,Active,Saturday,True,24,6,6,1,0,0,0
3/29/2025,89580457,3/6/2025,Paid,Active,Saturday,True,23,10,1,1,0,0,0
3/29/2025,89669730,3/7/2025,Paid,Active,Saturday,True,22,8,1,1,2,0,0
3/29/2025,90384679,3/6/2025,Free,Active,Saturday,True,23,4,9,1,0,1,0
3/29/2025,90589301,3/5/2025,Free,Active,Saturday,True,24,35,3,2,2,0,0
3/29/2025,91286478,3/7/2025,Free,Active,Saturday,True,22,3,2,0,2,0,0
3/29/2025,92207376,3/7/2025,Paid,Active,Saturday,True,22,11,12,2,0,0,0
3/29/2025,92575198,3/4/2025,Free,Active,Saturday,True,25,15,3,5,1,0,0
3/29/2025,93721129,3/4/2025,Paid,Active,Saturday,True,25,6,4,2,0,0,0
3/29/2025,94061818,3/7/2025,Free,Active,Saturday,True,22,5,1,1,0,1,0
3/29/2025,94491215,3/7/2025,Free,Active,Saturday,True,22,7,6,1,0,1,0
3/29/2025,94796124,3/5/2025,Free,Active,Saturday,True,24,3,4,0,1,0,0
3/29/2025,95834438,3/3/2025,Free,Active,Saturday,True,26,10,5,1,1,1,0
3/29/2025,95928771,3/5/2025,Paid,Active,Saturday,True,24,4,7,1,0,0,0
3/29/2025,96268661,3/6/2025,Free,Active,Saturday,True,23,4,2,5,0,0,0
3/29/2025,96659622,3/3/2025,Free,Active,Saturday,True,26,3,10,2,1,0,0
3/29/2025,97515553,3/3/2025,Free,Active,Saturday,True,26,10,1,2,0,0,0
3/29/2025,98060216,3/5/2025,Free,Active,Saturday,True,24,16,1,1,0,0,0
3/29/2025,98245773,3/3/2025,Free,Active,Saturday,True,26,7,2,1,0,0,0
3/29/2025,99756298,3/4/2025,Free,Active,Saturday,True,25,9,1,0,0,0,0
3/30/2025,10439750,3/6/2025,Paid,Active,Sunday,True,24,25,3,1,0,0,1
3/30/2025,10453161,3/5/2025,Paid,Active,Sunday,True,25,30,1,1,1,0,0
3/30/2025,10517792,3/6/2025,Free,Active,Sunday,True,24,7,9,2,1,1,0
3/30/2025,10522638,3/7/2025,Paid,Active,Sunday,True,23,27,1,0,1,1,0
3/30/2025,11207503,3/3/2025,Paid,Active,Sunday,True,27,25,2,2,1,0,0
3/30/2025,11495794,3/6/2025,Paid,Active,Sunday,True,24,36,5,1,2,1,1
3/30/2025,12089369,3/7/2025,Free,Active,Sunday,True,23,6,8,2,0,0,0
3/30/2025,12218224,3/6/2025,Free,Active,Sunday,True,24,2,1,1,0,0,0
3/30/2025,12839768,3/7/2025,Free,Active,Sunday,True,23,9,1,5,0,0,0
3/30/2025,13602493,3/5/2025,Free,Active,Sunday,True,25,13,2,0,0,0,0
3/30/2025,14003926,3/3/2025,Free,Active,Sunday,True,27,6,10,2,0,0,0
3/30/2025,14017653,3/3/2025,Free,Active,Sunday,True,27,11,2,3,1,0,0
3/30/2025,14209843,3/4/2025,Free,Active,Sunday,True,26,10,1,5,1,0,0
3/30/2025,14495366,3/5/2025,Free,Active,Sunday,True,25,9,10,2,1,0,0
3/30/2025,14528458,3/5/2025,Free,Active,Sunday,True,25,30,2,1,0,0,0
3/30/2025,14851543,3/7/2025,Free,Active,Sunday,True,23,12,1,4,0,0,1
3/30/2025,15647148,3/6/2025,Free,Active,Sunday,True,24,7,4,1,2,0,0
3/30/2025,16323501,3/5/2025,Free,Active,Sunday,True,25,8,9,1,1,1,1
3/30/2025,17228968,3/6/2025,Paid,Active,Sunday,True,24,5,5,1,0,0,0
3/30/2025,17983248,3/4/2025,Paid,Active,Sunday,True,26,9,3,2,1,1,0
3/30/2025,18452244,3/7/2025,Free,Active,Sunday,True,23,10,0,5,0,1,0
3/30/2025,18580473,3/5/2025,Paid,Active,Sunday,True,25,5,13,1,0,0,0
3/30/2025,18873581,3/4/2025,Paid,Active,Sunday,True,26,3,1,1,0,0,0
3/30/2025,18940612,3/7/2025,Free,Active,Sunday,True,23,47,6,1,2,1,0
3/30/2025,19577042,3/6/2025,Free,Active,Sunday,True,24,13,10,1,0,0,0
3/30/2025,20119241,3/7/2025,Free,Active,Sunday,True,23,10,3,3,1,0,1
3/30/2025,20473587,3/5/2025,Free,Active,Sunday,True,25,22,4,2,1,0,0
3/30/2025,21245339,3/7/2025,Free,Active,Sunday,True,23,31,2,1,0,0,1
3/30/2025,21395247,3/3/2025,Paid,Active,Sunday,True,27,13,4,1,1,0,0
3/30/2025,21502927,3/6/2025,Free,Active,Sunday,True,24,2,5,2,0,0,0
3/30/2025,22264388,3/6/2025,Paid,Active,Sunday,True,24,7,2,2,1,0,0
3/30/2025,22769549,3/7/2025,Free,Active,Sunday,True,23,4,0,5,0,1,0
3/30/2025,23272498,3/5/2025,Free,Active,Sunday,True,25,6,8,2,0,1,0
3/30/2025,23358649,3/5/2025,Free,Active,Sunday,True,25,4,2,3,0,0,0
3/30/2025,24627496,3/7/2025,Paid,Active,Sunday,True,23,8,1,1,0,0,0
3/30/2025,25761792,3/6/2025,Free,Active,Sunday,True,24,16,10,1,0,0,0
3/30/2025,25983272,3/4/2025,Free,Active,Sunday,True,26,5,1,3,0,0,0
3/30/2025,26103384,3/4/2025,Paid,Active,Sunday,True,26,7,1,3,0,0,0
3/30/2025,27469715,3/4/2025,Free,Active,Sunday,True,26,5,1,0,1,1,0
3/30/2025,27852032,3/4/2025,Free,Active,Sunday,True,26,9,7,5,1,0,0
3/30/2025,28032367,3/4/2025,Free,Active,Sunday,True,26,10,9,1,1,0,0
3/30/2025,28168630,3/5/2025,Free,Active,Sunday,True,25,17,6,3,1,0,0
3/30/2025,28500176,3/7/2025,Free,Active,Sunday,True,23,2,1,1,0,0,0
3/30/2025,28569480,3/5/2025,Paid,Active,Sunday,True,25,17,4,5,0,0,0
3/30/2025,28608102,3/4/2025,Paid,Active,Sunday,True,26,10,2,2,1,1,0
3/30/2025,28947491,3/3/2025,Free,Active,Sunday,True,27,9,9,2,0,1,0
3/30/2025,30377112,3/3/2025,Paid,Active,Sunday,True,27,8,2,6,0,0,0
3/30/2025,30427864,3/3/2025,Paid,Active,Sunday,True,27,6,6,0,0,0,1
3/30/2025,30556865,3/4/2025,Free,Active,Sunday,True,26,8,5,3,0,0,0
3/30/2025,30665172,3/6/2025,Paid,Active,Sunday,True,24,9,4,5,0,0,0
3/30/2025,31297307,3/4/2025,Paid,Active,Sunday,True,26,3,3,1,0,0,1
3/30/2025,32287062,3/4/2025,Free,Active,Sunday,True,26,32,1,1,1,0,0
3/30/2025,33834899,3/5/2025,Paid,Active,Sunday,True,25,3,12,0,1,0,0
3/30/2025,33910622,3/3/2025,Paid,Active,Sunday,True,27,7,6,5,1,0,2
3/30/2025,34330277,3/7/2025,Free,Active,Sunday,True,23,3,4,4,0,0,0
3/30/2025,34614777,3/5/2025,Free,Active,Sunday,True,25,8,3,4,0,0,1
3/30/2025,34782115,3/4/2025,Free,Active,Sunday,True,26,10,10,0,0,0,0
3/30/2025,34889504,3/5/2025,Free,Active,Sunday,True,25,15,6,3,1,0,0
3/30/2025,36017834,3/7/2025,Paid,Active,Sunday,True,23,14,1,1,2,0,0
3/30/2025,36222279,3/5/2025,Free,Active,Sunday,True,25,7,4,4,1,0,0
3/30/2025,36329183,3/4/2025,Paid,Active,Sunday,True,26,4,15,1,0,1,0
3/30/2025,36946691,3/6/2025,Paid,Active,Sunday,True,24,7,4,1,1,0,0
3/30/2025,38413248,3/7/2025,Free,Active,Sunday,True,23,9,7,2,0,3,0
3/30/2025,39114147,3/7/2025,Free,Active,Sunday,True,23,5,9,2,1,1,0
3/30/2025,39534512,3/6/2025,Free,Active,Sunday,True,24,2,0,1,0,1,0
3/30/2025,39554899,3/4/2025,Free,Active,Sunday,True,26,4,3,2,1,0,1
3/30/2025,40027203,3/3/2025,Free,Active,Sunday,True,27,5,2,1,0,0,0
3/30/2025,40070917,3/4/2025,Paid,Active,Sunday,True,26,17,3,0,0,0,0
3/30/2025,40836783,3/5/2025,Free,Active,Sunday,True,25,9,6,1,0,0,0
3/30/2025,43564818,3/4/2025,Free,Active,Sunday,True,26,9,5,2,3,2,0
3/30/2025,44441861,3/6/2025,Free,Active,Sunday,True,24,11,4,5,0,0,0
3/30/2025,44549411,3/3/2025,Paid,Active,Sunday,True,27,12,18,2,0,1,0
3/30/2025,44814486,3/3/2025,Paid,Active,Sunday,True,27,2,2,0,0,0,0
3/30/2025,46347412,3/5/2025,Free,Active,Sunday,True,25,3,10,1,0,0,0
3/30/2025,46768760,3/3/2025,Free,Active,Sunday,True,27,6,3,4,0,0,0
3/30/2025,47269107,3/5/2025,Free,Active,Sunday,True,25,11,6,1,1,0,0
3/30/2025,47729983,3/7/2025,Free,Active,Sunday,True,23,1,5,1,0,0,0
3/30/2025,48213441,3/5/2025,Free,Active,Sunday,True,25,14,2,1,1,0,0
3/30/2025,48924961,3/6/2025,Free,Active,Sunday,True,24,48,5,2,0,1,0
3/30/2025,50549387,3/6/2025,Free,Active,Sunday,True,24,13,3,1,1,0,0
3/30/2025,51499006,3/7/2025,Free,Active,Sunday,True,23,4,8,2,0,1,0
3/30/2025,51531887,3/5/2025,Paid,Active,Sunday,True,25,41,2,0,1,0,0
3/30/2025,52355265,3/4/2025,Free,Active,Sunday,True,26,9,1,1,2,0,0
3/30/2025,52607867,3/5/2025,Paid,Active,Sunday,True,25,5,4,0,0,1,0
3/30/2025,52702390,3/4/2025,Free,Active,Sunday,True,26,9,10,2,0,0,1
3/30/2025,53226858,3/4/2025,Paid,Active,Sunday,True,26,8,4,1,0,0,0
3/30/2025,53588630,3/4/2025,Free,Active,Sunday,True,26,5,2,3,0,0,0
3/30/2025,54276839,3/6/2025,Paid,Active,Sunday,True,24,31,6,1,1,0,0
3/30/2025,55617207,3/6/2025,Free,Active,Sunday,True,24,10,10,2,0,0,0
3/30/2025,56195615,3/7/2025,Free,Active,Sunday,True,23,9,6,5,0,0,0
3/30/2025,57850647,3/3/2025,Paid,Active,Sunday,True,27,27,4,0,2,0,1
3/30/2025,58890543,3/6/2025,Free,Active,Sunday,True,24,6,8,1,0,2,0
3/30/2025,59132781,3/7/2025,Paid,Active,Sunday,True,23,7,6,2,0,1,0
3/30/2025,59320316,3/4/2025,Free,Active,Sunday,True,26,14,7,1,0,0,0
3/30/2025,59783512,3/5/2025,Paid,Active,Sunday,True,25,42,2,2,1,0,0
3/30/2025,61356578,3/3/2025,Free,Active,Sunday,True,27,8,6,2,0,0,0
3/30/2025,61786206,3/3/2025,Free,Active,Sunday,True,27,8,2,2,2,0,1
3/30/2025,62820168,3/7/2025,Free,Active,Sunday,True,23,10,3,2,2,0,0
3/30/2025,63534569,3/7/2025,Paid,Active,Sunday,True,23,3,6,0,0,0,0
3/30/2025,63585558,3/6/2025,Paid,Active,Sunday,True,24,8,14,2,0,0,0
3/30/2025,63823859,3/4/2025,Free,Active,Sunday,True,26,6,2,5,0,1,0
3/30/2025,64826108,3/4/2025,Paid,Active,Sunday,True,26,12,4,0,1,0,1
3/30/2025,64875604,3/6/2025,Free,Active,Sunday,True,24,6,10,1,0,0,0
3/30/2025,65636763,3/5/2025,Paid,Active,Sunday,True,25,4,4,0,0,0,1
3/30/2025,66077920,3/3/2025,Paid,Active,Sunday,True,27,4,2,1,0,0,0
3/30/2025,66085019,3/5/2025,Free,Active,Sunday,True,25,17,10,2,1,0,0
3/30/2025,67901718,3/7/2025,Paid,Active,Sunday,True,23,8,4,2,1,0,0
3/30/2025,68233734,3/3/2025,Free,Active,Sunday,True,27,17,6,5,0,0,0
3/30/2025,68378705,3/6/2025,Free,Active,Sunday,True,24,3,6,0,0,1,0
3/30/2025,68805871,3/6/2025,Free,Active,Sunday,True,24,1,10,0,0,0,0
3/30/2025,70007939,3/4/2025,Free,Active,Sunday,True,26,13,2,1,0,1,0
3/30/2025,70268283,3/4/2025,Free,Active,Sunday,True,26,9,8,0,0,0,1
3/30/2025,71124136,3/3/2025,Free,Active,Sunday,True,27,27,4,2,0,0,0
3/30/2025,71790553,3/4/2025,Paid,Active,Sunday,True,26,26,1,1,2,0,0
3/30/2025,72469436,3/3/2025,Free,Active,Sunday,True,27,21,2,1,0,0,0
3/30/2025,73128237,3/7/2025,Paid,Active,Sunday,True,23,13,5,6,0,0,1
3/30/2025,73530116,3/3/2025,Paid,Active,Sunday,True,27,6,2,1,0,0,0
3/30/2025,73567762,3/6/2025,Free,Active,Sunday,True,24,6,1,1,0,1,0
3/30/2025,74092029,3/6/2025,Paid,Active,Sunday,True,24,15,4,2,2,0,1
3/30/2025,74484152,3/4/2025,Paid,Active,Sunday,True,26,10,10,2,2,0,0
3/30/2025,76306583,3/6/2025,Free,Active,Sunday,True,24,5,7,0,0,0,0
3/30/2025,76671851,3/6/2025,Free,Active,Sunday,True,24,8,2,5,0,0,0
3/30/2025,77362777,3/6/2025,Free,Active,Sunday,True,24,9,7,1,0,1,1
3/30/2025,77687782,3/3/2025,Free,Active,Sunday,True,27,31,2,2,1,0,0
3/30/2025,78432211,3/4/2025,Paid,Active,Sunday,True,26,27,3,0,4,0,0
3/30/2025,78514449,3/7/2025,Free,Active,Sunday,True,23,33,5,2,0,0,0
3/30/2025,79391007,3/5/2025,Free,Active,Sunday,True,25,7,7,1,2,0,0
3/30/2025,79819778,3/7/2025,Free,Active,Sunday,True,23,8,4,4,0,0,1
3/30/2025,79854644,3/5/2025,Free,Active,Sunday,True,25,6,7,1,0,0,1
3/30/2025,80640969,3/5/2025,Free,Active,Sunday,True,25,10,10,1,1,0,0
3/30/2025,81062415,3/7/2025,Paid,Active,Sunday,True,23,7,2,4,1,0,2
3/30/2025,82032780,3/7/2025,Free,Active,Sunday,True,23,17,4,1,1,1,0
3/30/2025,82358858,3/5/2025,Free,Active,Sunday,True,25,2,3,5,0,0,0
3/30/2025,83673862,3/3/2025,Free,Active,Sunday,True,27,2,1,1,0,0,0
3/30/2025,83753999,3/6/2025,Free,Active,Sunday,True,24,4,6,1,0,0,0
3/30/2025,84047697,3/5/2025,Free,Active,Sunday,True,25,16,5,5,1,0,0
3/30/2025,85292675,3/3/2025,Free,Active,Sunday,True,27,7,3,1,0,0,0
3/30/2025,86372804,3/3/2025,Paid,Active,Sunday,True,27,4,5,1,0,2,0
3/30/2025,89243555,3/4/2025,Free,Active,Sunday,True,26,29,1,0,2,0,0
3/30/2025,89285908,3/4/2025,Free,Active,Sunday,True,26,4,5,2,0,0,0
3/30/2025,89547601,3/5/2025,Free,Active,Sunday,True,25,2,6,1,1,0,0
3/30/2025,89580457,3/6/2025,Paid,Active,Sunday,True,24,9,1,1,1,0,0
3/30/2025,89669730,3/7/2025,Paid,Active,Sunday,True,23,19,3,0,1,0,0
3/30/2025,90384679,3/6/2025,Free,Active,Sunday,True,24,15,7,1,0,1,0
3/30/2025,90589301,3/5/2025,Free,Active,Sunday,True,25,98,2,3,2,0,0
3/30/2025,91286478,3/7/2025,Free,Active,Sunday,True,23,11,1,1,1,0,0
3/30/2025,92207376,3/7/2025,Paid,Active,Sunday,True,23,9,6,1,0,1,0
3/30/2025,92575198,3/4/2025,Free,Active,Sunday,True,26,8,4,5,0,0,0
3/30/2025,93721129,3/4/2025,Paid,Active,Sunday,True,26,3,1,4,0,0,0
3/30/2025,93805705,3/4/2025,Free,Active,Sunday,True,26,4,1,2,0,0,1
3/30/2025,94061818,3/7/2025,Free,Active,Sunday,True,23,9,0,1,0,0,0
3/30/2025,94491215,3/7/2025,Free,Active,Sunday,True,23,7,8,1,0,2,0
3/30/2025,95082245,3/3/2025,Free,Active,Sunday,True,27,1,1,0,0,0,0
3/30/2025,95834438,3/3/2025,Free,Active,Sunday,True,27,9,3,2,0,0,0
3/30/2025,95928771,3/5/2025,Paid,Active,Sunday,True,25,6,11,1,0,1,0
3/30/2025,97515553,3/3/2025,Free,Active,Sunday,True,27,3,4,4,1,0,0
3/30/2025,98245773,3/3/2025,Free,Active,Sunday,True,27,3,2,0,0,0,0
3/31/2025,10213838,3/4/2025,Free,Active,Monday,False,27,3,5,1,1,1,0
3/31/2025,10439750,3/6/2025,Paid,Active,Monday,False,25,24,1,1,2,0,0
3/31/2025,10453161,3/5/2025,Paid,Active,Monday,False,26,24,1,1,1,1,0
3/31/2025,10522638,3/7/2025,Paid,Active,Monday,False,24,30,2,1,2,0,0
3/31/2025,11207503,3/3/2025,Paid,Active,Monday,False,28,29,6,1,0,1,0
3/31/2025,11495794,3/6/2025,Paid,Active,Monday,False,25,15,4,1,0,0,0
3/31/2025,12089369,3/7/2025,Free,Active,Monday,False,24,3,5,0,0,1,0
3/31/2025,12218224,3/6/2025,Free,Active,Monday,False,25,5,2,2,0,0,0
3/31/2025,12839768,3/7/2025,Free,Active,Monday,False,24,9,6,5,0,0,0
3/31/2025,14003926,3/3/2025,Free,Active,Monday,False,28,9,9,1,0,1,0
3/31/2025,14017653,3/3/2025,Free,Active,Monday,False,28,9,3,3,0,0,2
3/31/2025,14209843,3/4/2025,Free,Active,Monday,False,27,11,3,3,1,0,0
3/31/2025,14495366,3/5/2025,Free,Active,Monday,False,26,12,10,0,0,0,0
3/31/2025,14528458,3/5/2025,Free,Active,Monday,False,26,12,2,0,0,0,0
3/31/2025,14851543,3/7/2025,Free,Active,Monday,False,24,9,3,5,2,0,0
3/31/2025,15647148,3/6/2025,Free,Active,Monday,False,25,15,3,1,2,0,0
3/31/2025,16175009,3/5/2025,Free,Active,Monday,False,26,4,10,0,0,0,0
3/31/2025,16323501,3/5/2025,Free,Active,Monday,False,26,10,4,2,0,0,0
3/31/2025,16402515,3/7/2025,Free,Active,Monday,False,24,6,1,3,0,0,1
3/31/2025,17228968,3/6/2025,Paid,Active,Monday,False,25,9,5,1,0,0,0
3/31/2025,17983248,3/4/2025,Paid,Active,Monday,False,27,5,13,1,0,0,0
3/31/2025,18452244,3/7/2025,Free,Active,Monday,False,24,7,3,5,0,0,0
3/31/2025,18580473,3/5/2025,Paid,Active,Monday,False,26,13,10,1,0,1,0
3/31/2025,18940612,3/7/2025,Free,Active,Monday,False,24,37,5,2,2,0,0
3/31/2025,20119241,3/7/2025,Paid,Active,Monday,False,24,10,3,4,0,0,0
3/31/2025,21502927,3/6/2025,Free,Active,Monday,False,25,3,10,1,0,0,0
3/31/2025,22264388,3/6/2025,Paid,Active,Monday,False,25,10,2,2,1,0,0
3/31/2025,22769549,3/7/2025,Free,Active,Monday,False,24,1,1,2,0,1,0
3/31/2025,23272498,3/5/2025,Free,Active,Monday,False,26,8,3,2,1,0,0
3/31/2025,25761792,3/6/2025,Free,Active,Monday,False,25,14,10,2,0,0,1
3/31/2025,25983272,3/4/2025,Free,Active,Monday,False,27,9,2,5,0,0,0
3/31/2025,26103384,3/4/2025,Paid,Active,Monday,False,27,14,2,6,1,0,0
3/31/2025,27469715,3/4/2025,Free,Active,Monday,False,27,15,2,1,0,0,0
3/31/2025,27852032,3/4/2025,Free,Active,Monday,False,27,11,2,4,1,0,1
3/31/2025,28168630,3/5/2025,Free,Active,Monday,False,26,23,2,2,3,0,0
3/31/2025,28569480,3/5/2025,Paid,Active,Monday,False,26,6,5,1,1,0,1
3/31/2025,28608102,3/4/2025,Paid,Active,Monday,False,27,15,4,2,0,0,0
3/31/2025,28947491,3/3/2025,Free,Active,Monday,False,28,9,9,2,0,1,0
3/31/2025,29402937,3/3/2025,Free,Active,Monday,False,28,23,1,0,2,0,0
3/31/2025,29469046,3/6/2025,Free,Active,Monday,False,25,1,1,1,0,0,0
3/31/2025,29659181,3/6/2025,Free,Active,Monday,False,25,30,3,1,1,0,0
3/31/2025,30377112,3/3/2025,Paid,Active,Monday,False,28,3,2,2,0,0,1
3/31/2025,30427864,3/3/2025,Paid,Active,Monday,False,28,6,7,0,1,2,0
3/31/2025,30556865,3/4/2025,Free,Active,Monday,False,27,18,10,1,0,0,0
3/31/2025,31297307,3/4/2025,Paid,Active,Monday,False,27,6,3,2,0,0,0
3/31/2025,32287062,3/4/2025,Free,Active,Monday,False,27,16,1,2,1,2,0
3/31/2025,33834899,3/5/2025,Paid,Active,Monday,False,26,9,10,1,0,0,0
3/31/2025,33910622,3/3/2025,Paid,Active,Monday,False,28,13,2,7,0,0,1
3/31/2025,34330277,3/7/2025,Free,Active,Monday,False,24,10,2,5,0,0,0
3/31/2025,34614777,3/5/2025,Free,Active,Monday,False,26,8,1,3,0,1,0
3/31/2025,34782115,3/4/2025,Free,Active,Monday,False,27,4,8,2,0,1,0
3/31/2025,34889504,3/5/2025,Free,Active,Monday,False,26,8,10,3,1,0,0
3/31/2025,36329183,3/4/2025,Paid,Active,Monday,False,27,13,7,2,2,0,0
3/31/2025,37577338,3/3/2025,Free,Active,Monday,False,28,8,4,1,1,0,0
3/31/2025,38413248,3/7/2025,Free,Active,Monday,False,24,6,10,1,0,0,0
3/31/2025,39114147,3/7/2025,Free,Active,Monday,False,24,18,9,1,0,1,0
3/31/2025,39534512,3/6/2025,Free,Active,Monday,False,25,2,2,1,0,0,0
3/31/2025,39554899,3/4/2025,Free,Active,Monday,False,27,3,2,4,0,0,0
3/31/2025,40070917,3/4/2025,Paid,Active,Monday,False,27,31,2,1,1,0,0
3/31/2025,40071067,3/7/2025,Free,Active,Monday,False,24,6,2,0,0,0,1
3/31/2025,40836783,3/5/2025,Free,Active,Monday,False,26,9,5,1,0,0,0
3/31/2025,42233475,3/5/2025,Free,Active,Monday,False,26,8,9,0,1,0,0
3/31/2025,43009397,3/7/2025,Paid,Active,Monday,False,24,14,4,1,0,0,0
3/31/2025,43564818,3/4/2025,Free,Active,Monday,False,27,11,6,4,1,0,1
3/31/2025,44382081,3/5/2025,Free,Active,Monday,False,26,14,1,0,1,0,0
3/31/2025,44441861,3/6/2025,Free,Active,Monday,False,25,9,1,5,1,0,0
3/31/2025,44549411,3/3/2025,Paid,Active,Monday,False,28,14,18,3,3,1,0
3/31/2025,44814486,3/3/2025,Paid,Active,Monday,False,28,3,2,1,0,0,0
3/31/2025,47269107,3/5/2025,Free,Active,Monday,False,26,4,7,1,0,3,1
3/31/2025,47729983,3/7/2025,Free,Active,Monday,False,24,4,5,1,0,0,0
3/31/2025,48213441,3/5/2025,Free,Active,Monday,False,26,14,1,0,0,0,0
3/31/2025,48924961,3/6/2025,Free,Active,Monday,False,25,30,5,1,1,0,0
3/31/2025,50549387,3/6/2025,Free,Active,Monday,False,25,21,1,0,1,0,0
3/31/2025,51531887,3/5/2025,Paid,Active,Monday,False,26,26,5,0,0,0,1
3/31/2025,52702390,3/4/2025,Free,Active,Monday,False,27,18,6,2,0,1,0
3/31/2025,53588630,3/4/2025,Free,Active,Monday,False,27,2,2,1,0,0,0
3/31/2025,54276839,3/6/2025,Paid,Active,Monday,False,25,20,5,1,1,0,0
3/31/2025,54677898,3/5/2025,Free,Active,Monday,False,26,5,3,4,0,0,1
3/31/2025,55617207,3/6/2025,Free,Active,Monday,False,25,15,8,2,0,2,0
3/31/2025,56195615,3/7/2025,Free,Active,Monday,False,24,8,6,4,0,0,0
3/31/2025,59132781,3/7/2025,Paid,Active,Monday,False,24,5,3,2,1,0,0
3/31/2025,59320316,3/4/2025,Free,Active,Monday,False,27,11,10,3,0,0,0
3/31/2025,59783512,3/5/2025,Paid,Active,Monday,False,26,27,7,1,2,0,1
3/31/2025,60977230,3/4/2025,Free,Active,Monday,False,27,16,10,2,0,0,0
3/31/2025,61356578,3/3/2025,Free,Active,Monday,False,28,11,10,3,1,0,0
3/31/2025,62820168,3/7/2025,Free,Active,Monday,False,24,12,2,3,0,1,0
3/31/2025,63879026,3/6/2025,Paid,Active,Monday,False,25,2,2,3,0,0,0
3/31/2025,64826108,3/4/2025,Paid,Active,Monday,False,27,33,4,1,1,0,0
3/31/2025,64875604,3/6/2025,Free,Active,Monday,False,25,3,7,0,0,0,0
3/31/2025,65164953,3/4/2025,Free,Active,Monday,False,27,12,1,2,0,0,0
3/31/2025,66085019,3/5/2025,Free,Active,Monday,False,26,5,7,2,0,0,0
3/31/2025,67901718,3/7/2025,Paid,Active,Monday,False,24,2,9,1,1,0,0
3/31/2025,68233734,3/3/2025,Free,Active,Monday,False,28,8,4,5,0,0,0
3/31/2025,68955030,3/6/2025,Free,Active,Monday,False,25,2,2,5,0,1,0
3/31/2025,69497858,3/4/2025,Free,Active,Monday,False,27,1,7,0,1,0,0
3/31/2025,70007939,3/4/2025,Free,Active,Monday,False,27,31,4,1,1,0,0
3/31/2025,70853849,3/4/2025,Free,Active,Monday,False,27,5,3,3,0,0,0
3/31/2025,71124136,3/3/2025,Free,Active,Monday,False,28,28,4,1,2,0,0
3/31/2025,71790553,3/4/2025,Paid,Active,Monday,False,27,14,2,0,0,0,1
3/31/2025,72469436,3/3/2025,Free,Active,Monday,False,28,24,1,2,2,0,0
3/31/2025,73128237,3/7/2025,Paid,Active,Monday,False,24,10,3,5,1,0,1
3/31/2025,73567762,3/6/2025,Free,Active,Monday,False,25,3,2,2,0,0,0
3/31/2025,73963079,3/4/2025,Paid,Active,Monday,False,27,23,0,1,7,1,0
3/31/2025,74484152,3/4/2025,Paid,Active,Monday,False,27,15,5,1,0,0,1
3/31/2025,74598602,3/6/2025,Free,Active,Monday,False,25,17,3,1,0,1,0
3/31/2025,76306583,3/6/2025,Free,Active,Monday,False,25,17,10,1,1,0,0
3/31/2025,76587233,3/4/2025,Paid,Active,Monday,False,27,9,1,1,0,0,0
3/31/2025,76671851,3/6/2025,Free,Active,Monday,False,25,4,4,1,0,0,0
3/31/2025,77362777,3/6/2025,Free,Active,Monday,False,25,6,8,1,1,0,0
3/31/2025,77687782,3/3/2025,Free,Active,Monday,False,28,45,2,1,3,0,0
3/31/2025,78432211,3/4/2025,Paid,Active,Monday,False,27,9,4,2,1,0,0
3/31/2025,78514449,3/7/2025,Free,Active,Monday,False,24,93,1,1,7,1,0
3/31/2025,79391007,3/5/2025,Free,Active,Monday,False,26,9,5,1,0,0,0
3/31/2025,79819778,3/7/2025,Free,Active,Monday,False,24,6,3,3,0,0,0
3/31/2025,79854644,3/5/2025,Free,Active,Monday,False,26,5,5,2,0,1,0
3/31/2025,80322173,3/5/2025,Free,Active,Monday,False,26,7,1,5,0,0,0
3/31/2025,80640969,3/5/2025,Free,Active,Monday,False,26,11,5,1,0,1,0
3/31/2025,81058962,3/4/2025,Free,Active,Monday,False,27,4,2,0,1,0,0
3/31/2025,81062415,3/7/2025,Paid,Active,Monday,False,24,10,1,3,1,0,0
3/31/2025,82032780,3/7/2025,Free,Active,Monday,False,24,39,2,1,1,0,0
3/31/2025,83673862,3/3/2025,Free,Active,Monday,False,28,2,2,1,0,0,0
3/31/2025,83753999,3/6/2025,Free,Active,Monday,False,25,3,5,1,0,0,0
3/31/2025,84047697,3/5/2025,Free,Active,Monday,False,26,9,5,4,0,0,0
3/31/2025,86762579,3/5/2025,Paid,Active,Monday,False,26,4,2,5,0,0,1
3/31/2025,89243555,3/4/2025,Free,Active,Monday,False,27,24,2,1,0,0,0
3/31/2025,89505560,3/5/2025,Paid,Active,Monday,False,26,5,3,4,0,0,0
3/31/2025,89669730,3/7/2025,Paid,Active,Monday,False,24,11,1,1,0,0,0
3/31/2025,90053100,3/3/2025,Free,Active,Monday,False,28,11,3,1,0,0,0
3/31/2025,90589301,3/5/2025,Free,Active,Monday,False,26,91,6,3,5,1,0
3/31/2025,92207376,3/7/2025,Paid,Active,Monday,False,24,6,12,1,1,0,1
3/31/2025,92575198,3/4/2025,Free,Active,Monday,False,27,6,2,4,0,0,1
3/31/2025,93721129,3/4/2025,Paid,Active,Monday,False,27,10,3,3,1,0,0
3/31/2025,94491215,3/7/2025,Free,Active,Monday,False,24,6,4,1,1,0,1
3/31/2025,95834438,3/3/2025,Free,Active,Monday,False,28,2,9,1,1,1,0
3/31/2025,95928771,3/5/2025,Paid,Active,Monday,False,26,9,11,0,1,0,1
3/31/2025,96659622,3/3/2025,Free,Active,Monday,False,28,6,5,0,0,0,0
3/31/2025,98245773,3/3/2025,Free,Active,Monday,False,28,6,6,1,0,0,0
4/1/2025,10453161,3/5/2025,Paid,Active,Tuesday,False,27,10,3,1,0,0,1
4/1/2025,10517792,3/6/2025,Free,Active,Tuesday,False,26,5,6,1,0,0,0
4/1/2025,10522638,3/7/2025,Paid,Active,Tuesday,False,25,9,2,0,4,0,0
4/1/2025,11207503,3/3/2025,Paid,Active,Tuesday,False,29,15,5,3,1,0,0
4/1/2025,11495794,3/6/2025,Paid,Active,Tuesday,False,26,19,2,0,0,0,1
4/1/2025,12089369,3/7/2025,Free,Active,Tuesday,False,25,5,8,1,1,0,0
4/1/2025,12839768,3/7/2025,Free,Active,Tuesday,False,25,15,4,4,0,0,0
4/1/2025,14003926,3/3/2025,Free,Active,Tuesday,False,29,9,10,3,2,0,0
4/1/2025,14017653,3/3/2025,Free,Active,Tuesday,False,29,12,4,4,0,0,0
4/1/2025,14209843,3/4/2025,Free,Active,Tuesday,False,28,4,3,2,1,0,1
4/1/2025,14495366,3/5/2025,Free,Active,Tuesday,False,27,4,10,1,0,0,0
4/1/2025,14528458,3/5/2025,Free,Active,Tuesday,False,27,14,2,1,1,0,0
4/1/2025,16323501,3/5/2025,Free,Active,Tuesday,False,27,4,9,2,0,0,0
4/1/2025,16402515,3/7/2025,Free,Active,Tuesday,False,25,8,1,2,0,0,0
4/1/2025,17228968,3/6/2025,Paid,Active,Tuesday,False,26,3,10,0,0,0,0
4/1/2025,17463270,3/3/2025,Free,Active,Tuesday,False,29,29,3,1,0,1,0
4/1/2025,18452244,3/7/2025,Free,Active,Tuesday,False,25,5,1,3,0,0,0
4/1/2025,18580473,3/5/2025,Paid,Active,Tuesday,False,27,12,9,2,0,3,0
4/1/2025,18873581,3/4/2025,Paid,Active,Tuesday,False,28,5,5,0,0,1,0
4/1/2025,18940612,3/7/2025,Free,Active,Tuesday,False,25,44,5,3,3,0,0
4/1/2025,19577042,3/6/2025,Free,Active,Tuesday,False,26,7,5,3,1,0,0
4/1/2025,20119241,3/7/2025,Paid,Active,Tuesday,False,25,11,3,2,1,0,0
4/1/2025,20473587,3/5/2025,Free,Active,Tuesday,False,27,12,1,1,0,0,0
4/1/2025,21245339,3/7/2025,Free,Active,Tuesday,False,25,11,3,2,1,0,0
4/1/2025,21395247,3/3/2025,Paid,Active,Tuesday,False,29,31,1,1,0,0,1
4/1/2025,23272498,3/5/2025,Free,Active,Tuesday,False,27,10,7,1,1,0,0
4/1/2025,23358649,3/5/2025,Free,Active,Tuesday,False,27,4,2,4,0,0,1
4/1/2025,23940170,3/6/2025,Free,Active,Tuesday,False,26,6,10,0,0,0,0
4/1/2025,25761792,3/6/2025,Free,Active,Tuesday,False,26,5,9,1,0,1,0
4/1/2025,25983272,3/4/2025,Free,Active,Tuesday,False,28,8,3,1,0,0,0
4/1/2025,26103384,3/4/2025,Paid,Active,Tuesday,False,28,6,4,4,1,0,0
4/1/2025,27469715,3/4/2025,Free,Active,Tuesday,False,28,8,0,0,0,0,0
4/1/2025,27852032,3/4/2025,Free,Active,Tuesday,False,28,17,6,3,1,0,0
4/1/2025,28032367,3/4/2025,Free,Active,Tuesday,False,28,5,9,1,0,1,0
4/1/2025,28168630,3/5/2025,Free,Active,Tuesday,False,27,32,6,2,4,0,0
4/1/2025,28569480,3/5/2025,Paid,Active,Tuesday,False,27,9,4,2,0,0,1
4/1/2025,28608102,3/4/2025,Paid,Active,Tuesday,False,28,25,3,1,0,0,0
4/1/2025,28947491,3/3/2025,Free,Active,Tuesday,False,29,16,9,1,2,1,0
4/1/2025,29402937,3/3/2025,Free,Active,Tuesday,False,29,19,1,1,3,0,0
4/1/2025,30427864,3/3/2025,Paid,Active,Tuesday,False,29,10,5,2,0,0,0
4/1/2025,30556865,3/4/2025,Free,Active,Tuesday,False,28,16,9,2,1,1,0
4/1/2025,30665172,3/6/2025,Paid,Active,Tuesday,False,26,4,2,1,1,0,2
4/1/2025,31297307,3/4/2025,Paid,Active,Tuesday,False,28,2,12,1,1,0,0
4/1/2025,33834899,3/5/2025,Paid,Active,Tuesday,False,27,4,8,1,0,2,0
4/1/2025,33910622,3/3/2025,Paid,Active,Tuesday,False,29,14,2,7,1,0,0
4/1/2025,34330277,3/7/2025,Free,Active,Tuesday,False,25,11,3,2,0,0,0
4/1/2025,34614777,3/5/2025,Free,Active,Tuesday,False,27,4,4,4,0,0,1
4/1/2025,34782115,3/4/2025,Free,Active,Tuesday,False,28,4,5,0,0,0,0
4/1/2025,34889504,3/5/2025,Free,Active,Tuesday,False,27,5,10,1,0,0,0
4/1/2025,36017834,3/7/2025,Paid,Active,Tuesday,False,25,28,6,2,2,0,0
4/1/2025,36329183,3/4/2025,Paid,Active,Tuesday,False,28,13,8,3,3,1,0
4/1/2025,38413248,3/7/2025,Free,Active,Tuesday,False,25,7,7,0,0,0,0
4/1/2025,39554899,3/4/2025,Free,Active,Tuesday,False,28,4,3,4,0,0,1
4/1/2025,40070917,3/4/2025,Paid,Active,Tuesday,False,28,24,2,1,0,0,0
4/1/2025,40071067,3/7/2025,Free,Active,Tuesday,False,25,2,9,0,0,1,0
4/1/2025,40836783,3/5/2025,Free,Active,Tuesday,False,27,4,6,0,0,1,0
4/1/2025,42233475,3/5/2025,Free,Active,Tuesday,False,27,10,3,2,0,1,0
4/1/2025,44549411,3/3/2025,Paid,Active,Tuesday,False,29,15,8,2,0,1,0
4/1/2025,46347412,3/5/2025,Free,Active,Tuesday,False,27,9,10,2,1,0,0
4/1/2025,47269107,3/5/2025,Free,Active,Tuesday,False,27,12,8,0,0,1,0
4/1/2025,47729983,3/7/2025,Free,Active,Tuesday,False,25,7,6,1,0,0,0
4/1/2025,48213441,3/5/2025,Free,Active,Tuesday,False,27,11,2,1,1,0,0
4/1/2025,48924961,3/6/2025,Free,Active,Tuesday,False,26,42,6,2,2,1,0
4/1/2025,51499006,3/7/2025,Free,Active,Tuesday,False,25,13,9,3,0,1,0
4/1/2025,51531887,3/5/2025,Paid,Active,Tuesday,False,27,46,6,3,2,0,0
4/1/2025,52702390,3/4/2025,Free,Active,Tuesday,False,28,7,9,1,1,1,0
4/1/2025,54276839,3/6/2025,Paid,Active,Tuesday,False,26,33,2,2,4,0,0
4/1/2025,54677898,3/5/2025,Free,Active,Tuesday,False,27,4,5,4,1,0,1
4/1/2025,55617207,3/6/2025,Free,Active,Tuesday,False,26,17,10,2,1,0,0
4/1/2025,56195615,3/7/2025,Free,Active,Tuesday,False,25,15,6,3,0,0,2
4/1/2025,58798972,3/7/2025,Paid,Active,Tuesday,False,25,29,4,1,0,0,0
4/1/2025,58890543,3/6/2025,Free,Active,Tuesday,False,26,11,10,2,0,0,0
4/1/2025,59132781,3/7/2025,Paid,Active,Tuesday,False,25,2,10,2,1,2,0
4/1/2025,59320316,3/4/2025,Free,Active,Tuesday,False,28,13,10,0,3,0,0
4/1/2025,59783512,3/5/2025,Paid,Active,Tuesday,False,27,12,3,3,1,0,0
4/1/2025,60977230,3/4/2025,Free,Active,Tuesday,False,28,7,10,3,0,0,0
4/1/2025,61786206,3/3/2025,Free,Active,Tuesday,False,29,5,1,4,0,0,0
4/1/2025,62820168,3/7/2025,Free,Active,Tuesday,False,25,6,3,3,0,0,2
4/1/2025,63534569,3/7/2025,Paid,Active,Tuesday,False,25,3,7,1,1,0,0
4/1/2025,63585558,3/6/2025,Paid,Active,Tuesday,False,26,5,10,3,0,0,0
4/1/2025,64826108,3/4/2025,Paid,Active,Tuesday,False,28,11,1,2,3,1,0
4/1/2025,64875604,3/6/2025,Free,Active,Tuesday,False,26,9,9,0,0,0,0
4/1/2025,66077920,3/3/2025,Paid,Active,Tuesday,False,29,4,2,3,0,0,0
4/1/2025,66085019,3/5/2025,Free,Active,Tuesday,False,27,8,10,1,0,0,0
4/1/2025,68233734,3/3/2025,Free,Active,Tuesday,False,29,9,5,5,1,1,0
4/1/2025,70007939,3/4/2025,Free,Active,Tuesday,False,28,7,0,2,1,1,0
4/1/2025,70268283,3/4/2025,Free,Active,Tuesday,False,28,10,9,1,0,1,0
4/1/2025,71124136,3/3/2025,Free,Active,Tuesday,False,29,13,3,1,0,0,0
4/1/2025,71790553,3/4/2025,Paid,Active,Tuesday,False,28,26,3,2,1,0,0
4/1/2025,72469436,3/3/2025,Free,Active,Tuesday,False,29,17,3,1,1,1,0
4/1/2025,73128237,3/7/2025,Paid,Active,Tuesday,False,25,13,6,8,1,0,0
4/1/2025,73963079,3/4/2025,Paid,Active,Tuesday,False,28,28,2,0,2,0,0
4/1/2025,74484152,3/4/2025,Paid,Active,Tuesday,False,28,12,15,1,1,1,0
4/1/2025,76023894,3/4/2025,Free,Active,Tuesday,False,28,5,4,1,2,0,0
4/1/2025,76306583,3/6/2025,Free,Active,Tuesday,False,26,6,10,3,0,0,0
4/1/2025,77337890,3/3/2025,Paid,Active,Tuesday,False,29,11,3,2,0,1,0
4/1/2025,77687782,3/3/2025,Free,Active,Tuesday,False,29,38,3,1,3,0,0
4/1/2025,78514449,3/7/2025,Free,Active,Tuesday,False,25,41,6,1,1,1,0
4/1/2025,79391007,3/5/2025,Free,Active,Tuesday,False,27,10,3,1,1,0,1
4/1/2025,79854644,3/5/2025,Free,Active,Tuesday,False,27,13,10,0,0,0,1
4/1/2025,80322173,3/5/2025,Free,Active,Tuesday,False,27,3,3,1,1,0,0
4/1/2025,81058962,3/4/2025,Free,Active,Tuesday,False,28,4,6,0,0,0,0
4/1/2025,81062415,3/7/2025,Paid,Active,Tuesday,False,25,3,4,2,2,0,0
4/1/2025,82032780,3/7/2025,Free,Active,Tuesday,False,25,30,3,3,0,0,0
4/1/2025,82358858,3/5/2025,Free,Active,Tuesday,False,27,3,2,1,1,0,0
4/1/2025,83753999,3/6/2025,Free,Active,Tuesday,False,26,1,3,0,1,0,0
4/1/2025,84047697,3/5/2025,Free,Active,Tuesday,False,27,13,4,5,0,0,0
4/1/2025,86372804,3/3/2025,Paid,Active,Tuesday,False,29,6,6,1,0,0,0
4/1/2025,89281326,3/3/2025,Free,Active,Tuesday,False,29,9,4,1,0,0,0
4/1/2025,89285908,3/4/2025,Free,Active,Tuesday,False,28,3,9,0,0,1,0
4/1/2025,89505560,3/5/2025,Paid,Active,Tuesday,False,27,5,4,4,0,0,0
4/1/2025,90053100,3/3/2025,Free,Active,Tuesday,False,29,10,10,1,0,0,0
4/1/2025,90384679,3/6/2025,Free,Active,Tuesday,False,26,8,9,2,1,0,0
4/1/2025,90589301,3/5/2025,Free,Active,Tuesday,False,27,35,3,3,1,0,0
4/1/2025,92207376,3/7/2025,Paid,Active,Tuesday,False,25,8,9,2,0,1,0
4/1/2025,92575198,3/4/2025,Free,Active,Tuesday,False,28,6,6,4,0,0,1
4/1/2025,93805705,3/4/2025,Free,Active,Tuesday,False,28,4,2,2,2,0,0
4/1/2025,94491215,3/7/2025,Free,Active,Tuesday,False,25,9,8,1,1,2,0
4/1/2025,94796124,3/5/2025,Free,Active,Tuesday,False,27,1,6,1,0,1,0
4/1/2025,95928771,3/5/2025,Paid,Active,Tuesday,False,27,4,8,1,0,0,0
4/1/2025,96659622,3/3/2025,Free,Active,Tuesday,False,29,4,2,2,0,1,0
4/1/2025,98245773,3/3/2025,Free,Active,Tuesday,False,29,6,5,0,0,0,0
4/2/2025,10439750,3/6/2025,Paid,Active,Wednesday,False,27,22,3,1,4,0,0
4/2/2025,10453161,3/5/2025,Paid,Active,Wednesday,False,28,14,2,0,1,0,0
4/2/2025,10522638,3/7/2025,Paid,Active,Wednesday,False,26,9,3,0,1,0,0
4/2/2025,11207503,3/3/2025,Paid,Active,Wednesday,False,30,15,6,1,0,0,1
4/2/2025,11495794,3/6/2025,Paid,Active,Wednesday,False,27,22,6,2,0,0,0
4/2/2025,12089369,3/7/2025,Free,Active,Wednesday,False,26,9,10,0,1,0,0
4/2/2025,14003926,3/3/2025,Free,Active,Wednesday,False,30,13,9,1,1,0,0
4/2/2025,14017653,3/3/2025,Free,Active,Wednesday,False,30,3,1,2,1,1,0
4/2/2025,14209843,3/4/2025,Free,Active,Wednesday,False,29,7,3,5,0,0,0
4/2/2025,14495366,3/5/2025,Free,Active,Wednesday,False,28,3,10,1,0,0,0
4/2/2025,14528458,3/5/2025,Free,Active,Wednesday,False,28,10,2,2,1,1,0
4/2/2025,14851543,3/7/2025,Free,Active,Wednesday,False,26,3,2,5,0,0,0
4/2/2025,16323501,3/5/2025,Free,Active,Wednesday,False,28,8,10,1,2,0,0
4/2/2025,16402515,3/7/2025,Free,Active,Wednesday,False,26,3,3,5,0,0,0
4/2/2025,17228968,3/6/2025,Paid,Active,Wednesday,False,27,5,4,2,0,0,0
4/2/2025,17463270,3/3/2025,Free,Active,Wednesday,False,30,31,3,1,0,0,0
4/2/2025,18452244,3/7/2025,Free,Active,Wednesday,False,26,5,2,3,0,1,1
4/2/2025,18580473,3/5/2025,Paid,Active,Wednesday,False,28,17,11,1,1,0,1
4/2/2025,18940612,3/7/2025,Free,Active,Wednesday,False,26,44,3,2,1,0,1
4/2/2025,19577042,3/6/2025,Free,Active,Wednesday,False,27,9,9,1,0,1,1
4/2/2025,22264388,3/6/2025,Paid,Active,Wednesday,False,27,12,4,3,0,0,0
4/2/2025,23358649,3/5/2025,Free,Active,Wednesday,False,28,3,1,5,0,0,0
4/2/2025,25761792,3/6/2025,Free,Active,Wednesday,False,27,4,4,2,1,1,1
4/2/2025,26103384,3/4/2025,Paid,Active,Wednesday,False,29,7,3,6,0,1,1
4/2/2025,27469715,3/4/2025,Free,Active,Wednesday,False,29,52,2,1,2,0,0
4/2/2025,27852032,3/4/2025,Free,Active,Wednesday,False,29,16,3,5,2,0,0
4/2/2025,28032367,3/4/2025,Free,Active,Wednesday,False,29,4,3,1,0,0,0
4/2/2025,28168630,3/5/2025,Free,Active,Wednesday,False,28,33,6,2,5,0,0
4/2/2025,28500176,3/7/2025,Free,Active,Wednesday,False,26,3,1,2,0,0,0
4/2/2025,28569480,3/5/2025,Paid,Active,Wednesday,False,28,10,4,6,1,1,1
4/2/2025,28947491,3/3/2025,Free,Active,Wednesday,False,30,14,10,2,1,0,1
4/2/2025,29402937,3/3/2025,Free,Active,Wednesday,False,30,13,4,1,1,0,0
4/2/2025,29659181,3/6/2025,Free,Active,Wednesday,False,27,20,4,2,0,0,0
4/2/2025,30377112,3/3/2025,Paid,Active,Wednesday,False,30,7,4,1,0,0,1
4/2/2025,30556865,3/4/2025,Free,Active,Wednesday,False,29,12,8,1,0,2,1
4/2/2025,30665172,3/6/2025,Paid,Active,Wednesday,False,27,5,4,3,1,0,0
4/2/2025,33910622,3/3/2025,Paid,Active,Wednesday,False,30,12,6,5,0,0,0
4/2/2025,34614777,3/5/2025,Free,Active,Wednesday,False,28,4,1,4,0,0,1
4/2/2025,34782115,3/4/2025,Free,Active,Wednesday,False,29,12,5,1,0,0,0
4/2/2025,34889504,3/5/2025,Free,Active,Wednesday,False,28,10,6,1,0,1,0
4/2/2025,36222279,3/5/2025,Free,Active,Wednesday,False,28,8,4,1,0,0,0
4/2/2025,36329183,3/4/2025,Paid,Active,Wednesday,False,29,13,7,2,1,0,0
4/2/2025,36946691,3/6/2025,Paid,Active,Wednesday,False,27,11,3,3,0,0,0
4/2/2025,37577338,3/3/2025,Paid,Active,Wednesday,False,30,23,1,2,1,1,0
4/2/2025,38413248,3/7/2025,Free,Active,Wednesday,False,26,10,8,1,1,2,1
4/2/2025,39114147,3/7/2025,Free,Active,Wednesday,False,26,9,10,2,0,0,0
4/2/2025,39534512,3/6/2025,Free,Active,Wednesday,False,27,4,1,1,0,0,0
4/2/2025,40836783,3/5/2025,Free,Active,Wednesday,False,28,4,8,0,0,2,0
4/2/2025,42233475,3/5/2025,Free,Active,Wednesday,False,28,6,7,0,1,0,0
4/2/2025,43564818,3/4/2025,Free,Active,Wednesday,False,29,14,4,5,2,1,0
4/2/2025,44382081,3/5/2025,Free,Active,Wednesday,False,28,5,0,1,0,0,0
4/2/2025,44441861,3/6/2025,Free,Active,Wednesday,False,27,4,3,3,0,0,0
4/2/2025,44549411,3/3/2025,Paid,Active,Wednesday,False,30,11,8,2,1,0,0
4/2/2025,46768760,3/3/2025,Free,Active,Wednesday,False,30,5,1,4,0,0,1
4/2/2025,47729983,3/7/2025,Free,Active,Wednesday,False,26,2,6,0,0,0,0
4/2/2025,48213441,3/5/2025,Free,Active,Wednesday,False,28,12,1,1,2,0,0
4/2/2025,48924961,3/6/2025,Free,Active,Wednesday,False,27,18,5,2,2,0,0
4/2/2025,51499006,3/7/2025,Free,Active,Wednesday,False,26,18,4,2,0,1,1
4/2/2025,51531887,3/5/2025,Paid,Active,Wednesday,False,28,27,4,0,4,0,2
4/2/2025,52355265,3/4/2025,Free,Active,Wednesday,False,29,14,2,1,0,0,0
4/2/2025,52702390,3/4/2025,Free,Active,Wednesday,False,29,9,5,2,0,0,1
4/2/2025,53226858,3/4/2025,Paid,Active,Wednesday,False,29,6,4,3,0,0,0
4/2/2025,54276839,3/6/2025,Paid,Active,Wednesday,False,27,30,5,1,2,0,0
4/2/2025,54677898,3/5/2025,Free,Active,Wednesday,False,28,10,3,5,1,1,0
4/2/2025,55617207,3/6/2025,Free,Active,Wednesday,False,27,10,9,1,0,1,1
4/2/2025,55796778,3/7/2025,Paid,Active,Wednesday,False,26,29,1,2,3,0,0
4/2/2025,58798972,3/7/2025,Paid,Active,Wednesday,False,26,18,1,2,2,0,0
4/2/2025,58890543,3/6/2025,Free,Active,Wednesday,False,27,16,9,3,0,1,0
4/2/2025,59783512,3/5/2025,Paid,Active,Wednesday,False,28,29,4,0,0,0,0
4/2/2025,60977230,3/4/2025,Free,Active,Wednesday,False,29,10,6,1,1,1,0
4/2/2025,61356578,3/3/2025,Free,Active,Wednesday,False,30,12,10,3,0,0,0
4/2/2025,61786206,3/3/2025,Free,Active,Wednesday,False,30,7,3,5,1,0,0
4/2/2025,62820168,3/7/2025,Free,Active,Wednesday,False,26,3,1,4,0,0,0
4/2/2025,63534569,3/7/2025,Paid,Active,Wednesday,False,26,6,10,1,0,0,0
4/2/2025,63585558,3/6/2025,Paid,Active,Wednesday,False,27,4,7,3,1,1,0
4/2/2025,63823859,3/4/2025,Free,Active,Wednesday,False,29,10,2,2,0,0,0
4/2/2025,64826108,3/4/2025,Paid,Active,Wednesday,False,29,47,6,1,2,0,0
4/2/2025,64875604,3/6/2025,Free,Active,Wednesday,False,27,6,8,1,0,0,0
4/2/2025,65164953,3/4/2025,Free,Active,Wednesday,False,29,4,1,3,0,1,0
4/2/2025,66085019,3/5/2025,Free,Active,Wednesday,False,28,11,10,0,1,0,1
4/2/2025,68233734,3/3/2025,Free,Active,Wednesday,False,30,15,4,2,2,0,0
4/2/2025,69497858,3/4/2025,Free,Active,Wednesday,False,29,3,7,1,0,0,0
4/2/2025,70007939,3/4/2025,Free,Active,Wednesday,False,29,11,4,1,0,0,0
4/2/2025,70268283,3/4/2025,Free,Active,Wednesday,False,29,8,3,1,0,0,0
4/2/2025,71790553,3/4/2025,Paid,Active,Wednesday,False,29,9,1,0,1,0,0
4/2/2025,72469436,3/3/2025,Free,Active,Wednesday,False,30,21,1,2,0,0,0
4/2/2025,73530116,3/3/2025,Paid,Active,Wednesday,False,30,7,0,0,0,0,0
4/2/2025,73963079,3/4/2025,Paid,Active,Wednesday,False,29,19,1,1,0,0,0
4/2/2025,74092029,3/6/2025,Paid,Active,Wednesday,False,27,15,7,2,1,0,0
4/2/2025,74484152,3/4/2025,Paid,Active,Wednesday,False,29,18,16,1,0,1,0
4/2/2025,74598602,3/6/2025,Free,Active,Wednesday,False,27,23,6,1,1,0,0
4/2/2025,76023894,3/4/2025,Free,Active,Wednesday,False,29,4,9,1,0,0,0
4/2/2025,76306583,3/6/2025,Free,Active,Wednesday,False,27,14,8,3,2,2,0
4/2/2025,76587233,3/4/2025,Paid,Active,Wednesday,False,29,28,0,0,3,1,1
4/2/2025,76671851,3/6/2025,Free,Active,Wednesday,False,27,6,1,4,1,1,1
4/2/2025,77362777,3/6/2025,Free,Active,Wednesday,False,27,6,4,1,0,0,0
4/2/2025,77687782,3/3/2025,Free,Active,Wednesday,False,30,27,3,2,2,0,1
4/2/2025,78432211,3/4/2025,Paid,Active,Wednesday,False,29,16,3,1,3,1,0
4/2/2025,78514449,3/7/2025,Free,Active,Wednesday,False,26,15,1,2,3,0,0
4/2/2025,79391007,3/5/2025,Free,Active,Wednesday,False,28,10,4,2,0,0,0
4/2/2025,79854644,3/5/2025,Free,Active,Wednesday,False,28,9,8,1,0,2,0
4/2/2025,80322173,3/5/2025,Free,Active,Wednesday,False,28,10,1,3,0,0,1
4/2/2025,80640969,3/5/2025,Free,Active,Wednesday,False,28,11,7,0,0,0,0
4/2/2025,81062415,3/7/2025,Paid,Active,Wednesday,False,26,5,2,5,0,0,0
4/2/2025,81895947,3/5/2025,Free,Active,Wednesday,False,28,7,2,3,0,0,0
4/2/2025,82032780,3/7/2025,Free,Active,Wednesday,False,26,14,4,1,1,0,0
4/2/2025,83673862,3/3/2025,Free,Active,Wednesday,False,30,5,1,3,1,0,0
4/2/2025,84047697,3/5/2025,Free,Active,Wednesday,False,28,16,3,5,1,1,0
4/2/2025,86372804,3/3/2025,Paid,Active,Wednesday,False,30,6,6,0,0,0,1
4/2/2025,89243555,3/4/2025,Free,Active,Wednesday,False,29,20,2,0,4,0,0
4/2/2025,89281326,3/3/2025,Free,Active,Wednesday,False,30,7,2,1,0,1,0
4/2/2025,89285908,3/4/2025,Free,Active,Wednesday,False,29,11,3,1,1,0,0
4/2/2025,89505560,3/5/2025,Paid,Active,Wednesday,False,28,6,2,6,1,2,0
4/2/2025,89547601,3/5/2025,Free,Active,Wednesday,False,28,5,10,0,1,0,1
4/2/2025,89580457,3/6/2025,Paid,Active,Wednesday,False,27,7,1,0,0,0,0
4/2/2025,89669730,3/7/2025,Paid,Active,Wednesday,False,26,16,4,0,0,0,1
4/2/2025,90053100,3/3/2025,Free,Active,Wednesday,False,30,3,9,0,0,0,0
4/2/2025,90384679,3/6/2025,Free,Active,Wednesday,False,27,11,10,2,0,0,0
4/2/2025,90589301,3/5/2025,Free,Active,Wednesday,False,28,94,6,3,6,0,0
4/2/2025,92207376,3/7/2025,Paid,Active,Wednesday,False,26,6,11,1,0,1,0
4/2/2025,92575198,3/4/2025,Free,Active,Wednesday,False,29,9,6,3,1,0,2
4/2/2025,93805705,3/4/2025,Free,Active,Wednesday,False,29,2,1,5,0,0,0
4/2/2025,94491215,3/7/2025,Free,Active,Wednesday,False,26,7,8,2,1,0,0
4/2/2025,95834438,3/3/2025,Free,Active,Wednesday,False,30,8,10,1,1,0,0
4/2/2025,97515553,3/3/2025,Free,Active,Wednesday,False,30,6,2,1,0,0,0
4/3/2025,10439750,3/6/2025,Paid,Active,Thursday,False,28,12,3,0,0,0,0
4/3/2025,10453161,3/5/2025,Paid,Active,Thursday,False,29,28,1,0,1,0,0
4/3/2025,10522638,3/7/2025,Paid,Active,Thursday,False,27,30,1,1,0,1,0
4/3/2025,11207503,3/3/2025,Paid,Active,Thursday,False,31,44,6,1,1,0,0
4/3/2025,11495794,3/6/2025,Paid,Active,Thursday,False,28,22,4,2,1,0,0
4/3/2025,12839768,3/7/2025,Free,Active,Thursday,False,27,7,2,1,0,0,2
4/3/2025,14003926,3/3/2025,Free,Active,Thursday,False,31,9,10,2,1,0,0
4/3/2025,14017653,3/3/2025,Free,Active,Thursday,False,31,4,1,1,0,0,1
4/3/2025,14209843,3/4/2025,Free,Active,Thursday,False,30,7,4,3,0,0,0
4/3/2025,14528458,3/5/2025,Free,Active,Thursday,False,29,7,4,1,0,1,0
4/3/2025,15647148,3/6/2025,Free,Active,Thursday,False,28,22,2,0,3,0,0
4/3/2025,16175009,3/5/2025,Free,Active,Thursday,False,29,2,4,0,0,0,0
4/3/2025,16402515,3/7/2025,Free,Active,Thursday,False,27,6,2,2,0,0,0
4/3/2025,17463270,3/3/2025,Free,Active,Thursday,False,31,8,2,1,0,0,0
4/3/2025,17983248,3/4/2025,Paid,Active,Thursday,False,30,6,6,1,1,1,0
4/3/2025,18580473,3/5/2025,Paid,Active,Thursday,False,29,17,5,2,0,0,0
4/3/2025,18873581,3/4/2025,Paid,Active,Thursday,False,30,1,3,0,0,0,0
4/3/2025,18940612,3/7/2025,Free,Active,Thursday,False,27,37,5,2,4,0,1
4/3/2025,19577042,3/6/2025,Free,Active,Thursday,False,28,6,10,1,0,0,1
4/3/2025,20119241,3/7/2025,Paid,Active,Thursday,False,27,6,1,3,0,0,0
4/3/2025,20473587,3/5/2025,Free,Active,Thursday,False,29,15,3,1,3,0,0
4/3/2025,21395247,3/3/2025,Paid,Active,Thursday,False,31,27,1,2,1,1,0
4/3/2025,22264388,3/6/2025,Paid,Active,Thursday,False,28,11,4,4,1,0,0
4/3/2025,23272498,3/5/2025,Free,Active,Thursday,False,29,6,9,0,0,1,0
4/3/2025,23358649,3/5/2025,Free,Active,Thursday,False,29,6,3,0,0,0,1
4/3/2025,23940170,3/6/2025,Free,Active,Thursday,False,28,5,8,1,0,2,0
4/3/2025,24627496,3/7/2025,Paid,Active,Thursday,False,27,11,1,0,2,1,0
4/3/2025,25761792,3/6/2025,Free,Active,Thursday,False,28,7,6,0,0,0,0
4/3/2025,28168630,3/5/2025,Free,Active,Thursday,False,29,23,3,1,1,0,0
4/3/2025,28500176,3/7/2025,Free,Active,Thursday,False,27,1,2,1,0,0,0
4/3/2025,28569480,3/5/2025,Paid,Active,Thursday,False,29,11,3,5,0,1,4
4/3/2025,28608102,3/4/2025,Paid,Active,Thursday,False,30,10,4,2,0,0,0
4/3/2025,28947491,3/3/2025,Free,Active,Thursday,False,31,6,10,1,0,0,0
4/3/2025,29402937,3/3/2025,Free,Active,Thursday,False,31,23,2,0,0,0,0
4/3/2025,29659181,3/6/2025,Free,Active,Thursday,False,28,31,4,1,2,0,0
4/3/2025,30377112,3/3/2025,Paid,Active,Thursday,False,31,2,1,6,1,0,0
4/3/2025,30665172,3/6/2025,Paid,Active,Thursday,False,28,5,2,6,0,0,0
4/3/2025,32287062,3/4/2025,Free,Active,Thursday,False,30,10,3,1,0,0,0
4/3/2025,33834899,3/5/2025,Paid,Active,Thursday,False,29,7,8,2,0,0,0
4/3/2025,33910622,3/3/2025,Paid,Active,Thursday,False,31,5,1,5,1,1,1
4/3/2025,34330277,3/7/2025,Free,Active,Thursday,False,27,7,4,3,0,0,0
4/3/2025,34782115,3/4/2025,Free,Active,Thursday,False,30,9,10,1,1,0,0
4/3/2025,34889504,3/5/2025,Free,Active,Thursday,False,29,9,9,3,1,1,0
4/3/2025,36017834,3/7/2025,Paid,Active,Thursday,False,27,45,3,1,1,0,0
4/3/2025,36329183,3/4/2025,Paid,Active,Thursday,False,30,5,14,2,1,0,0
4/3/2025,36946691,3/6/2025,Paid,Active,Thursday,False,28,3,3,3,0,1,0
4/3/2025,37577338,3/3/2025,Paid,Active,Thursday,False,31,23,4,1,1,0,0
4/3/2025,38413248,3/7/2025,Free,Active,Thursday,False,27,8,6,0,0,1,0
4/3/2025,39114147,3/7/2025,Free,Active,Thursday,False,27,10,8,2,1,2,0
4/3/2025,40070917,3/4/2025,Paid,Active,Thursday,False,30,20,2,2,0,0,0
4/3/2025,40071067,3/7/2025,Free,Active,Thursday,False,27,5,3,0,1,1,0
4/3/2025,44441861,3/6/2025,Free,Active,Thursday,False,28,4,3,3,0,0,0
4/3/2025,44549411,3/3/2025,Paid,Active,Thursday,False,31,13,12,1,0,0,0
4/3/2025,46347412,3/5/2025,Free,Active,Thursday,False,29,5,5,0,1,0,0
4/3/2025,46768760,3/3/2025,Free,Active,Thursday,False,31,2,5,3,0,0,0
4/3/2025,47729983,3/7/2025,Free,Active,Thursday,False,27,2,6,0,0,0,0
4/3/2025,48924961,3/6/2025,Free,Active,Thursday,False,28,34,5,3,1,0,0
4/3/2025,51499006,3/7/2025,Free,Active,Thursday,False,27,16,9,1,0,0,0
4/3/2025,51531887,3/5/2025,Paid,Active,Thursday,False,29,15,6,2,0,0,0
4/3/2025,53226858,3/4/2025,Paid,Active,Thursday,False,30,9,2,1,0,0,1
4/3/2025,55617207,3/6/2025,Free,Active,Thursday,False,28,11,8,2,0,2,0
4/3/2025,55796778,3/7/2025,Paid,Active,Thursday,False,27,18,1,1,2,0,0
4/3/2025,57850647,3/3/2025,Paid,Active,Thursday,False,31,25,3,2,1,0,0
4/3/2025,58798972,3/7/2025,Paid,Active,Thursday,False,27,23,2,2,2,0,0
4/3/2025,58890543,3/6/2025,Free,Active,Thursday,False,28,17,9,1,0,1,0
4/3/2025,59132781,3/7/2025,Paid,Active,Thursday,False,27,7,10,0,1,0,0
4/3/2025,59320316,3/4/2025,Free,Active,Thursday,False,30,15,9,1,0,1,0
4/3/2025,60977230,3/4/2025,Free,Active,Thursday,False,30,8,7,1,1,0,0
4/3/2025,61356578,3/3/2025,Free,Active,Thursday,False,31,7,10,1,0,0,0
4/3/2025,61786206,3/3/2025,Free,Active,Thursday,False,31,11,2,2,0,0,1
4/3/2025,65164953,3/4/2025,Free,Active,Thursday,False,30,7,2,3,0,0,1
4/3/2025,66077920,3/3/2025,Paid,Active,Thursday,False,31,2,2,2,0,0,0
4/3/2025,67901718,3/7/2025,Paid,Active,Thursday,False,27,4,11,1,2,1,0
4/3/2025,68233734,3/3/2025,Free,Active,Thursday,False,31,6,2,2,1,0,3
4/3/2025,68378705,3/6/2025,Free,Active,Thursday,False,28,6,6,0,0,1,0
4/3/2025,68805871,3/6/2025,Free,Active,Thursday,False,28,3,2,1,2,0,0
4/3/2025,70007939,3/4/2025,Free,Active,Thursday,False,30,24,3,2,1,1,0
4/3/2025,70853849,3/4/2025,Free,Active,Thursday,False,30,3,3,3,0,0,0
4/3/2025,71124136,3/3/2025,Free,Active,Thursday,False,31,8,4,1,0,0,0
4/3/2025,71790553,3/4/2025,Paid,Active,Thursday,False,30,12,1,1,1,0,0
4/3/2025,73128237,3/7/2025,Paid,Active,Thursday,False,27,15,3,3,1,0,0
4/3/2025,73963079,3/4/2025,Paid,Active,Thursday,False,30,30,4,2,0,0,0
4/3/2025,74092029,3/6/2025,Paid,Active,Thursday,False,28,10,5,6,0,0,0
4/3/2025,74598602,3/6/2025,Free,Active,Thursday,False,28,91,7,2,5,0,1
4/3/2025,76023894,3/4/2025,Free,Active,Thursday,False,30,6,6,2,0,1,0
4/3/2025,76306583,3/6/2025,Free,Active,Thursday,False,28,10,9,3,0,1,0
4/3/2025,76587233,3/4/2025,Paid,Active,Thursday,False,30,15,1,1,1,0,0
4/3/2025,76671851,3/6/2025,Free,Active,Thursday,False,28,9,1,3,0,0,1
4/3/2025,77337890,3/3/2025,Paid,Active,Thursday,False,31,12,3,3,0,0,0
4/3/2025,77362777,3/6/2025,Free,Active,Thursday,False,28,5,5,2,1,0,0
4/3/2025,77687782,3/3/2025,Free,Active,Thursday,False,31,35,3,1,5,1,0
4/3/2025,78432211,3/4/2025,Paid,Active,Thursday,False,30,10,1,2,2,0,0
4/3/2025,78514449,3/7/2025,Free,Active,Thursday,False,27,42,5,0,0,0,1
4/3/2025,79391007,3/5/2025,Free,Active,Thursday,False,29,9,9,1,0,1,0
4/3/2025,79854644,3/5/2025,Free,Active,Thursday,False,29,10,6,1,1,0,0
4/3/2025,80322173,3/5/2025,Free,Active,Thursday,False,29,2,3,5,0,0,0
4/3/2025,81062415,3/7/2025,Paid,Active,Thursday,False,27,10,2,3,0,2,0
4/3/2025,82032780,3/7/2025,Free,Active,Thursday,False,27,93,4,2,7,0,0
4/3/2025,82358858,3/5/2025,Free,Active,Thursday,False,29,3,1,5,1,0,0
4/3/2025,84047697,3/5/2025,Free,Active,Thursday,False,29,11,2,5,0,0,0
4/3/2025,85292675,3/3/2025,Free,Active,Thursday,False,31,2,2,1,0,0,0
4/3/2025,86762579,3/5/2025,Paid,Active,Thursday,False,29,11,2,2,0,0,0
4/3/2025,89243555,3/4/2025,Free,Active,Thursday,False,30,30,3,2,2,0,0
4/3/2025,89281326,3/3/2025,Free,Active,Thursday,False,31,3,10,2,1,0,0
4/3/2025,89505560,3/5/2025,Paid,Active,Thursday,False,29,9,2,3,0,0,0
4/3/2025,89580457,3/6/2025,Paid,Active,Thursday,False,28,12,0,0,0,0,0
4/3/2025,90053100,3/3/2025,Free,Active,Thursday,False,31,7,10,1,3,0,0
4/3/2025,90384679,3/6/2025,Free,Active,Thursday,False,28,7,10,0,0,0,0
4/3/2025,90589301,3/5/2025,Free,Active,Thursday,False,29,41,7,0,0,0,0
4/3/2025,91286478,3/7/2025,Free,Active,Thursday,False,27,8,1,1,1,0,0
4/3/2025,92207376,3/7/2025,Paid,Active,Thursday,False,27,10,5,1,2,0,0
4/3/2025,92575198,3/4/2025,Free,Active,Thursday,False,30,5,3,5,0,0,0
4/3/2025,93721129,3/4/2025,Paid,Active,Thursday,False,30,10,2,5,0,0,0
4/3/2025,93805705,3/4/2025,Free,Active,Thursday,False,30,3,1,1,0,0,1
4/3/2025,94491215,3/7/2025,Free,Active,Thursday,False,27,6,6,1,0,0,0
4/3/2025,95834438,3/3/2025,Free,Active,Thursday,False,31,6,10,1,2,0,0
4/3/2025,97515553,3/3/2025,Free,Active,Thursday,False,31,12,2,2,0,0,1
4/4/2025,10439750,3/6/2025,Paid,Active,Friday,False,29,22,2,2,1,1,0
4/4/2025,10453161,3/5/2025,Paid,Active,Friday,False,30,11,3,2,2,0,0
4/4/2025,10517792,3/6/2025,Free,Active,Friday,False,29,7,5,0,0,0,0
4/4/2025,11207503,3/3/2025,Paid,Active,Friday,False,32,24,2,2,3,0,1
4/4/2025,11495794,3/6/2025,Paid,Active,Friday,False,29,13,4,1,0,0,0
4/4/2025,13602493,3/5/2025,Free,Active,Friday,False,30,6,2,0,2,0,0
4/4/2025,14003926,3/3/2025,Free,Active,Friday,False,32,17,9,1,1,1,2
4/4/2025,14017653,3/3/2025,Free,Active,Friday,False,32,10,2,3,0,0,0
4/4/2025,14209843,3/4/2025,Free,Active,Friday,False,31,7,3,3,1,1,0
4/4/2025,14495366,3/5/2025,Free,Active,Friday,False,30,9,6,1,1,1,0
4/4/2025,14851543,3/7/2025,Free,Active,Friday,False,28,7,2,5,0,0,0
4/4/2025,15647148,3/6/2025,Free,Active,Friday,False,29,25,2,0,0,0,0
4/4/2025,16175009,3/5/2025,Free,Active,Friday,False,30,2,7,0,0,0,0
4/4/2025,16402515,3/7/2025,Free,Active,Friday,False,28,5,1,4,0,0,0
4/4/2025,17463270,3/3/2025,Free,Active,Friday,False,32,15,3,2,1,0,0
4/4/2025,17983248,3/4/2025,Paid,Active,Friday,False,31,9,8,1,0,1,0
4/4/2025,18580473,3/5/2025,Paid,Active,Friday,False,30,13,12,3,0,1,0
4/4/2025,18873581,3/4/2025,Paid,Active,Friday,False,31,5,2,0,0,0,0
4/4/2025,18940612,3/7/2025,Free,Active,Friday,False,28,22,3,1,1,1,0
4/4/2025,19577042,3/6/2025,Free,Active,Friday,False,29,12,10,2,1,0,0
4/4/2025,20119241,3/7/2025,Paid,Active,Friday,False,28,10,4,4,1,0,1
4/4/2025,21395247,3/3/2025,Paid,Active,Friday,False,32,27,4,2,0,0,0
4/4/2025,22264388,3/6/2025,Paid,Active,Friday,False,29,8,1,5,0,0,0
4/4/2025,23272498,3/5/2025,Free,Active,Friday,False,30,6,8,1,1,2,0
4/4/2025,23358649,3/5/2025,Free,Active,Friday,False,30,5,1,2,0,0,0
4/4/2025,24627496,3/7/2025,Paid,Active,Friday,False,28,7,0,1,1,0,0
4/4/2025,25761792,3/6/2025,Free,Active,Friday,False,29,6,10,3,0,0,0
4/4/2025,25983272,3/4/2025,Free,Active,Friday,False,31,4,4,1,0,0,0
4/4/2025,26103384,3/4/2025,Paid,Active,Friday,False,31,8,5,9,0,0,0
4/4/2025,27469715,3/4/2025,Free,Active,Friday,False,31,16,2,0,0,0,0
4/4/2025,27852032,3/4/2025,Free,Active,Friday,False,31,9,3,1,0,1,1
4/4/2025,28032367,3/4/2025,Free,Active,Friday,False,31,9,5,1,1,0,0
4/4/2025,28569480,3/5/2025,Paid,Active,Friday,False,30,17,4,6,0,0,0
4/4/2025,28947491,3/3/2025,Free,Active,Friday,False,32,12,7,2,2,3,0
4/4/2025,29402937,3/3/2025,Free,Active,Friday,False,32,16,4,1,3,0,0
4/4/2025,29469046,3/6/2025,Free,Active,Friday,False,29,6,1,1,0,0,0
4/4/2025,29659181,3/6/2025,Free,Active,Friday,False,29,8,4,2,2,0,0
4/4/2025,30556865,3/4/2025,Free,Active,Friday,False,31,13,5,3,0,2,0
4/4/2025,30665172,3/6/2025,Paid,Active,Friday,False,29,5,2,6,0,0,0
4/4/2025,31297307,3/4/2025,Paid,Active,Friday,False,31,10,12,1,0,0,0
4/4/2025,32287062,3/4/2025,Free,Active,Friday,False,31,14,2,0,1,0,0
4/4/2025,34330277,3/7/2025,Free,Active,Friday,False,28,11,4,2,0,0,0
4/4/2025,34782115,3/4/2025,Free,Active,Friday,False,31,7,8,2,0,0,0
4/4/2025,34889504,3/5/2025,Free,Active,Friday,False,30,17,10,3,1,0,0
4/4/2025,36017834,3/7/2025,Paid,Active,Friday,False,28,27,1,1,2,0,0
4/4/2025,36222279,3/5/2025,Paid,Active,Friday,False,30,8,1,3,0,0,0
4/4/2025,37577338,3/3/2025,Paid,Active,Friday,False,32,20,1,1,1,0,0
4/4/2025,38413248,3/7/2025,Free,Active,Friday,False,28,9,6,1,0,0,0
4/4/2025,39114147,3/7/2025,Free,Active,Friday,False,28,10,9,1,0,1,0
4/4/2025,39554899,3/4/2025,Free,Active,Friday,False,31,12,3,5,0,1,0
4/4/2025,40070917,3/4/2025,Paid,Active,Friday,False,31,15,2,2,0,0,0
4/4/2025,40071067,3/7/2025,Free,Active,Friday,False,28,5,5,1,0,0,0
4/4/2025,40836783,3/5/2025,Free,Active,Friday,False,30,8,8,2,1,0,0
4/4/2025,43564818,3/4/2025,Free,Active,Friday,False,31,7,4,5,0,1,0
4/4/2025,46347412,3/5/2025,Free,Active,Friday,False,30,10,8,1,1,2,0
4/4/2025,46768760,3/3/2025,Free,Active,Friday,False,32,6,1,3,0,0,0
4/4/2025,47729983,3/7/2025,Free,Active,Friday,False,28,2,9,0,0,1,0
4/4/2025,48213441,3/5/2025,Free,Active,Friday,False,30,5,2,1,0,0,0
4/4/2025,48924961,3/6/2025,Free,Active,Friday,False,29,20,4,1,0,0,0
4/4/2025,51531887,3/5/2025,Paid,Active,Friday,False,30,24,6,0,1,0,1
4/4/2025,53226858,3/4/2025,Paid,Active,Friday,False,31,10,4,2,0,0,1
4/4/2025,54276839,3/6/2025,Paid,Active,Friday,False,29,35,3,2,0,0,1
4/4/2025,54677898,3/5/2025,Free,Active,Friday,False,30,11,2,5,1,0,0
4/4/2025,56195615,3/7/2025,Free,Active,Friday,False,28,4,3,3,0,0,0
4/4/2025,58798972,3/7/2025,Paid,Active,Friday,False,28,20,4,0,0,0,0
4/4/2025,58890543,3/6/2025,Free,Active,Friday,False,29,4,10,1,0,0,0
4/4/2025,59132781,3/7/2025,Paid,Active,Friday,False,28,10,11,2,1,0,0
4/4/2025,59783512,3/5/2025,Paid,Active,Friday,False,30,15,7,3,1,0,0
4/4/2025,60977230,3/4/2025,Free,Active,Friday,False,31,7,9,3,0,1,0
4/4/2025,61356578,3/3/2025,Free,Active,Friday,False,32,8,10,1,1,0,0
4/4/2025,62820168,3/7/2025,Free,Active,Friday,False,28,6,2,2,0,0,1
4/4/2025,63534569,3/7/2025,Paid,Active,Friday,False,28,5,7,1,1,1,0
4/4/2025,63585558,3/6/2025,Paid,Active,Friday,False,29,6,8,1,0,0,0
4/4/2025,64826108,3/4/2025,Paid,Active,Friday,False,31,35,3,2,4,0,0
4/4/2025,64875604,3/6/2025,Free,Active,Friday,False,29,3,10,2,1,0,0
4/4/2025,66077920,3/3/2025,Paid,Active,Friday,False,32,3,2,1,0,0,0
4/4/2025,66085019,3/5/2025,Free,Active,Friday,False,30,6,10,3,0,0,0
4/4/2025,67901718,3/7/2025,Paid,Active,Friday,False,28,10,6,0,0,0,0
4/4/2025,68233734,3/3/2025,Free,Active,Friday,False,32,12,6,5,1,0,0
4/4/2025,68378705,3/6/2025,Free,Active,Friday,False,29,5,2,1,0,0,0
4/4/2025,68955030,3/6/2025,Free,Active,Friday,False,29,2,0,4,0,0,1
4/4/2025,69497858,3/4/2025,Free,Active,Friday,False,31,4,4,0,0,0,0
4/4/2025,70007939,3/4/2025,Free,Active,Friday,False,31,14,2,2,0,0,0
4/4/2025,70268283,3/4/2025,Free,Active,Friday,False,31,8,7,2,0,0,0
4/4/2025,72469436,3/3/2025,Free,Active,Friday,False,32,14,1,2,0,0,0
4/4/2025,73128237,3/7/2025,Paid,Active,Friday,False,28,11,5,2,1,1,0
4/4/2025,73963079,3/4/2025,Paid,Active,Friday,False,31,10,4,0,2,0,0
4/4/2025,74484152,3/4/2025,Paid,Active,Friday,False,31,6,14,1,0,5,0
4/4/2025,74598602,3/6/2025,Free,Active,Friday,False,29,35,3,2,1,0,0
4/4/2025,76023894,3/4/2025,Free,Active,Friday,False,31,4,10,2,0,0,0
4/4/2025,76306583,3/6/2025,Free,Active,Friday,False,29,13,4,1,0,0,1
4/4/2025,76587233,3/4/2025,Paid,Active,Friday,False,31,25,5,1,2,0,0
4/4/2025,76671851,3/6/2025,Free,Active,Friday,False,29,9,4,4,2,0,1
4/4/2025,77337890,3/3/2025,Paid,Active,Friday,False,32,10,3,3,1,1,0
4/4/2025,77362777,3/6/2025,Free,Active,Friday,False,29,5,8,1,0,2,0
4/4/2025,77687782,3/3/2025,Free,Active,Friday,False,32,12,5,2,0,0,0
4/4/2025,78432211,3/4/2025,Paid,Active,Friday,False,31,12,3,2,0,0,0
4/4/2025,78514449,3/7/2025,Free,Active,Friday,False,28,21,6,3,0,0,0
4/4/2025,79391007,3/5/2025,Free,Active,Friday,False,30,6,10,2,0,0,0
4/4/2025,79854644,3/5/2025,Free,Active,Friday,False,30,7,8,3,0,2,0
4/4/2025,81062415,3/7/2025,Paid,Active,Friday,False,28,7,1,2,1,0,1
4/4/2025,81895947,3/5/2025,Free,Active,Friday,False,30,8,1,5,1,0,0
4/4/2025,82358858,3/5/2025,Free,Active,Friday,False,30,9,1,4,1,0,1
4/4/2025,83673862,3/3/2025,Free,Active,Friday,False,32,4,2,1,0,0,0
4/4/2025,84047697,3/5/2025,Free,Active,Friday,False,30,12,2,2,2,0,1
4/4/2025,86372804,3/3/2025,Paid,Active,Friday,False,32,8,4,1,0,0,0
4/4/2025,86762579,3/5/2025,Paid,Active,Friday,False,30,7,4,4,0,0,0
4/4/2025,89243555,3/4/2025,Free,Active,Friday,False,31,11,0,2,2,1,0
4/4/2025,89505560,3/5/2025,Paid,Active,Friday,False,30,6,2,1,1,0,1
4/4/2025,89547601,3/5/2025,Free,Active,Friday,False,30,4,9,1,1,1,1
4/4/2025,89580457,3/6/2025,Paid,Active,Friday,False,29,15,1,0,0,0,0
4/4/2025,89669730,3/7/2025,Paid,Active,Friday,False,28,27,2,1,2,0,0
4/4/2025,92575198,3/4/2025,Free,Active,Friday,False,31,7,5,5,2,1,0
4/4/2025,93721129,3/4/2025,Paid,Active,Friday,False,31,8,1,4,0,0,1
4/4/2025,93805705,3/4/2025,Free,Active,Friday,False,31,7,2,3,0,0,0
4/4/2025,94491215,3/7/2025,Free,Active,Friday,False,28,17,7,2,0,1,1
4/4/2025,94796124,3/5/2025,Free,Active,Friday,False,30,4,3,0,1,0,0
4/4/2025,95834438,3/3/2025,Free,Active,Friday,False,32,7,5,2,0,0,0
4/4/2025,95928771,3/5/2025,Paid,Active,Friday,False,30,7,6,1,1,0,0
4/4/2025,96659622,3/3/2025,Free,Active,Friday,False,32,7,4,1,0,0,0
4/5/2025,10439750,3/6/2025,Paid,Active,Saturday,True,30,16,2,2,3,0,0
4/5/2025,10453161,3/5/2025,Paid,Active,Saturday,True,31,8,3,0,0,0,0
4/5/2025,10517792,3/6/2025,Free,Active,Saturday,True,30,4,6,1,1,0,0
4/5/2025,10522638,3/7/2025,Paid,Active,Saturday,True,29,18,1,2,1,0,0
4/5/2025,11207503,3/3/2025,Paid,Active,Saturday,True,33,34,6,3,5,0,0
4/5/2025,11495794,3/6/2025,Paid,Active,Saturday,True,30,36,6,3,2,0,0
4/5/2025,12089369,3/7/2025,Free,Active,Saturday,True,29,5,7,1,0,1,0
4/5/2025,12839768,3/7/2025,Free,Active,Saturday,True,29,6,7,4,0,0,1
4/5/2025,14003926,3/3/2025,Free,Active,Saturday,True,33,6,10,1,1,0,0
4/5/2025,14017653,3/3/2025,Free,Active,Saturday,True,33,9,4,4,0,0,1
4/5/2025,14209843,3/4/2025,Paid,Active,Saturday,True,32,6,2,5,0,1,1
4/5/2025,14495366,3/5/2025,Free,Active,Saturday,True,31,6,5,2,1,0,0
4/5/2025,14528458,3/5/2025,Free,Active,Saturday,True,31,15,3,1,2,0,0
4/5/2025,14851543,3/7/2025,Free,Active,Saturday,True,29,6,2,4,0,0,1
4/5/2025,15647148,3/6/2025,Free,Active,Saturday,True,30,25,1,1,1,0,0
4/5/2025,16175009,3/5/2025,Free,Active,Saturday,True,31,3,5,0,0,0,0
4/5/2025,16402515,3/7/2025,Free,Active,Saturday,True,29,4,4,4,0,0,0
4/5/2025,17228968,3/6/2025,Paid,Active,Saturday,True,30,3,4,0,0,0,0
4/5/2025,17983248,3/4/2025,Paid,Active,Saturday,True,32,10,6,1,1,1,0
4/5/2025,18580473,3/5/2025,Paid,Active,Saturday,True,31,8,18,2,1,1,0
4/5/2025,18940612,3/7/2025,Free,Active,Saturday,True,29,18,4,1,2,0,0
4/5/2025,19577042,3/6/2025,Free,Active,Saturday,True,30,18,9,0,0,1,1
4/5/2025,20119241,3/7/2025,Paid,Active,Saturday,True,29,3,1,5,0,0,0
4/5/2025,20473587,3/5/2025,Free,Active,Saturday,True,31,23,4,0,1,0,0
4/5/2025,22264388,3/6/2025,Paid,Active,Saturday,True,30,3,2,4,0,0,0
4/5/2025,23272498,3/5/2025,Free,Active,Saturday,True,31,6,5,1,0,1,0
4/5/2025,23940170,3/6/2025,Free,Active,Saturday,True,30,3,10,2,0,0,0
4/5/2025,24627496,3/7/2025,Paid,Active,Saturday,True,29,8,0,1,0,0,0
4/5/2025,25761792,3/6/2025,Free,Active,Saturday,True,30,8,9,3,1,1,0
4/5/2025,25983272,3/4/2025,Free,Active,Saturday,True,32,5,4,4,1,0,0
4/5/2025,26103384,3/4/2025,Paid,Active,Saturday,True,32,11,2,2,0,0,0
4/5/2025,27852032,3/4/2025,Free,Active,Saturday,True,32,15,5,3,2,0,0
4/5/2025,28032367,3/4/2025,Paid,Active,Saturday,True,32,7,11,0,1,0,0
4/5/2025,28168630,3/5/2025,Free,Active,Saturday,True,31,19,7,1,2,0,1
4/5/2025,28500176,3/7/2025,Free,Active,Saturday,True,29,0,1,1,2,0,2
4/5/2025,28569480,3/5/2025,Paid,Active,Saturday,True,31,6,3,5,0,0,0
4/5/2025,28608102,3/4/2025,Paid,Active,Saturday,True,32,13,2,0,0,1,0
4/5/2025,28947491,3/3/2025,Free,Active,Saturday,True,33,5,9,3,0,0,0
4/5/2025,29402937,3/3/2025,Free,Active,Saturday,True,33,21,1,0,1,0,0
4/5/2025,29659181,3/6/2025,Free,Active,Saturday,True,30,51,2,2,6,0,0
4/5/2025,30556865,3/4/2025,Free,Active,Saturday,True,32,13,9,1,0,1,0
4/5/2025,30665172,3/6/2025,Paid,Active,Saturday,True,30,3,2,2,0,0,0
4/5/2025,31297307,3/4/2025,Paid,Active,Saturday,True,32,5,9,1,1,0,0
4/5/2025,32287062,3/4/2025,Free,Active,Saturday,True,32,22,3,0,0,0,0
4/5/2025,33834899,3/5/2025,Paid,Active,Saturday,True,31,8,4,2,1,0,0
4/5/2025,33910622,3/3/2025,Paid,Active,Saturday,True,33,5,2,6,0,0,0
4/5/2025,34330277,3/7/2025,Free,Active,Saturday,True,29,6,2,1,0,0,0
4/5/2025,34614777,3/5/2025,Free,Active,Saturday,True,31,9,1,2,1,0,3
4/5/2025,34782115,3/4/2025,Free,Active,Saturday,True,32,6,9,0,0,1,0
4/5/2025,34889504,3/5/2025,Free,Active,Saturday,True,31,14,10,2,2,0,0
4/5/2025,36017834,3/7/2025,Paid,Active,Saturday,True,29,24,4,2,1,0,0
4/5/2025,36222279,3/5/2025,Paid,Active,Saturday,True,31,8,1,6,2,1,0
4/5/2025,36329183,3/4/2025,Paid,Active,Saturday,True,32,9,6,1,0,1,0
4/5/2025,36946691,3/6/2025,Paid,Active,Saturday,True,30,5,3,6,0,1,0
4/5/2025,37577338,3/3/2025,Paid,Active,Saturday,True,33,20,4,1,0,0,0
4/5/2025,38413248,3/7/2025,Free,Active,Saturday,True,29,7,8,0,2,0,0
4/5/2025,39114147,3/7/2025,Free,Active,Saturday,True,29,15,8,1,0,2,0
4/5/2025,39554899,3/4/2025,Free,Active,Saturday,True,32,4,2,5,0,0,0
4/5/2025,40071067,3/7/2025,Free,Active,Saturday,True,29,6,3,0,0,0,0
4/5/2025,40836783,3/5/2025,Free,Active,Saturday,True,31,8,10,0,1,0,0
4/5/2025,43564818,3/4/2025,Free,Active,Saturday,True,32,15,3,5,0,0,0
4/5/2025,44441861,3/6/2025,Free,Active,Saturday,True,30,3,3,3,0,0,0
4/5/2025,44549411,3/3/2025,Paid,Active,Saturday,True,33,9,11,2,1,2,0
4/5/2025,46347412,3/5/2025,Free,Active,Saturday,True,31,3,7,1,0,1,0
4/5/2025,46768760,3/3/2025,Free,Active,Saturday,True,33,7,3,5,1,0,0
4/5/2025,48924961,3/6/2025,Free,Active,Saturday,True,30,18,1,1,1,1,0
4/5/2025,51499006,3/7/2025,Free,Active,Saturday,True,29,17,10,3,0,0,0
4/5/2025,51531887,3/5/2025,Paid,Active,Saturday,True,31,31,3,3,1,0,0
4/5/2025,52607867,3/5/2025,Paid,Active,Saturday,True,31,5,6,0,0,0,0
4/5/2025,54276839,3/6/2025,Paid,Active,Saturday,True,30,33,2,0,0,0,0
4/5/2025,54677898,3/5/2025,Free,Active,Saturday,True,31,9,1,2,1,0,0
4/5/2025,55617207,3/6/2025,Free,Active,Saturday,True,30,10,7,3,1,0,0
4/5/2025,55796778,3/7/2025,Paid,Active,Saturday,True,29,16,1,2,0,0,0
4/5/2025,56195615,3/7/2025,Free,Active,Saturday,True,29,15,3,4,0,0,1
4/5/2025,57850647,3/3/2025,Paid,Active,Saturday,True,33,18,2,2,2,0,0
4/5/2025,58798972,3/7/2025,Paid,Active,Saturday,True,29,12,4,1,0,0,0
4/5/2025,58890543,3/6/2025,Free,Active,Saturday,True,30,4,9,2,0,0,1
4/5/2025,59132781,3/7/2025,Paid,Cancelled,Saturday,True,29,3,9,2,1,0,0
4/5/2025,59320316,3/4/2025,Free,Active,Saturday,True,32,17,9,0,1,1,1
4/5/2025,59783512,3/5/2025,Paid,Active,Saturday,True,31,32,2,2,1,0,0
4/5/2025,60977230,3/4/2025,Free,Active,Saturday,True,32,15,10,3,2,0,0
4/5/2025,61356578,3/3/2025,Free,Active,Saturday,True,33,8,9,0,0,1,0
4/5/2025,61786206,3/3/2025,Free,Active,Saturday,True,33,11,4,4,1,0,1
4/5/2025,63534569,3/7/2025,Paid,Active,Saturday,True,29,8,8,1,2,1,0
4/5/2025,63585558,3/6/2025,Paid,Active,Saturday,True,30,5,5,1,1,1,0
4/5/2025,64826108,3/4/2025,Paid,Active,Saturday,True,32,28,6,3,1,0,0
4/5/2025,65164953,3/4/2025,Free,Active,Saturday,True,32,8,2,2,1,0,0
4/5/2025,66077920,3/3/2025,Paid,Active,Saturday,True,33,2,1,3,0,0,0
4/5/2025,66085019,3/5/2025,Free,Active,Saturday,True,31,9,10,2,1,0,0
4/5/2025,67901718,3/7/2025,Paid,Active,Saturday,True,29,4,7,0,0,1,1
4/5/2025,68233734,3/3/2025,Free,Active,Saturday,True,33,13,3,2,0,0,0
4/5/2025,68805871,3/6/2025,Free,Active,Saturday,True,30,1,6,1,0,0,0
4/5/2025,69497858,3/4/2025,Free,Active,Saturday,True,32,4,4,0,1,1,0
4/5/2025,70007939,3/4/2025,Free,Active,Saturday,True,32,25,2,1,2,0,0
4/5/2025,70268283,3/4/2025,Free,Active,Saturday,True,32,5,9,2,0,0,0
4/5/2025,70853849,3/4/2025,Free,Active,Saturday,True,32,10,3,4,0,0,1
4/5/2025,71124136,3/3/2025,Free,Active,Saturday,True,33,23,2,1,2,0,0
4/5/2025,71790553,3/4/2025,Paid,Active,Saturday,True,32,7,2,1,1,1,0
4/5/2025,72469436,3/3/2025,Free,Active,Saturday,True,33,12,3,0,0,1,0
4/5/2025,73530116,3/3/2025,Paid,Active,Saturday,True,33,17,2,0,1,0,0
4/5/2025,73567762,3/6/2025,Free,Active,Saturday,True,30,4,2,3,1,0,0
4/5/2025,73963079,3/4/2025,Paid,Active,Saturday,True,32,25,1,1,2,0,0
4/5/2025,74092029,3/6/2025,Paid,Active,Saturday,True,30,10,5,3,1,2,0
4/5/2025,74484152,3/4/2025,Paid,Active,Saturday,True,32,15,13,1,0,3,1
4/5/2025,74598602,3/6/2025,Free,Active,Saturday,True,30,27,4,1,2,1,1
4/5/2025,76023894,3/4/2025,Free,Active,Saturday,True,32,9,9,0,0,1,0
4/5/2025,76306583,3/6/2025,Free,Active,Saturday,True,30,5,10,1,0,0,0
4/5/2025,76587233,3/4/2025,Paid,Active,Saturday,True,32,20,1,1,0,0,0
4/5/2025,77337890,3/3/2025,Paid,Active,Saturday,True,33,4,4,2,0,0,2
4/5/2025,77362777,3/6/2025,Free,Active,Saturday,True,30,4,9,1,1,1,0
4/5/2025,77687782,3/3/2025,Free,Active,Saturday,True,33,24,3,2,2,0,1
4/5/2025,78432211,3/4/2025,Paid,Active,Saturday,True,32,7,4,2,1,0,0
4/5/2025,79391007,3/5/2025,Free,Active,Saturday,True,31,9,3,2,0,0,0
4/5/2025,79819778,3/7/2025,Free,Active,Saturday,True,29,4,3,2,1,0,0
4/5/2025,79854644,3/5/2025,Free,Active,Saturday,True,31,12,9,1,0,1,0
4/5/2025,80322173,3/5/2025,Free,Active,Saturday,True,31,10,3,5,0,1,0
4/5/2025,80640969,3/5/2025,Free,Active,Saturday,True,31,6,7,1,1,0,1
4/5/2025,81062415,3/7/2025,Paid,Active,Saturday,True,29,9,0,5,0,1,0
4/5/2025,81895947,3/5/2025,Free,Active,Saturday,True,31,3,4,5,2,0,0
4/5/2025,82032780,3/7/2025,Free,Active,Saturday,True,29,28,4,2,0,0,0
4/5/2025,84047697,3/5/2025,Free,Active,Saturday,True,31,16,3,4,1,0,1
4/5/2025,86372804,3/3/2025,Paid,Active,Saturday,True,33,9,8,0,0,0,0
4/5/2025,86762579,3/5/2025,Paid,Active,Saturday,True,31,4,4,5,1,0,0
4/5/2025,89243555,3/4/2025,Free,Active,Saturday,True,32,13,1,1,1,0,0
4/5/2025,89281326,3/3/2025,Free,Active,Saturday,True,33,9,5,1,0,0,0
4/5/2025,89505560,3/5/2025,Paid,Active,Saturday,True,31,3,1,4,1,0,1
4/5/2025,89547601,3/5/2025,Free,Active,Saturday,True,31,3,8,1,0,2,0
4/5/2025,90053100,3/3/2025,Free,Active,Saturday,True,33,6,7,2,0,0,0
4/5/2025,90384679,3/6/2025,Free,Active,Saturday,True,30,5,5,1,0,1,0
4/5/2025,90589301,3/5/2025,Free,Active,Saturday,True,31,94,3,2,6,1,0
4/5/2025,91286478,3/7/2025,Free,Active,Saturday,True,29,6,1,0,2,0,0
4/5/2025,92575198,3/4/2025,Free,Active,Saturday,True,32,9,5,4,0,0,0
4/5/2025,93721129,3/4/2025,Paid,Active,Saturday,True,32,7,4,0,0,0,1
4/5/2025,94491215,3/7/2025,Free,Active,Saturday,True,29,14,5,1,0,0,0
4/5/2025,95834438,3/3/2025,Free,Active,Saturday,True,33,7,7,1,2,0,0
4/5/2025,96659622,3/3/2025,Free,Active,Saturday,True,33,6,10,1,0,0,0
4/5/2025,97515553,3/3/2025,Free,Active,Saturday,True,33,4,3,3,1,0,0
4/6/2025,10213838,3/4/2025,Free,Active,Sunday,True,33,1,5,0,1,0,0
4/6/2025,10439750,3/6/2025,Paid,Active,Sunday,True,31,28,1,1,3,0,0
4/6/2025,10453161,3/5/2025,Paid,Active,Sunday,True,32,13,2,2,1,0,0
4/6/2025,10517792,3/6/2025,Free,Active,Sunday,True,31,6,10,1,1,0,0
4/6/2025,11207503,3/3/2025,Paid,Active,Sunday,True,34,35,5,1,2,0,0
4/6/2025,11495794,3/6/2025,Paid,Active,Sunday,True,31,36,5,1,4,0,0
4/6/2025,12089369,3/7/2025,Free,Active,Sunday,True,30,8,3,0,3,0,1
4/6/2025,12839768,3/7/2025,Free,Active,Sunday,True,30,13,1,5,1,0,0
4/6/2025,14003926,3/3/2025,Free,Active,Sunday,True,34,11,8,1,1,0,0
4/6/2025,14017653,3/3/2025,Free,Active,Sunday,True,34,10,4,4,0,0,1
4/6/2025,14209843,3/4/2025,Paid,Active,Sunday,True,33,8,2,4,0,0,0
4/6/2025,14495366,3/5/2025,Free,Active,Sunday,True,32,11,2,0,0,1,0
4/6/2025,14851543,3/7/2025,Free,Active,Sunday,True,30,5,5,2,0,0,0
4/6/2025,15647148,3/6/2025,Free,Active,Sunday,True,31,20,1,1,1,0,0
4/6/2025,16323501,3/5/2025,Free,Active,Sunday,True,32,4,3,1,0,0,0
4/6/2025,16402515,3/7/2025,Free,Active,Sunday,True,30,3,4,4,0,0,0
4/6/2025,17228968,3/6/2025,Paid,Active,Sunday,True,31,7,3,0,2,1,1
4/6/2025,17463270,3/3/2025,Free,Active,Sunday,True,34,28,2,1,2,0,0
4/6/2025,18580473,3/5/2025,Paid,Active,Sunday,True,32,9,12,0,1,0,0
4/6/2025,18940612,3/7/2025,Free,Active,Sunday,True,30,35,6,1,2,0,1
4/6/2025,19577042,3/6/2025,Free,Active,Sunday,True,31,4,10,1,1,0,1
4/6/2025,20119241,3/7/2025,Paid,Active,Sunday,True,30,8,4,5,0,0,0
4/6/2025,20473587,3/5/2025,Free,Active,Sunday,True,32,9,2,2,1,0,0
4/6/2025,21395247,3/3/2025,Paid,Active,Sunday,True,34,10,4,1,0,0,0
4/6/2025,22264388,3/6/2025,Paid,Active,Sunday,True,31,3,2,4,0,0,0
4/6/2025,23272498,3/5/2025,Free,Active,Sunday,True,32,6,9,1,0,1,0
4/6/2025,23358649,3/5/2025,Free,Active,Sunday,True,32,8,3,5,2,0,0
4/6/2025,23940170,3/6/2025,Free,Active,Sunday,True,31,5,5,1,3,0,0
4/6/2025,25761792,3/6/2025,Free,Active,Sunday,True,31,14,8,1,0,0,0
4/6/2025,25983272,3/4/2025,Free,Active,Sunday,True,33,10,1,3,0,1,0
4/6/2025,26103384,3/4/2025,Paid,Active,Sunday,True,33,9,6,3,0,1,0
4/6/2025,27852032,3/4/2025,Free,Active,Sunday,True,33,5,5,5,1,0,0
4/6/2025,28032367,3/4/2025,Paid,Active,Sunday,True,33,3,9,1,0,1,0
4/6/2025,28168630,3/5/2025,Free,Active,Sunday,True,32,34,4,3,3,0,0
4/6/2025,28500176,3/7/2025,Free,Active,Sunday,True,30,6,1,3,0,0,0
4/6/2025,28569480,3/5/2025,Paid,Active,Sunday,True,32,16,5,8,0,0,1
4/6/2025,28947491,3/3/2025,Free,Active,Sunday,True,34,5,10,2,1,0,0
4/6/2025,29402937,3/3/2025,Free,Active,Sunday,True,34,26,3,0,0,0,0
4/6/2025,29469046,3/6/2025,Free,Active,Sunday,True,31,4,1,2,0,0,0
4/6/2025,29659181,3/6/2025,Free,Active,Sunday,True,31,17,4,1,2,0,0
4/6/2025,31297307,3/4/2025,Paid,Active,Sunday,True,33,7,11,0,0,1,0
4/6/2025,32287062,3/4/2025,Free,Active,Sunday,True,33,74,2,1,1,0,0
4/6/2025,33834899,3/5/2025,Paid,Active,Sunday,True,32,7,7,1,0,0,0
4/6/2025,33910622,3/3/2025,Paid,Active,Sunday,True,34,13,5,6,0,0,0
4/6/2025,34330277,3/7/2025,Free,Active,Sunday,True,30,3,4,2,0,0,1
4/6/2025,34782115,3/4/2025,Free,Active,Sunday,True,33,3,10,1,0,0,0
4/6/2025,34889504,3/5/2025,Free,Active,Sunday,True,32,14,9,3,1,0,0
4/6/2025,36017834,3/7/2025,Paid,Active,Sunday,True,30,42,6,2,2,0,0
4/6/2025,36222279,3/5/2025,Paid,Active,Sunday,True,32,4,3,1,0,0,1
4/6/2025,36329183,3/4/2025,Paid,Active,Sunday,True,33,16,13,3,1,1,0
4/6/2025,38413248,3/7/2025,Free,Active,Sunday,True,30,11,4,0,1,0,1
4/6/2025,39114147,3/7/2025,Free,Active,Sunday,True,30,7,6,1,1,1,0
4/6/2025,39554899,3/4/2025,Free,Active,Sunday,True,33,9,5,5,0,0,0
4/6/2025,40070917,3/4/2025,Paid,Active,Sunday,True,33,24,4,2,0,0,0
4/6/2025,43564818,3/4/2025,Free,Active,Sunday,True,33,15,2,5,1,0,0
4/6/2025,44441861,3/6/2025,Free,Active,Sunday,True,31,9,4,4,2,0,1
4/6/2025,44549411,3/3/2025,Paid,Active,Sunday,True,34,6,19,1,1,0,0
4/6/2025,44814486,3/3/2025,Paid,Active,Sunday,True,34,4,6,0,0,1,1
4/6/2025,46347412,3/5/2025,Free,Active,Sunday,True,32,3,9,0,0,1,0
4/6/2025,46768760,3/3/2025,Free,Active,Sunday,True,34,3,4,2,0,0,0
4/6/2025,48924961,3/6/2025,Free,Active,Sunday,True,31,38,5,2,1,0,0
4/6/2025,51499006,3/7/2025,Free,Active,Sunday,True,30,5,10,1,0,0,1
4/6/2025,51531887,3/5/2025,Paid,Active,Sunday,True,32,18,4,2,1,0,0
4/6/2025,52607867,3/5/2025,Paid,Active,Sunday,True,32,4,2,0,0,0,0
4/6/2025,53226858,3/4/2025,Paid,Active,Sunday,True,33,7,4,3,1,0,0
4/6/2025,54276839,3/6/2025,Paid,Active,Sunday,True,31,36,5,0,0,0,0
4/6/2025,54677898,3/5/2025,Free,Active,Sunday,True,32,9,3,3,0,1,1
4/6/2025,55617207,3/6/2025,Free,Active,Sunday,True,31,6,7,3,1,0,0
4/6/2025,55796778,3/7/2025,Paid,Active,Sunday,True,30,13,4,1,3,0,0
4/6/2025,56195615,3/7/2025,Free,Active,Sunday,True,30,13,2,3,0,0,0
4/6/2025,57850647,3/3/2025,Paid,Active,Sunday,True,34,13,4,2,1,0,0
4/6/2025,58890543,3/6/2025,Free,Active,Sunday,True,31,4,6,1,2,0,1
4/6/2025,59320316,3/4/2025,Free,Active,Sunday,True,33,10,6,2,1,0,0
4/6/2025,59783512,3/5/2025,Paid,Active,Sunday,True,32,17,1,1,3,1,0
4/6/2025,60977230,3/4/2025,Free,Active,Sunday,True,33,13,8,1,0,2,0
4/6/2025,61356578,3/3/2025,Free,Active,Sunday,True,34,12,9,2,1,0,1
4/6/2025,61786206,3/3/2025,Free,Active,Sunday,True,34,5,2,3,1,0,0
4/6/2025,63534569,3/7/2025,Paid,Active,Sunday,True,30,7,3,2,1,0,0
4/6/2025,63585558,3/6/2025,Paid,Active,Sunday,True,31,16,16,2,0,1,1
4/6/2025,64826108,3/4/2025,Paid,Active,Sunday,True,33,43,2,2,6,0,0
4/6/2025,64875604,3/6/2025,Free,Active,Sunday,True,31,9,10,1,2,0,0
4/6/2025,65164953,3/4/2025,Free,Active,Sunday,True,33,8,2,3,0,0,0
4/6/2025,66077920,3/3/2025,Paid,Active,Sunday,True,34,3,1,3,1,0,0
4/6/2025,66085019,3/5/2025,Free,Active,Sunday,True,32,12,10,1,0,0,0
4/6/2025,67901718,3/7/2025,Paid,Active,Sunday,True,30,4,9,2,0,0,0
4/6/2025,68233734,3/3/2025,Free,Active,Sunday,True,34,8,6,5,1,0,0
4/6/2025,68805871,3/6/2025,Free,Active,Sunday,True,31,6,3,1,1,0,0
4/6/2025,70007939,3/4/2025,Free,Active,Sunday,True,33,13,2,2,1,0,0
4/6/2025,70268283,3/4/2025,Free,Active,Sunday,True,33,10,10,1,0,0,0
4/6/2025,70853849,3/4/2025,Free,Active,Sunday,True,33,10,3,5,1,0,0
4/6/2025,71124136,3/3/2025,Free,Active,Sunday,True,34,11,1,0,1,0,0
4/6/2025,72469436,3/3/2025,Free,Active,Sunday,True,34,29,4,1,3,0,1
4/6/2025,73128237,3/7/2025,Paid,Active,Sunday,True,30,13,2,2,0,0,0
4/6/2025,73530116,3/3/2025,Paid,Active,Sunday,True,34,17,0,0,1,0,0
4/6/2025,73963079,3/4/2025,Paid,Active,Sunday,True,33,30,1,1,1,0,0
4/6/2025,74062340,3/5/2025,Free,Active,Sunday,True,32,6,2,1,0,0,0
4/6/2025,74092029,3/6/2025,Paid,Active,Sunday,True,31,8,5,8,0,0,1
4/6/2025,74484152,3/4/2025,Paid,Active,Sunday,True,33,11,11,1,1,0,0
4/6/2025,74598602,3/6/2025,Free,Active,Sunday,True,31,16,3,1,2,0,0
4/6/2025,76023894,3/4/2025,Free,Active,Sunday,True,33,8,5,1,0,1,0
4/6/2025,76306583,3/6/2025,Free,Active,Sunday,True,31,11,4,1,0,0,0
4/6/2025,76587233,3/4/2025,Paid,Active,Sunday,True,33,20,2,1,2,0,0
4/6/2025,77337890,3/3/2025,Paid,Active,Sunday,True,34,8,3,5,0,0,0
4/6/2025,77362777,3/6/2025,Free,Active,Sunday,True,31,2,7,1,0,0,0
4/6/2025,77687782,3/3/2025,Free,Active,Sunday,True,34,12,2,1,0,0,0
4/6/2025,78432211,3/4/2025,Paid,Active,Sunday,True,33,26,1,2,2,0,0
4/6/2025,78514449,3/7/2025,Free,Active,Sunday,True,30,25,5,1,2,1,0
4/6/2025,79854644,3/5/2025,Free,Active,Sunday,True,32,10,10,1,1,0,0
4/6/2025,80322173,3/5/2025,Free,Active,Sunday,True,32,6,1,5,0,0,0
4/6/2025,80640969,3/5/2025,Free,Active,Sunday,True,32,12,4,1,0,0,0
4/6/2025,81062415,3/7/2025,Paid,Active,Sunday,True,30,5,3,2,0,0,0
4/6/2025,81895947,3/5/2025,Free,Active,Sunday,True,32,8,1,4,1,0,0
4/6/2025,82032780,3/7/2025,Free,Active,Sunday,True,30,81,6,2,6,0,0
4/6/2025,82358858,3/5/2025,Free,Active,Sunday,True,32,4,1,2,0,0,0
4/6/2025,83673862,3/3/2025,Free,Active,Sunday,True,34,5,1,1,0,0,0
4/6/2025,83753999,3/6/2025,Free,Active,Sunday,True,31,3,3,1,0,0,0
4/6/2025,84047697,3/5/2025,Free,Active,Sunday,True,32,9,5,4,0,0,1
4/6/2025,85292675,3/3/2025,Free,Active,Sunday,True,34,6,3,1,1,0,0
4/6/2025,86372804,3/3/2025,Paid,Active,Sunday,True,34,9,10,1,0,1,0
4/6/2025,86762579,3/5/2025,Paid,Active,Sunday,True,32,3,4,4,0,0,1
4/6/2025,89243555,3/4/2025,Free,Active,Sunday,True,33,6,1,1,2,0,0
4/6/2025,89281326,3/3/2025,Free,Active,Sunday,True,34,11,10,1,0,0,0
4/6/2025,89505560,3/5/2025,Paid,Active,Sunday,True,32,5,3,4,1,0,0
4/6/2025,89547601,3/5/2025,Free,Active,Sunday,True,32,8,10,2,0,0,0
4/6/2025,89580457,3/6/2025,Paid,Active,Sunday,True,31,4,0,0,1,0,0
4/6/2025,89669730,3/7/2025,Paid,Active,Sunday,True,30,22,3,2,2,0,0
4/6/2025,90053100,3/3/2025,Free,Active,Sunday,True,34,9,6,1,0,0,0
4/6/2025,90384679,3/6/2025,Free,Active,Sunday,True,31,15,9,0,1,0,1
4/6/2025,90589301,3/5/2025,Free,Active,Sunday,True,32,30,6,3,1,0,0
4/6/2025,92207376,3/7/2025,Paid,Active,Sunday,True,30,5,4,1,2,1,0
4/6/2025,92575198,3/4/2025,Free,Active,Sunday,True,33,17,4,1,1,1,1
4/6/2025,94491215,3/7/2025,Free,Active,Sunday,True,30,10,10,2,0,0,1
4/6/2025,95834438,3/3/2025,Free,Active,Sunday,True,34,5,5,1,0,1,0
4/6/2025,95928771,3/5/2025,Paid,Active,Sunday,True,32,3,11,1,0,0,0
4/6/2025,96659622,3/3/2025,Free,Active,Sunday,True,34,7,9,1,3,1,0
4/6/2025,97515553,3/3/2025,Free,Active,Sunday,True,34,12,4,0,0,0,1
4/7/2025,10439750,3/6/2025,Paid,Active,Monday,False,32,28,4,1,4,0,1
4/7/2025,11207503,3/3/2025,Paid,Active,Monday,False,35,29,2,1,3,0,0
4/7/2025,12089369,3/7/2025,Free,Active,Monday,False,31,9,5,0,2,0,0
4/7/2025,12839768,3/7/2025,Free,Active,Monday,False,31,6,3,3,1,0,2
4/7/2025,13602493,3/5/2025,Free,Active,Monday,False,33,4,2,1,0,0,0
4/7/2025,14003926,3/3/2025,Free,Active,Monday,False,35,7,10,1,0,0,1
4/7/2025,14017653,3/3/2025,Free,Active,Monday,False,35,4,2,5,0,0,0
4/7/2025,14209843,3/4/2025,Paid,Active,Monday,False,34,3,3,2,0,0,1
4/7/2025,14495366,3/5/2025,Free,Active,Monday,False,33,3,10,2,0,0,0
4/7/2025,14528458,3/5/2025,Free,Active,Monday,False,33,85,1,2,2,0,0
4/7/2025,15647148,3/6/2025,Free,Active,Monday,False,32,60,2,0,6,0,2
4/7/2025,16323501,3/5/2025,Free,Active,Monday,False,33,4,9,1,1,1,0
4/7/2025,16402515,3/7/2025,Free,Active,Monday,False,31,6,4,5,0,0,0
4/7/2025,17228968,3/6/2025,Paid,Active,Monday,False,32,8,3,1,0,0,0
4/7/2025,17983248,3/4/2025,Paid,Active,Monday,False,34,4,4,0,0,0,0
4/7/2025,18580473,3/5/2025,Paid,Active,Monday,False,33,13,16,2,0,2,0
4/7/2025,18940612,3/7/2025,Free,Active,Monday,False,31,12,6,1,1,0,0
4/7/2025,19577042,3/6/2025,Free,Active,Monday,False,32,7,6,1,1,0,0
4/7/2025,20119241,3/7/2025,Paid,Active,Monday,False,31,9,2,5,0,1,0
4/7/2025,20473587,3/5/2025,Free,Active,Monday,False,33,89,3,1,7,0,0
4/7/2025,22264388,3/6/2025,Paid,Active,Monday,False,32,6,2,6,0,1,0
4/7/2025,23272498,3/5/2025,Free,Active,Monday,False,33,9,5,1,0,0,0
4/7/2025,23358649,3/5/2025,Free,Active,Monday,False,33,9,3,5,2,0,0
4/7/2025,23940170,3/6/2025,Free,Active,Monday,False,32,3,10,1,1,0,0
4/7/2025,24627496,3/7/2025,Paid,Active,Monday,False,31,7,2,1,0,0,0
4/7/2025,25761792,3/6/2025,Free,Active,Monday,False,32,9,10,1,0,0,1
4/7/2025,26103384,3/4/2025,Paid,Active,Monday,False,34,7,6,6,1,1,0
4/7/2025,27852032,3/4/2025,Free,Active,Monday,False,34,17,7,1,0,0,1
4/7/2025,28168630,3/5/2025,Free,Active,Monday,False,33,38,6,2,2,0,0
4/7/2025,28569480,3/5/2025,Paid,Active,Monday,False,33,18,6,8,0,0,1
4/7/2025,28608102,3/4/2025,Paid,Active,Monday,False,34,21,1,2,5,0,0
4/7/2025,28947491,3/3/2025,Free,Active,Monday,False,35,13,10,1,1,0,1
4/7/2025,29402937,3/3/2025,Free,Active,Monday,False,35,11,1,2,3,0,0
4/7/2025,30665172,3/6/2025,Paid,Active,Monday,False,32,6,4,2,0,0,0
4/7/2025,31297307,3/4/2025,Paid,Active,Monday,False,34,6,8,2,0,1,0
4/7/2025,32287062,3/4/2025,Free,Active,Monday,False,34,26,2,2,4,0,0
4/7/2025,33834899,3/5/2025,Paid,Active,Monday,False,33,10,8,0,1,0,0
4/7/2025,34782115,3/4/2025,Free,Active,Monday,False,34,4,7,1,0,0,0
4/7/2025,34889504,3/5/2025,Free,Active,Monday,False,33,18,9,3,0,1,0
4/7/2025,36017834,3/7/2025,Paid,Active,Monday,False,31,14,3,2,1,2,0
4/7/2025,36329183,3/4/2025,Paid,Active,Monday,False,34,16,10,3,0,0,0
4/7/2025,36946691,3/6/2025,Paid,Active,Monday,False,32,5,3,3,0,0,0
4/7/2025,39114147,3/7/2025,Free,Active,Monday,False,31,11,8,3,0,2,0
4/7/2025,39534512,3/6/2025,Free,Active,Monday,False,32,4,2,5,0,0,0
4/7/2025,39554899,3/4/2025,Free,Active,Monday,False,34,11,1,1,0,0,1
4/7/2025,40070917,3/4/2025,Paid,Active,Monday,False,34,13,2,1,0,0,0
4/7/2025,43564818,3/4/2025,Free,Active,Monday,False,34,10,3,5,1,0,0
4/7/2025,44382081,3/5/2025,Free,Active,Monday,False,33,50,1,1,7,0,0
4/7/2025,44549411,3/3/2025,Paid,Active,Monday,False,35,10,5,1,0,0,1
4/7/2025,46347412,3/5/2025,Free,Active,Monday,False,33,11,8,0,0,2,0
4/7/2025,47729983,3/7/2025,Free,Active,Monday,False,31,6,7,1,0,0,0
4/7/2025,48924961,3/6/2025,Free,Active,Monday,False,32,25,7,1,2,0,0
4/7/2025,51499006,3/7/2025,Free,Active,Monday,False,31,9,10,0,0,0,0
4/7/2025,52355265,3/4/2025,Free,Active,Monday,False,34,38,1,1,4,0,0
4/7/2025,52607867,3/5/2025,Paid,Active,Monday,False,33,6,2,1,0,1,0
4/7/2025,53226858,3/4/2025,Paid,Active,Monday,False,34,4,4,4,1,0,0
4/7/2025,54276839,3/6/2025,Paid,Active,Monday,False,32,32,3,2,1,0,0
4/7/2025,54677898,3/5/2025,Free,Active,Monday,False,33,11,1,5,0,0,0
4/7/2025,56195615,3/7/2025,Free,Active,Monday,False,31,11,6,3,1,1,0
4/7/2025,57850647,3/3/2025,Paid,Active,Monday,False,35,7,2,1,1,0,0
4/7/2025,58798972,3/7/2025,Paid,Active,Monday,False,31,28,1,2,2,1,0
4/7/2025,58890543,3/6/2025,Free,Active,Monday,False,32,4,10,2,0,0,0
4/7/2025,59320316,3/4/2025,Free,Active,Monday,False,34,10,4,2,0,1,0
4/7/2025,59783512,3/5/2025,Paid,Active,Monday,False,33,15,5,2,0,1,0
4/7/2025,60977230,3/4/2025,Paid,Active,Monday,False,34,7,4,2,0,0,0
4/7/2025,61356578,3/3/2025,Free,Active,Monday,False,35,8,10,2,0,0,0
4/7/2025,63534569,3/7/2025,Paid,Active,Monday,False,31,4,3,0,0,0,0
4/7/2025,63585558,3/6/2025,Paid,Active,Monday,False,32,14,16,2,2,0,0
4/7/2025,64826108,3/4/2025,Paid,Active,Monday,False,34,20,3,2,0,0,1
4/7/2025,65164953,3/4/2025,Free,Active,Monday,False,34,12,1,3,0,0,0
4/7/2025,66085019,3/5/2025,Free,Active,Monday,False,33,9,8,2,1,1,0
4/7/2025,68233734,3/3/2025,Free,Active,Monday,False,35,14,5,5,1,0,0
4/7/2025,68955030,3/6/2025,Free,Active,Monday,False,32,4,2,2,1,0,0
4/7/2025,70007939,3/4/2025,Free,Active,Monday,False,34,27,2,2,2,0,0
4/7/2025,70268283,3/4/2025,Free,Active,Monday,False,34,5,3,2,1,1,0
4/7/2025,71124136,3/3/2025,Free,Active,Monday,False,35,16,4,1,2,0,0
4/7/2025,72469436,3/3/2025,Free,Active,Monday,False,35,93,4,1,3,0,1
4/7/2025,73128237,3/7/2025,Paid,Active,Monday,False,31,13,7,9,1,0,0
4/7/2025,73963079,3/4/2025,Paid,Active,Monday,False,34,10,4,2,1,0,0
4/7/2025,74092029,3/6/2025,Paid,Active,Monday,False,32,11,2,2,0,0,0
4/7/2025,74484152,3/4/2025,Paid,Active,Monday,False,34,13,15,3,1,2,0
4/7/2025,74598602,3/6/2025,Free,Active,Monday,False,32,39,6,1,5,0,0
4/7/2025,76023894,3/4/2025,Free,Active,Monday,False,34,12,10,2,0,0,0
4/7/2025,76306583,3/6/2025,Free,Active,Monday,False,32,7,9,2,0,1,1
4/7/2025,76587233,3/4/2025,Paid,Active,Monday,False,34,10,3,0,1,1,0
4/7/2025,76671851,3/6/2025,Free,Active,Monday,False,32,10,1,5,0,0,0
4/7/2025,77362777,3/6/2025,Free,Active,Monday,False,32,8,10,2,1,0,0
4/7/2025,77687782,3/3/2025,Free,Active,Monday,False,35,20,6,1,2,0,0
4/7/2025,78432211,3/4/2025,Paid,Active,Monday,False,34,12,1,2,0,0,0
4/7/2025,78514449,3/7/2025,Free,Active,Monday,False,31,64,5,1,2,0,0
4/7/2025,79391007,3/5/2025,Free,Active,Monday,False,33,9,8,1,1,0,0
4/7/2025,79819778,3/7/2025,Free,Active,Monday,False,31,3,3,3,0,0,0
4/7/2025,79854644,3/5/2025,Free,Active,Monday,False,33,8,9,1,0,1,0
4/7/2025,81062415,3/7/2025,Paid,Active,Monday,False,31,4,3,1,1,0,0
4/7/2025,81895947,3/5/2025,Free,Active,Monday,False,33,5,3,2,0,0,2
4/7/2025,82032780,3/7/2025,Free,Active,Monday,False,31,28,5,1,0,1,0
4/7/2025,82358858,3/5/2025,Free,Active,Monday,False,33,9,4,2,1,0,0
4/7/2025,83753999,3/6/2025,Free,Active,Monday,False,32,5,4,0,1,0,0
4/7/2025,84047697,3/5/2025,Free,Active,Monday,False,33,6,5,5,0,0,0
4/7/2025,86372804,3/3/2025,Paid,Active,Monday,False,35,4,11,1,2,1,0
4/7/2025,89243555,3/4/2025,Free,Active,Monday,False,34,11,3,2,0,0,0
4/7/2025,89505560,3/5/2025,Paid,Active,Monday,False,33,9,3,4,1,1,0
4/7/2025,89580457,3/6/2025,Paid,Active,Monday,False,32,14,0,0,1,1,0
4/7/2025,89669730,3/7/2025,Paid,Active,Monday,False,31,17,1,1,0,0,0
4/7/2025,90384679,3/6/2025,Free,Active,Monday,False,32,10,10,0,1,0,0
4/7/2025,90589301,3/5/2025,Free,Active,Monday,False,33,12,5,1,0,0,1
4/7/2025,92575198,3/4/2025,Free,Active,Monday,False,34,14,4,4,0,0,1
4/7/2025,94491215,3/7/2025,Free,Active,Monday,False,31,10,9,1,0,1,0
4/7/2025,95834438,3/3/2025,Free,Active,Monday,False,35,11,3,2,0,0,0
4/7/2025,96659622,3/3/2025,Free,Active,Monday,False,35,5,8,1,0,0,0
4/7/2025,97515553,3/3/2025,Free,Active,Monday,False,35,6,4,4,0,0,1
4/8/2025,10439750,3/6/2025,Paid,Active,Tuesday,False,33,18,1,0,1,0,0
4/8/2025,10453161,3/5/2025,Paid,Active,Tuesday,False,34,28,2,1,2,0,0
4/8/2025,11207503,3/3/2025,Paid,Active,Tuesday,False,36,31,2,1,1,0,0
4/8/2025,11495794,3/6/2025,Paid,Active,Tuesday,False,33,18,4,3,1,0,0
4/8/2025,12089369,3/7/2025,Free,Active,Tuesday,False,32,6,9,1,1,0,0
4/8/2025,12839768,3/7/2025,Free,Active,Tuesday,False,32,6,5,5,0,0,0
4/8/2025,14003926,3/3/2025,Free,Active,Tuesday,False,36,8,7,1,0,0,0
4/8/2025,14017653,3/3/2025,Free,Active,Tuesday,False,36,6,3,4,0,0,0
4/8/2025,14851543,3/7/2025,Free,Active,Tuesday,False,32,6,4,5,0,0,0
4/8/2025,16402515,3/7/2025,Free,Active,Tuesday,False,32,11,1,4,0,0,1
4/8/2025,17463270,3/3/2025,Free,Active,Tuesday,False,36,23,1,0,2,0,1
4/8/2025,18580473,3/5/2025,Paid,Active,Tuesday,False,34,8,6,2,0,1,0
4/8/2025,18940612,3/7/2025,Free,Active,Tuesday,False,32,35,2,2,3,0,0
4/8/2025,19577042,3/6/2025,Free,Active,Tuesday,False,33,13,10,2,0,0,0
4/8/2025,20119241,3/7/2025,Paid,Active,Tuesday,False,32,8,2,2,0,0,0
4/8/2025,20473587,3/5/2025,Free,Active,Tuesday,False,34,10,2,0,0,0,0
4/8/2025,22264388,3/6/2025,Paid,Active,Tuesday,False,33,11,1,1,0,0,0
4/8/2025,23272498,3/5/2025,Free,Active,Tuesday,False,34,11,9,1,0,1,1
4/8/2025,23358649,3/5/2025,Free,Active,Tuesday,False,34,7,1,3,0,0,0
4/8/2025,25761792,3/6/2025,Free,Active,Tuesday,False,33,15,9,1,1,1,0
4/8/2025,25983272,3/4/2025,Free,Active,Tuesday,False,35,5,2,3,1,0,1
4/8/2025,26103384,3/4/2025,Paid,Active,Tuesday,False,35,13,6,4,0,0,0
4/8/2025,27852032,3/4/2025,Free,Active,Tuesday,False,35,10,6,5,0,0,0
4/8/2025,28032367,3/4/2025,Paid,Active,Tuesday,False,35,6,5,0,0,1,0
4/8/2025,28569480,3/5/2025,Paid,Active,Tuesday,False,34,15,4,6,3,0,0
4/8/2025,28947491,3/3/2025,Free,Active,Tuesday,False,36,8,10,2,2,0,0
4/8/2025,29402937,3/3/2025,Free,Active,Tuesday,False,36,30,1,1,1,0,0
4/8/2025,30665172,3/6/2025,Paid,Active,Tuesday,False,33,11,4,3,0,0,0
4/8/2025,32287062,3/4/2025,Free,Active,Tuesday,False,35,21,2,1,0,0,0
4/8/2025,33834899,3/5/2025,Paid,Active,Tuesday,False,34,8,12,1,1,0,0
4/8/2025,33910622,3/3/2025,Paid,Active,Tuesday,False,36,8,1,9,0,0,0
4/8/2025,34782115,3/4/2025,Free,Active,Tuesday,False,35,5,10,1,0,0,0
4/8/2025,36017834,3/7/2025,Paid,Active,Tuesday,False,32,23,5,2,0,1,0
4/8/2025,36222279,3/5/2025,Paid,Active,Tuesday,False,34,5,4,3,1,0,1
4/8/2025,36329183,3/4/2025,Paid,Active,Tuesday,False,35,18,15,1,0,2,0
4/8/2025,38413248,3/7/2025,Free,Active,Tuesday,False,32,4,6,1,0,1,0
4/8/2025,40070917,3/4/2025,Paid,Active,Tuesday,False,35,18,2,0,1,0,0
4/8/2025,40071067,3/7/2025,Free,Active,Tuesday,False,32,3,8,1,0,2,0
4/8/2025,40836783,3/5/2025,Free,Active,Tuesday,False,34,5,10,2,0,0,0
4/8/2025,44441861,3/6/2025,Free,Active,Tuesday,False,33,10,1,2,2,0,0
4/8/2025,44549411,3/3/2025,Paid,Active,Tuesday,False,36,12,17,2,0,1,0
4/8/2025,46347412,3/5/2025,Free,Active,Tuesday,False,34,10,10,1,0,0,0
4/8/2025,46768760,3/3/2025,Free,Active,Tuesday,False,36,9,1,5,1,0,0
4/8/2025,47729983,3/7/2025,Free,Active,Tuesday,False,32,6,10,1,0,0,0
4/8/2025,48924961,3/6/2025,Free,Active,Tuesday,False,33,17,4,1,0,0,0
4/8/2025,51499006,3/7/2025,Free,Active,Tuesday,False,32,9,10,3,0,0,0
4/8/2025,51531887,3/5/2025,Paid,Active,Tuesday,False,34,19,4,1,0,0,1
4/8/2025,52355265,3/4/2025,Free,Active,Tuesday,False,35,7,2,1,0,0,0
4/8/2025,52607867,3/5/2025,Paid,Active,Tuesday,False,34,4,7,1,0,0,0
4/8/2025,53226858,3/4/2025,Paid,Active,Tuesday,False,35,7,3,2,1,0,0
4/8/2025,54276839,3/6/2025,Paid,Active,Tuesday,False,33,36,5,2,2,0,0
4/8/2025,54677898,3/5/2025,Free,Active,Tuesday,False,34,8,1,3,1,0,1
4/8/2025,55617207,3/6/2025,Free,Active,Tuesday,False,33,4,10,3,0,0,0
4/8/2025,55796778,3/7/2025,Paid,Active,Tuesday,False,32,7,3,0,1,0,0
4/8/2025,56195615,3/7/2025,Free,Active,Tuesday,False,32,6,4,3,0,0,0
4/8/2025,57850647,3/3/2025,Paid,Active,Tuesday,False,36,13,3,0,1,0,1
4/8/2025,58798972,3/7/2025,Paid,Active,Tuesday,False,32,23,3,1,1,0,0
4/8/2025,58890543,3/6/2025,Free,Active,Tuesday,False,33,11,10,3,0,0,0
4/8/2025,59320316,3/4/2025,Free,Active,Tuesday,False,35,13,8,2,1,1,0
4/8/2025,59783512,3/5/2025,Paid,Active,Tuesday,False,34,36,4,3,0,0,0
4/8/2025,60977230,3/4/2025,Paid,Active,Tuesday,False,35,15,15,1,1,1,0
4/8/2025,63534569,3/7/2025,Paid,Active,Tuesday,False,32,6,7,0,0,0,0
4/8/2025,63585558,3/6/2025,Paid,Active,Tuesday,False,33,5,9,1,0,0,0
4/8/2025,64826108,3/4/2025,Paid,Active,Tuesday,False,35,43,4,1,2,0,0
4/8/2025,66085019,3/5/2025,Free,Active,Tuesday,False,34,5,10,1,0,0,0
4/8/2025,67901718,3/7/2025,Paid,Active,Tuesday,False,32,10,10,1,0,1,0
4/8/2025,68233734,3/3/2025,Free,Active,Tuesday,False,36,13,2,4,0,0,1
4/8/2025,68805871,3/6/2025,Free,Active,Tuesday,False,33,2,4,1,0,0,0
4/8/2025,68955030,3/6/2025,Free,Active,Tuesday,False,33,4,2,2,0,0,0
4/8/2025,70007939,3/4/2025,Free,Active,Tuesday,False,35,30,2,0,0,0,0
4/8/2025,70853849,3/4/2025,Free,Active,Tuesday,False,35,4,1,5,0,0,0
4/8/2025,71124136,3/3/2025,Free,Active,Tuesday,False,36,20,1,1,0,0,0
4/8/2025,71790553,3/4/2025,Paid,Active,Tuesday,False,35,12,4,1,2,0,0
4/8/2025,72469436,3/3/2025,Free,Active,Tuesday,False,36,29,3,1,2,1,0
4/8/2025,73128237,3/7/2025,Paid,Active,Tuesday,False,32,16,6,8,0,1,0
4/8/2025,73567762,3/6/2025,Free,Active,Tuesday,False,33,7,1,2,0,1,0
4/8/2025,74092029,3/6/2025,Paid,Active,Tuesday,False,33,5,3,6,0,1,1
4/8/2025,74484152,3/4/2025,Paid,Active,Tuesday,False,35,3,6,1,3,0,0
4/8/2025,74598602,3/6/2025,Free,Active,Tuesday,False,33,23,3,1,0,0,0
4/8/2025,76023894,3/4/2025,Free,Active,Tuesday,False,35,11,10,2,1,0,0
4/8/2025,76306583,3/6/2025,Free,Active,Tuesday,False,33,6,9,1,0,1,0
4/8/2025,76587233,3/4/2025,Paid,Active,Tuesday,False,35,7,2,1,0,0,1
4/8/2025,76671851,3/6/2025,Free,Active,Tuesday,False,33,5,2,3,0,0,0
4/8/2025,77337890,3/3/2025,Paid,Active,Tuesday,False,36,11,1,3,0,0,0
4/8/2025,77362777,3/6/2025,Free,Active,Tuesday,False,33,11,10,1,0,0,0
4/8/2025,77687782,3/3/2025,Free,Active,Tuesday,False,36,38,6,2,2,0,0
4/8/2025,78432211,3/4/2025,Paid,Active,Tuesday,False,35,22,2,0,1,0,2
4/8/2025,78514449,3/7/2025,Free,Active,Tuesday,False,32,46,4,1,0,1,0
4/8/2025,79819778,3/7/2025,Free,Active,Tuesday,False,32,3,2,4,0,1,1
4/8/2025,79854644,3/5/2025,Free,Active,Tuesday,False,34,14,9,2,0,1,0
4/8/2025,80322173,3/5/2025,Free,Active,Tuesday,False,34,4,1,4,0,0,0
4/8/2025,80640969,3/5/2025,Free,Active,Tuesday,False,34,6,7,1,0,1,0
4/8/2025,81058962,3/4/2025,Free,Active,Tuesday,False,35,4,5,1,1,0,0
4/8/2025,82032780,3/7/2025,Free,Active,Tuesday,False,32,33,2,2,1,0,0
4/8/2025,82358858,3/5/2025,Free,Active,Tuesday,False,34,3,1,2,1,0,0
4/8/2025,83673862,3/3/2025,Free,Active,Tuesday,False,36,3,1,2,1,0,1
4/8/2025,86762579,3/5/2025,Paid,Active,Tuesday,False,34,7,3,5,0,0,0
4/8/2025,89243555,3/4/2025,Free,Active,Tuesday,False,35,64,1,1,2,0,1
4/8/2025,89281326,3/3/2025,Free,Active,Tuesday,False,36,5,9,1,1,0,0
4/8/2025,89505560,3/5/2025,Paid,Active,Tuesday,False,34,6,3,3,0,0,3
4/8/2025,89547601,3/5/2025,Free,Active,Tuesday,False,34,4,7,0,0,2,0
4/8/2025,90053100,3/3/2025,Free,Active,Tuesday,False,36,11,10,1,0,0,1
4/8/2025,90589301,3/5/2025,Free,Active,Tuesday,False,34,43,4,1,2,0,0
4/8/2025,91286478,3/7/2025,Free,Active,Tuesday,False,32,12,1,1,0,0,0
4/8/2025,92207376,3/7/2025,Paid,Active,Tuesday,False,32,7,9,0,0,0,0
4/8/2025,92575198,3/4/2025,Free,Active,Tuesday,False,35,16,5,5,0,0,0
4/8/2025,95834438,3/3/2025,Free,Active,Tuesday,False,36,10,9,2,1,1,0
4/8/2025,95928771,3/5/2025,Paid,Active,Tuesday,False,34,3,3,0,0,0,0
4/8/2025,96659622,3/3/2025,Free,Active,Tuesday,False,36,9,10,2,0,0,0
4/8/2025,97515553,3/3/2025,Free,Active,Tuesday,False,36,2,2,3,0,0,1
4/8/2025,98245773,3/3/2025,Free,Active,Tuesday,False,36,2,4,0,0,1,0
4/9/2025,10453161,3/5/2025,Paid,Active,Wednesday,False,35,26,2,1,0,0,0
4/9/2025,10522638,3/7/2025,Paid,Active,Wednesday,False,33,16,3,1,1,0,0
4/9/2025,11207503,3/3/2025,Paid,Active,Wednesday,False,37,41,3,1,2,0,0
4/9/2025,12089369,3/7/2025,Free,Active,Wednesday,False,33,5,2,2,1,1,0
4/9/2025,12839768,3/7/2025,Free,Active,Wednesday,False,33,14,2,2,0,0,1
4/9/2025,14017653,3/3/2025,Free,Active,Wednesday,False,37,8,4,2,0,0,0
4/9/2025,14209843,3/4/2025,Paid,Active,Wednesday,False,36,6,2,4,0,0,0
4/9/2025,14495366,3/5/2025,Free,Active,Wednesday,False,35,4,5,0,0,1,0
4/9/2025,14528458,3/5/2025,Free,Active,Wednesday,False,35,31,2,1,1,0,1
4/9/2025,14851543,3/7/2025,Free,Active,Wednesday,False,33,9,3,3,1,0,1
4/9/2025,16323501,3/5/2025,Free,Active,Wednesday,False,35,3,10,1,0,0,0
4/9/2025,16402515,3/7/2025,Free,Active,Wednesday,False,33,9,1,3,0,0,0
4/9/2025,17463270,3/3/2025,Free,Active,Wednesday,False,37,32,4,1,0,0,0
4/9/2025,18580473,3/5/2025,Paid,Active,Wednesday,False,35,7,15,0,1,0,1
4/9/2025,18940612,3/7/2025,Free,Active,Wednesday,False,33,22,4,2,2,1,0
4/9/2025,20119241,3/7/2025,Paid,Active,Wednesday,False,33,3,4,1,0,0,0
4/9/2025,21395247,3/3/2025,Paid,Active,Wednesday,False,37,23,3,0,1,0,0
4/9/2025,22264388,3/6/2025,Paid,Active,Wednesday,False,34,9,3,5,0,0,1
4/9/2025,23272498,3/5/2025,Free,Active,Wednesday,False,35,3,4,1,0,0,0
4/9/2025,23940170,3/6/2025,Free,Active,Wednesday,False,34,6,6,1,0,1,0
4/9/2025,24627496,3/7/2025,Paid,Active,Wednesday,False,33,8,0,1,0,0,0
4/9/2025,25761792,3/6/2025,Free,Active,Wednesday,False,34,13,5,2,2,0,0
4/9/2025,25983272,3/4/2025,Free,Active,Wednesday,False,36,8,2,5,1,0,0
4/9/2025,26103384,3/4/2025,Paid,Active,Wednesday,False,36,6,5,4,0,0,0
4/9/2025,28168630,3/5/2025,Free,Active,Wednesday,False,35,23,3,2,1,0,0
4/9/2025,28500176,3/7/2025,Free,Active,Wednesday,False,33,6,1,5,0,0,0
4/9/2025,28608102,3/4/2025,Paid,Active,Wednesday,False,36,24,3,1,0,0,0
4/9/2025,29659181,3/6/2025,Free,Active,Wednesday,False,34,9,2,1,0,1,0
4/9/2025,30377112,3/3/2025,Paid,Active,Wednesday,False,37,8,1,4,3,0,0
4/9/2025,30665172,3/6/2025,Paid,Active,Wednesday,False,34,4,2,2,0,0,0
4/9/2025,34782115,3/4/2025,Free,Active,Wednesday,False,36,8,10,1,0,0,0
4/9/2025,34889504,3/5/2025,Free,Active,Wednesday,False,35,16,10,1,0,0,0
4/9/2025,36017834,3/7/2025,Paid,Active,Wednesday,False,33,19,5,2,1,1,0
4/9/2025,36222279,3/5/2025,Paid,Active,Wednesday,False,35,10,2,4,0,0,0
4/9/2025,36329183,3/4/2025,Paid,Active,Wednesday,False,36,13,7,0,0,0,0
4/9/2025,36946691,3/6/2025,Paid,Active,Wednesday,False,34,3,3,4,2,0,1
4/9/2025,38413248,3/7/2025,Free,Active,Wednesday,False,33,4,4,2,3,0,0
4/9/2025,39114147,3/7/2025,Free,Active,Wednesday,False,33,16,9,1,0,1,1
4/9/2025,39554899,3/4/2025,Free,Active,Wednesday,False,36,11,1,1,0,0,0
4/9/2025,40070917,3/4/2025,Paid,Active,Wednesday,False,36,22,3,2,1,0,0
4/9/2025,40836783,3/5/2025,Free,Active,Wednesday,False,35,3,10,2,0,0,0
4/9/2025,43564818,3/4/2025,Free,Active,Wednesday,False,36,16,5,4,0,0,1
4/9/2025,44441861,3/6/2025,Free,Active,Wednesday,False,34,11,1,4,0,0,0
4/9/2025,44549411,3/3/2025,Paid,Active,Wednesday,False,37,9,5,1,0,0,0
4/9/2025,46347412,3/5/2025,Free,Active,Wednesday,False,35,10,5,1,1,1,1
4/9/2025,46768760,3/3/2025,Free,Active,Wednesday,False,37,10,3,2,2,0,0
4/9/2025,47729983,3/7/2025,Free,Active,Wednesday,False,33,2,6,0,1,0,0
4/9/2025,48924961,3/6/2025,Free,Active,Wednesday,False,34,38,3,1,0,0,0
4/9/2025,51499006,3/7/2025,Free,Active,Wednesday,False,33,10,7,3,1,1,0
4/9/2025,53226858,3/4/2025,Paid,Active,Wednesday,False,36,10,3,2,0,0,0
4/9/2025,54276839,3/6/2025,Paid,Active,Wednesday,False,34,31,5,2,0,0,0
4/9/2025,54677898,3/5/2025,Free,Active,Wednesday,False,35,2,2,5,1,0,0
4/9/2025,55617207,3/6/2025,Free,Active,Wednesday,False,34,17,10,1,0,0,0
4/9/2025,55796778,3/7/2025,Paid,Active,Wednesday,False,33,14,4,2,1,0,0
4/9/2025,56195615,3/7/2025,Free,Active,Wednesday,False,33,16,6,5,1,0,0
4/9/2025,57850647,3/3/2025,Paid,Active,Wednesday,False,37,13,4,1,3,0,0
4/9/2025,59320316,3/4/2025,Free,Active,Wednesday,False,36,15,10,2,1,0,0
4/9/2025,59783512,3/5/2025,Paid,Active,Wednesday,False,35,38,5,2,1,0,0
4/9/2025,61356578,3/3/2025,Free,Active,Wednesday,False,37,4,9,3,0,1,0
4/9/2025,61786206,3/3/2025,Free,Active,Wednesday,False,37,11,2,4,1,0,1
4/9/2025,63534569,3/7/2025,Paid,Active,Wednesday,False,33,4,5,1,2,3,0
4/9/2025,63585558,3/6/2025,Paid,Active,Wednesday,False,34,12,13,3,0,1,0
4/9/2025,64826108,3/4/2025,Paid,Active,Wednesday,False,36,32,2,2,1,0,0
4/9/2025,65164953,3/4/2025,Free,Active,Wednesday,False,36,10,4,1,0,0,0
4/9/2025,66077920,3/3/2025,Paid,Active,Wednesday,False,37,3,1,2,0,0,0
4/9/2025,66085019,3/5/2025,Free,Active,Wednesday,False,35,5,10,1,1,0,0
4/9/2025,67901718,3/7/2025,Paid,Active,Wednesday,False,33,9,5,1,1,0,0
4/9/2025,68233734,3/3/2025,Free,Active,Wednesday,False,37,6,5,3,0,0,1
4/9/2025,68805871,3/6/2025,Free,Active,Wednesday,False,34,1,5,0,1,1,0
4/9/2025,69497858,3/4/2025,Free,Active,Wednesday,False,36,3,6,0,0,1,0
4/9/2025,70007939,3/4/2025,Free,Active,Wednesday,False,36,18,4,0,1,0,0
4/9/2025,70268283,3/4/2025,Free,Active,Wednesday,False,36,8,3,2,2,0,0
4/9/2025,70853849,3/4/2025,Free,Active,Wednesday,False,36,10,3,1,0,0,0
4/9/2025,71124136,3/3/2025,Free,Active,Wednesday,False,37,20,3,1,0,0,0
4/9/2025,72469436,3/3/2025,Free,Active,Wednesday,False,37,20,2,1,0,0,0
4/9/2025,73128237,3/7/2025,Paid,Active,Wednesday,False,33,9,3,9,0,0,0
4/9/2025,73963079,3/4/2025,Paid,Active,Wednesday,False,36,12,2,0,2,0,0
4/9/2025,74092029,3/6/2025,Paid,Active,Wednesday,False,34,5,6,7,0,0,2
4/9/2025,74484152,3/4/2025,Paid,Active,Wednesday,False,36,15,15,2,0,0,1
4/9/2025,74598602,3/6/2025,Free,Active,Wednesday,False,34,37,3,2,2,0,0
4/9/2025,76023894,3/4/2025,Free,Active,Wednesday,False,36,12,5,0,0,0,0
4/9/2025,76306583,3/6/2025,Free,Active,Wednesday,False,34,16,10,0,0,0,1
4/9/2025,77337890,3/3/2025,Paid,Active,Wednesday,False,37,6,5,5,0,0,0
4/9/2025,77362777,3/6/2025,Free,Active,Wednesday,False,34,3,3,1,0,0,0
4/9/2025,77687782,3/3/2025,Free,Active,Wednesday,False,37,38,7,1,2,0,0
4/9/2025,78514449,3/7/2025,Free,Active,Wednesday,False,33,35,3,1,3,0,0
4/9/2025,79391007,3/5/2025,Free,Active,Wednesday,False,35,11,9,2,0,1,0
4/9/2025,79819778,3/7/2025,Free,Active,Wednesday,False,33,9,1,5,0,0,0
4/9/2025,79854644,3/5/2025,Free,Active,Wednesday,False,35,9,9,3,0,1,0
4/9/2025,80322173,3/5/2025,Free,Active,Wednesday,False,35,6,4,3,0,0,0
4/9/2025,80640969,3/5/2025,Free,Active,Wednesday,False,35,4,8,0,0,1,1
4/9/2025,81058962,3/4/2025,Free,Active,Wednesday,False,36,6,7,0,0,0,1
4/9/2025,81062415,3/7/2025,Paid,Active,Wednesday,False,33,8,3,4,0,0,0
4/9/2025,81895947,3/5/2025,Free,Active,Wednesday,False,35,11,1,4,0,0,1
4/9/2025,82032780,3/7/2025,Free,Active,Wednesday,False,33,15,3,1,1,0,1
4/9/2025,83753999,3/6/2025,Free,Active,Wednesday,False,34,3,7,0,0,0,0
4/9/2025,84047697,3/5/2025,Free,Active,Wednesday,False,35,12,6,5,0,1,0
4/9/2025,86372804,3/3/2025,Paid,Active,Wednesday,False,37,8,5,1,0,1,0
4/9/2025,86762579,3/5/2025,Paid,Active,Wednesday,False,35,11,1,3,1,0,1
4/9/2025,89243555,3/4/2025,Free,Active,Wednesday,False,36,22,3,2,2,1,0
4/9/2025,89281326,3/3/2025,Free,Active,Wednesday,False,37,6,3,1,0,0,0
4/9/2025,89547601,3/5/2025,Free,Active,Wednesday,False,35,6,10,1,0,0,0
4/9/2025,89669730,3/7/2025,Paid,Active,Wednesday,False,33,26,1,2,3,0,0
4/9/2025,90053100,3/3/2025,Free,Active,Wednesday,False,37,8,8,1,0,0,0
4/9/2025,90384679,3/6/2025,Free,Active,Wednesday,False,34,7,10,2,0,0,0
4/9/2025,90589301,3/5/2025,Free,Active,Wednesday,False,35,37,4,1,1,0,0
4/9/2025,92575198,3/4/2025,Free,Active,Wednesday,False,36,16,2,2,0,1,0
4/9/2025,93721129,3/4/2025,Paid,Active,Wednesday,False,36,11,1,2,0,0,0
4/9/2025,93805705,3/4/2025,Free,Active,Wednesday,False,36,4,1,5,0,0,0
4/9/2025,94796124,3/5/2025,Free,Active,Wednesday,False,35,6,4,0,0,0,0
4/9/2025,95834438,3/3/2025,Free,Active,Wednesday,False,37,6,6,2,1,0,0
4/9/2025,97515553,3/3/2025,Free,Active,Wednesday,False,37,6,1,4,0,0,1
4/9/2025,98245773,3/3/2025,Free,Active,Wednesday,False,37,3,5,0,0,2,0
4/10/2025,10213838,3/4/2025,Free,Active,Thursday,False,37,2,10,0,0,0,0
4/10/2025,10439750,3/6/2025,Paid,Active,Thursday,False,35,20,3,1,1,0,0
4/10/2025,10453161,3/5/2025,Paid,Active,Thursday,False,36,20,3,1,0,0,0
4/10/2025,10522638,3/7/2025,Paid,Active,Thursday,False,34,7,2,2,1,0,0
4/10/2025,11207503,3/3/2025,Paid,Active,Thursday,False,38,36,4,2,0,0,0
4/10/2025,11495794,3/6/2025,Paid,Active,Thursday,False,35,39,2,2,4,0,0
4/10/2025,12839768,3/7/2025,Free,Active,Thursday,False,34,18,6,5,0,0,0
4/10/2025,14017653,3/3/2025,Free,Active,Thursday,False,38,5,1,3,0,0,1
4/10/2025,14209843,3/4/2025,Paid,Active,Thursday,False,37,5,2,6,0,0,0
4/10/2025,14851543,3/7/2025,Free,Active,Thursday,False,34,5,2,4,1,0,1
4/10/2025,15647148,3/6/2025,Free,Active,Thursday,False,35,29,3,1,2,0,0
4/10/2025,16323501,3/5/2025,Free,Active,Thursday,False,36,7,6,1,1,0,0
4/10/2025,16402515,3/7/2025,Free,Active,Thursday,False,34,10,2,5,2,0,0
4/10/2025,17228968,3/6/2025,Paid,Active,Thursday,False,35,5,3,1,0,0,0
4/10/2025,17463270,3/3/2025,Paid,Active,Thursday,False,38,29,1,1,3,0,0
4/10/2025,18580473,3/5/2025,Paid,Active,Thursday,False,36,9,13,1,0,0,0
4/10/2025,18940612,3/7/2025,Free,Active,Thursday,False,34,13,5,3,0,0,0
4/10/2025,19577042,3/6/2025,Free,Active,Thursday,False,35,13,9,1,0,1,0
4/10/2025,20119241,3/7/2025,Paid,Active,Thursday,False,34,5,1,5,0,0,0
4/10/2025,23940170,3/6/2025,Free,Active,Thursday,False,35,4,10,1,0,0,0
4/10/2025,24627496,3/7/2025,Paid,Active,Thursday,False,34,12,1,1,0,0,0
4/10/2025,25761792,3/6/2025,Free,Active,Thursday,False,35,15,9,2,2,1,0
4/10/2025,25983272,3/4/2025,Free,Active,Thursday,False,37,11,1,3,0,0,0
4/10/2025,26103384,3/4/2025,Paid,Active,Thursday,False,37,8,4,6,1,0,0
4/10/2025,28032367,3/4/2025,Paid,Active,Thursday,False,37,5,4,2,1,1,0
4/10/2025,28168630,3/5/2025,Free,Active,Thursday,False,36,27,2,2,2,0,0
4/10/2025,28947491,3/3/2025,Free,Active,Thursday,False,38,18,10,2,0,0,1
4/10/2025,29659181,3/6/2025,Free,Active,Thursday,False,35,16,4,2,0,0,0
4/10/2025,30377112,3/3/2025,Paid,Active,Thursday,False,38,10,3,6,0,0,0
4/10/2025,30665172,3/6/2025,Paid,Active,Thursday,False,35,11,2,3,1,0,0
4/10/2025,31297307,3/4/2025,Paid,Active,Thursday,False,37,2,4,0,1,0,0
4/10/2025,34889504,3/5/2025,Free,Active,Thursday,False,36,15,10,1,0,0,0
4/10/2025,36017834,3/7/2025,Paid,Active,Thursday,False,34,23,5,1,1,0,0
4/10/2025,36222279,3/5/2025,Paid,Active,Thursday,False,36,8,3,5,1,0,0
4/10/2025,36329183,3/4/2025,Paid,Active,Thursday,False,37,14,10,2,0,0,0
4/10/2025,36946691,3/6/2025,Paid,Active,Thursday,False,35,9,4,1,0,0,1
4/10/2025,38413248,3/7/2025,Free,Active,Thursday,False,34,11,8,2,1,1,0
4/10/2025,39114147,3/7/2025,Free,Active,Thursday,False,34,5,10,2,1,0,0
4/10/2025,39554899,3/4/2025,Free,Active,Thursday,False,37,10,2,5,0,0,0
4/10/2025,40070917,3/4/2025,Paid,Active,Thursday,False,37,15,1,1,0,0,0
4/10/2025,40071067,3/7/2025,Free,Active,Thursday,False,34,6,3,0,1,2,0
4/10/2025,40836783,3/5/2025,Free,Active,Thursday,False,36,6,10,1,2,0,0
4/10/2025,43564818,3/4/2025,Free,Active,Thursday,False,37,12,1,1,0,0,2
4/10/2025,44382081,3/5/2025,Free,Active,Thursday,False,36,15,1,0,0,0,0
4/10/2025,44441861,3/6/2025,Free,Active,Thursday,False,35,10,3,5,1,1,0
4/10/2025,44814486,3/3/2025,Paid,Active,Thursday,False,38,1,3,1,1,0,0
4/10/2025,46347412,3/5/2025,Free,Active,Thursday,False,36,8,8,1,0,0,0
4/10/2025,46768760,3/3/2025,Free,Active,Thursday,False,38,8,1,5,0,0,0
4/10/2025,47729983,3/7/2025,Free,Active,Thursday,False,34,3,10,1,0,0,0
4/10/2025,48924961,3/6/2025,Free,Active,Thursday,False,35,35,6,3,7,1,0
4/10/2025,51499006,3/7/2025,Free,Active,Thursday,False,34,18,5,3,0,0,0
4/10/2025,51531887,3/5/2025,Paid,Active,Thursday,False,36,15,4,2,1,0,0
4/10/2025,53226858,3/4/2025,Paid,Active,Thursday,False,37,3,2,6,1,0,0
4/10/2025,54276839,3/6/2025,Paid,Active,Thursday,False,35,40,7,1,3,0,0
4/10/2025,54677898,3/5/2025,Free,Active,Thursday,False,36,11,3,1,1,0,0
4/10/2025,55617207,3/6/2025,Free,Active,Thursday,False,35,7,8,1,0,0,0
4/10/2025,55796778,3/7/2025,Paid,Active,Thursday,False,34,17,4,1,1,0,0
4/10/2025,56195615,3/7/2025,Free,Active,Thursday,False,34,4,4,5,0,0,0
4/10/2025,58798972,3/7/2025,Paid,Active,Thursday,False,34,14,4,1,1,0,0
4/10/2025,59320316,3/4/2025,Free,Active,Thursday,False,37,6,10,1,2,0,0
4/10/2025,59783512,3/5/2025,Paid,Active,Thursday,False,36,36,2,2,3,0,1
4/10/2025,61356578,3/3/2025,Free,Active,Thursday,False,38,5,7,3,0,0,0
4/10/2025,61786206,3/3/2025,Free,Active,Thursday,False,38,4,3,3,0,1,0
4/10/2025,63534569,3/7/2025,Paid,Active,Thursday,False,34,6,12,0,0,0,0
4/10/2025,63585558,3/6/2025,Paid,Active,Thursday,False,35,5,6,1,1,0,0
4/10/2025,64826108,3/4/2025,Paid,Active,Thursday,False,37,27,4,0,1,0,1
4/10/2025,64875604,3/6/2025,Free,Active,Thursday,False,35,6,8,2,1,0,0
4/10/2025,65164953,3/4/2025,Free,Active,Thursday,False,37,5,5,2,0,0,0
4/10/2025,66077920,3/3/2025,Paid,Active,Thursday,False,38,2,1,1,1,1,0
4/10/2025,67901718,3/7/2025,Paid,Active,Thursday,False,34,7,3,1,1,1,0
4/10/2025,68233734,3/3/2025,Free,Active,Thursday,False,38,16,2,5,2,0,0
4/10/2025,68378705,3/6/2025,Free,Active,Thursday,False,35,7,3,0,0,0,0
4/10/2025,70007939,3/4/2025,Free,Active,Thursday,False,37,9,4,1,0,0,0
4/10/2025,70853849,3/4/2025,Free,Active,Thursday,False,37,3,2,3,1,1,0
4/10/2025,71124136,3/3/2025,Free,Active,Thursday,False,38,22,1,1,0,0,0
4/10/2025,71790553,3/4/2025,Paid,Active,Thursday,False,37,30,2,0,1,1,0
4/10/2025,72469436,3/3/2025,Free,Active,Thursday,False,38,19,1,0,1,0,0
4/10/2025,73128237,3/7/2025,Paid,Active,Thursday,False,34,15,3,5,0,0,1
4/10/2025,73530116,3/3/2025,Paid,Active,Thursday,False,38,3,1,0,1,0,0
4/10/2025,73963079,3/4/2025,Paid,Active,Thursday,False,37,18,2,2,0,0,0
4/10/2025,74484152,3/4/2025,Paid,Active,Thursday,False,37,6,11,2,1,0,0
4/10/2025,74598602,3/6/2025,Free,Active,Thursday,False,35,41,4,0,2,0,0
4/10/2025,76306583,3/6/2025,Paid,Active,Thursday,False,35,16,5,3,0,0,0
4/10/2025,77337890,3/3/2025,Paid,Active,Thursday,False,38,8,5,4,0,0,0
4/10/2025,77362777,3/6/2025,Free,Active,Thursday,False,35,8,9,1,0,1,0
4/10/2025,77687782,3/3/2025,Free,Active,Thursday,False,38,22,2,0,1,0,0
4/10/2025,78432211,3/4/2025,Paid,Active,Thursday,False,37,12,3,1,1,0,0
4/10/2025,78514449,3/7/2025,Free,Active,Thursday,False,34,17,4,1,0,1,1
4/10/2025,79391007,3/5/2025,Free,Active,Thursday,False,36,9,6,2,0,0,0
4/10/2025,79819778,3/7/2025,Free,Active,Thursday,False,34,6,3,4,0,1,0
4/10/2025,81062415,3/7/2025,Paid,Active,Thursday,False,34,7,2,4,1,0,0
4/10/2025,82032780,3/7/2025,Free,Active,Thursday,False,34,33,3,3,3,0,0
4/10/2025,84047697,3/5/2025,Free,Active,Thursday,False,36,6,4,2,0,0,2
4/10/2025,86762579,3/5/2025,Paid,Active,Thursday,False,36,3,1,2,0,0,1
4/10/2025,89243555,3/4/2025,Free,Active,Thursday,False,37,25,4,1,3,0,0
4/10/2025,89669730,3/7/2025,Paid,Active,Thursday,False,34,17,3,1,2,0,0
4/10/2025,90384679,3/6/2025,Free,Active,Thursday,False,35,8,10,2,0,0,0
4/10/2025,90589301,3/5/2025,Free,Active,Thursday,False,36,13,6,1,1,1,0
4/10/2025,92575198,3/4/2025,Free,Active,Thursday,False,37,15,2,2,1,0,0
4/10/2025,94491215,3/7/2025,Free,Active,Thursday,False,34,9,6,3,0,0,0
4/10/2025,95928771,3/5/2025,Paid,Active,Thursday,False,36,6,9,1,0,1,0
4/10/2025,96659622,3/3/2025,Free,Active,Thursday,False,38,10,4,0,0,1,0
4/11/2025,10213838,3/4/2025,Free,Active,Friday,False,38,5,2,1,1,0,0
4/11/2025,10439750,3/6/2025,Paid,Active,Friday,False,36,13,4,1,0,0,0
4/11/2025,10453161,3/5/2025,Paid,Active,Friday,False,37,24,1,0,0,0,0
4/11/2025,10517792,3/6/2025,Free,Active,Friday,False,36,6,5,1,0,1,0
4/11/2025,11207503,3/3/2025,Paid,Active,Friday,False,39,25,6,3,2,0,0
4/11/2025,11495794,3/6/2025,Paid,Active,Friday,False,36,24,6,1,1,0,0
4/11/2025,12839768,3/7/2025,Free,Active,Friday,False,35,9,4,3,0,0,1
4/11/2025,14003926,3/3/2025,Free,Active,Friday,False,39,6,8,3,1,0,0
4/11/2025,14017653,3/3/2025,Free,Active,Friday,False,39,7,4,2,1,0,0
4/11/2025,14495366,3/5/2025,Free,Active,Friday,False,37,4,5,0,0,0,0
4/11/2025,14528458,3/5/2025,Free,Active,Friday,False,37,26,4,1,1,0,0
4/11/2025,15647148,3/6/2025,Free,Active,Friday,False,36,11,4,0,0,0,1
4/11/2025,16323501,3/5/2025,Free,Active,Friday,False,37,8,5,1,0,2,0
4/11/2025,17228968,3/6/2025,Paid,Active,Friday,False,36,6,12,0,0,0,0
4/11/2025,17463270,3/3/2025,Paid,Active,Friday,False,39,8,4,2,1,0,0
4/11/2025,17983248,3/4/2025,Paid,Active,Friday,False,38,6,8,1,0,1,0
4/11/2025,18580473,3/5/2025,Paid,Active,Friday,False,37,6,12,1,0,3,0
4/11/2025,18940612,3/7/2025,Free,Active,Friday,False,35,40,3,2,2,0,1
4/11/2025,19577042,3/6/2025,Free,Active,Friday,False,36,3,10,3,1,0,0
4/11/2025,20473587,3/5/2025,Free,Active,Friday,False,37,55,3,1,5,1,0
4/11/2025,23940170,3/6/2025,Free,Active,Friday,False,36,3,3,1,0,0,0
4/11/2025,24627496,3/7/2025,Paid,Active,Friday,False,35,6,1,0,0,0,1
4/11/2025,25761792,3/6/2025,Free,Active,Friday,False,36,13,5,3,0,0,0
4/11/2025,27852032,3/4/2025,Free,Active,Friday,False,38,5,5,2,0,0,1
4/11/2025,28168630,3/5/2025,Free,Active,Friday,False,37,28,1,2,1,0,0
4/11/2025,28947491,3/3/2025,Free,Active,Friday,False,39,11,8,2,0,0,1
4/11/2025,29402937,3/3/2025,Free,Active,Friday,False,39,8,4,2,2,0,0
4/11/2025,29659181,3/6/2025,Free,Active,Friday,False,36,33,3,1,3,0,0
4/11/2025,30377112,3/3/2025,Paid,Active,Friday,False,39,8,2,6,0,1,0
4/11/2025,31297307,3/4/2025,Paid,Active,Friday,False,38,11,7,0,0,0,0
4/11/2025,33834899,3/5/2025,Paid,Active,Friday,False,37,6,8,1,0,0,1
4/11/2025,33910622,3/3/2025,Paid,Active,Friday,False,39,14,1,3,0,1,0
4/11/2025,34782115,3/4/2025,Free,Active,Friday,False,38,9,4,0,1,0,2
4/11/2025,36017834,3/7/2025,Paid,Active,Friday,False,35,26,3,1,0,1,0
4/11/2025,36946691,3/6/2025,Paid,Active,Friday,False,36,9,1,4,0,1,0
4/11/2025,38413248,3/7/2025,Free,Active,Friday,False,35,6,5,1,0,0,0
4/11/2025,39114147,3/7/2025,Free,Active,Friday,False,35,11,10,1,1,0,0
4/11/2025,40070917,3/4/2025,Paid,Active,Friday,False,38,28,4,1,1,0,0
4/11/2025,40071067,3/7/2025,Free,Active,Friday,False,35,5,10,0,0,0,0
4/11/2025,40836783,3/5/2025,Free,Active,Friday,False,37,11,9,1,0,0,0
4/11/2025,43564818,3/4/2025,Free,Active,Friday,False,38,13,1,5,1,1,0
4/11/2025,44441861,3/6/2025,Free,Active,Friday,False,36,11,2,3,0,0,1
4/11/2025,44549411,3/3/2025,Paid,Active,Friday,False,39,14,15,2,0,0,0
4/11/2025,46347412,3/5/2025,Free,Active,Friday,False,37,4,5,1,0,0,0
4/11/2025,53226858,3/4/2025,Paid,Active,Friday,False,38,8,4,2,0,0,0
4/11/2025,54276839,3/6/2025,Paid,Active,Friday,False,36,21,5,2,3,0,0
4/11/2025,55617207,3/6/2025,Free,Active,Friday,False,36,10,8,2,0,2,0
4/11/2025,58798972,3/7/2025,Paid,Active,Friday,False,35,9,2,0,0,1,0
4/11/2025,59320316,3/4/2025,Free,Active,Friday,False,38,7,5,3,1,0,0
4/11/2025,60977230,3/4/2025,Paid,Active,Friday,False,38,11,14,2,1,2,0
4/11/2025,61356578,3/3/2025,Free,Active,Friday,False,39,10,10,2,2,0,0
4/11/2025,61786206,3/3/2025,Free,Active,Friday,False,39,8,2,4,1,1,0
4/11/2025,63534569,3/7/2025,Paid,Active,Friday,False,35,6,6,2,0,2,0
4/11/2025,64826108,3/4/2025,Paid,Active,Friday,False,38,31,7,3,1,0,0
4/11/2025,64875604,3/6/2025,Free,Active,Friday,False,36,3,10,2,0,0,0
4/11/2025,65164953,3/4/2025,Free,Active,Friday,False,38,10,1,3,0,0,0
4/11/2025,66077920,3/3/2025,Paid,Active,Friday,False,39,2,1,3,0,0,0
4/11/2025,66085019,3/5/2025,Free,Active,Friday,False,37,4,9,1,3,1,0
4/11/2025,67901718,3/7/2025,Paid,Active,Friday,False,35,10,8,2,1,0,0
4/11/2025,68233734,3/3/2025,Free,Active,Friday,False,39,9,3,2,1,0,1
4/11/2025,68378705,3/6/2025,Free,Active,Friday,False,36,1,5,0,0,0,0
4/11/2025,70007939,3/4/2025,Free,Active,Friday,False,38,45,2,1,0,0,0
4/11/2025,70853849,3/4/2025,Free,Active,Friday,False,38,10,5,5,0,0,0
4/11/2025,71124136,3/3/2025,Free,Active,Friday,False,39,23,4,2,1,0,0
4/11/2025,73128237,3/7/2025,Paid,Active,Friday,False,35,11,3,7,1,0,1
4/11/2025,73530116,3/3/2025,Paid,Active,Friday,False,39,15,2,0,1,0,0
4/11/2025,74092029,3/6/2025,Paid,Active,Friday,False,36,16,4,6,0,0,0
4/11/2025,74598602,3/6/2025,Free,Active,Friday,False,36,44,4,3,2,0,0
4/11/2025,76023894,3/4/2025,Free,Active,Friday,False,38,4,10,1,0,0,0
4/11/2025,76306583,3/6/2025,Paid,Active,Friday,False,36,8,7,2,0,1,1
4/11/2025,76671851,3/6/2025,Free,Active,Friday,False,36,10,1,1,0,0,0
4/11/2025,78432211,3/4/2025,Paid,Active,Friday,False,38,12,2,2,0,0,0
4/11/2025,78514449,3/7/2025,Free,Active,Friday,False,35,13,2,2,1,0,0
4/11/2025,79819778,3/7/2025,Free,Active,Friday,False,35,3,2,2,0,0,0
4/11/2025,79854644,3/5/2025,Free,Active,Friday,False,37,15,7,3,0,1,0
4/11/2025,80322173,3/5/2025,Free,Active,Friday,False,37,6,4,3,0,0,0
4/11/2025,81058962,3/4/2025,Free,Active,Friday,False,38,4,2,0,0,1,0
4/11/2025,81062415,3/7/2025,Paid,Active,Friday,False,35,3,3,1,0,0,0
4/11/2025,82032780,3/7/2025,Free,Active,Friday,False,35,41,5,3,0,0,0
4/11/2025,83753999,3/6/2025,Free,Active,Friday,False,36,3,2,1,0,1,0
4/11/2025,84047697,3/5/2025,Free,Active,Friday,False,37,4,5,2,0,0,1
4/11/2025,86762579,3/5/2025,Paid,Active,Friday,False,37,5,1,1,0,0,1
4/11/2025,89505560,3/5/2025,Paid,Active,Friday,False,37,8,1,3,1,0,1
4/11/2025,89547601,3/5/2025,Free,Active,Friday,False,37,7,6,1,0,2,0
4/11/2025,89669730,3/7/2025,Paid,Active,Friday,False,35,10,3,2,0,0,0
4/11/2025,90053100,3/3/2025,Free,Active,Friday,False,39,10,9,1,0,1,0
4/11/2025,90384679,3/6/2025,Free,Active,Friday,False,36,9,9,3,1,1,0
4/11/2025,90589301,3/5/2025,Free,Active,Friday,False,37,38,5,3,3,1,0
4/11/2025,92207376,3/7/2025,Paid,Active,Friday,False,35,6,3,1,0,0,0
4/11/2025,92575198,3/4/2025,Free,Active,Friday,False,38,11,4,5,0,0,0
4/11/2025,93721129,3/4/2025,Paid,Active,Friday,False,38,5,4,2,2,0,0
4/11/2025,94491215,3/7/2025,Free,Active,Friday,False,35,15,9,3,1,1,0
4/11/2025,94796124,3/5/2025,Free,Active,Friday,False,37,7,5,0,0,1,0
4/11/2025,95834438,3/3/2025,Free,Active,Friday,False,39,7,6,1,0,1,0
4/11/2025,97515553,3/3/2025,Free,Active,Friday,False,39,4,4,3,0,0,0
4/12/2025,10213838,3/4/2025,Free,Active,Saturday,True,39,2,4,0,1,0,0
4/12/2025,10453161,3/5/2025,Paid,Active,Saturday,True,38,18,2,1,2,1,0
4/12/2025,10522638,3/7/2025,Paid,Active,Saturday,True,36,15,2,0,2,1,0
4/12/2025,11207503,3/3/2025,Paid,Active,Saturday,True,40,15,3,3,1,0,0
4/12/2025,11495794,3/6/2025,Paid,Active,Saturday,True,37,21,2,1,2,0,0
4/12/2025,12089369,3/7/2025,Free,Active,Saturday,True,36,9,6,1,0,0,0
4/12/2025,12839768,3/7/2025,Free,Active,Saturday,True,36,13,4,4,0,0,0
4/12/2025,14003926,3/3/2025,Free,Active,Saturday,True,40,8,10,3,0,0,0
4/12/2025,14017653,3/3/2025,Free,Active,Saturday,True,40,7,4,2,0,0,2
4/12/2025,14209843,3/4/2025,Paid,Active,Saturday,True,39,8,2,2,0,0,1
4/12/2025,14495366,3/5/2025,Free,Active,Saturday,True,38,4,4,0,0,0,0
4/12/2025,14851543,3/7/2025,Free,Active,Saturday,True,36,7,2,5,1,0,0
4/12/2025,15647148,3/6/2025,Free,Active,Saturday,True,37,26,4,2,3,0,0
4/12/2025,16323501,3/5/2025,Free,Active,Saturday,True,38,4,10,0,1,0,0
4/12/2025,16402515,3/7/2025,Free,Active,Saturday,True,36,4,2,1,0,0,2
4/12/2025,17463270,3/3/2025,Paid,Active,Saturday,True,40,32,2,1,0,0,0
4/12/2025,17983248,3/4/2025,Paid,Active,Saturday,True,39,9,5,1,1,0,0
4/12/2025,18580473,3/5/2025,Paid,Active,Saturday,True,38,16,9,2,1,1,0
4/12/2025,18940612,3/7/2025,Free,Active,Saturday,True,36,93,6,1,6,0,1
4/12/2025,19577042,3/6/2025,Free,Active,Saturday,True,37,9,10,3,0,0,0
4/12/2025,20473587,3/5/2025,Free,Active,Saturday,True,38,25,3,1,3,0,0
4/12/2025,21395247,3/3/2025,Paid,Active,Saturday,True,40,31,3,2,0,0,0
4/12/2025,22264388,3/6/2025,Paid,Active,Saturday,True,37,5,4,5,0,0,0
4/12/2025,23272498,3/5/2025,Free,Active,Saturday,True,38,11,6,2,0,0,0
4/12/2025,23358649,3/5/2025,Free,Active,Saturday,True,38,5,2,1,1,0,0
4/12/2025,23940170,3/6/2025,Free,Active,Saturday,True,37,12,5,1,0,0,0
4/12/2025,25761792,3/6/2025,Free,Active,Saturday,True,37,4,10,2,0,0,0
4/12/2025,25983272,3/4/2025,Free,Active,Saturday,True,39,3,2,5,0,0,0
4/12/2025,26103384,3/4/2025,Paid,Active,Saturday,True,39,14,5,7,0,0,2
4/12/2025,27469715,3/4/2025,Free,Active,Saturday,True,39,11,1,1,1,1,0
4/12/2025,27852032,3/4/2025,Free,Active,Saturday,True,39,15,4,3,1,1,0
4/12/2025,28032367,3/4/2025,Paid,Active,Saturday,True,39,10,10,1,0,1,0
4/12/2025,28168630,3/5/2025,Free,Active,Saturday,True,38,35,3,3,1,0,0
4/12/2025,28500176,3/7/2025,Free,Active,Saturday,True,36,7,1,2,0,0,0
4/12/2025,28608102,3/4/2025,Paid,Active,Saturday,True,39,22,2,2,1,1,0
4/12/2025,28947491,3/3/2025,Free,Active,Saturday,True,40,17,9,3,0,1,0
4/12/2025,29659181,3/6/2025,Free,Active,Saturday,True,37,9,4,1,1,0,1
4/12/2025,30377112,3/3/2025,Paid,Active,Saturday,True,40,4,2,4,0,0,0
4/12/2025,30665172,3/6/2025,Paid,Active,Saturday,True,37,4,2,2,0,0,1
4/12/2025,31297307,3/4/2025,Paid,Active,Saturday,True,39,6,6,1,2,0,0
4/12/2025,32287062,3/4/2025,Free,Active,Saturday,True,39,30,1,2,2,0,0
4/12/2025,33834899,3/5/2025,Paid,Active,Saturday,True,38,11,4,1,1,0,0
4/12/2025,33910622,3/3/2025,Paid,Active,Saturday,True,40,14,4,6,0,0,0
4/12/2025,34782115,3/4/2025,Free,Active,Saturday,True,39,2,10,1,0,0,0
4/12/2025,36017834,3/7/2025,Paid,Active,Saturday,True,36,36,6,2,2,1,1
4/12/2025,36222279,3/5/2025,Paid,Active,Saturday,True,38,8,3,1,0,1,0
4/12/2025,36329183,3/4/2025,Paid,Active,Saturday,True,39,13,10,2,0,1,1
4/12/2025,36946691,3/6/2025,Paid,Active,Saturday,True,37,9,4,3,0,0,0
4/12/2025,38413248,3/7/2025,Free,Active,Saturday,True,36,5,8,2,0,2,0
4/12/2025,39114147,3/7/2025,Free,Active,Saturday,True,36,9,10,3,0,0,0
4/12/2025,39554899,3/4/2025,Free,Active,Saturday,True,39,8,2,4,1,0,1
4/12/2025,40070917,3/4/2025,Paid,Active,Saturday,True,39,8,4,0,0,0,0
4/12/2025,40071067,3/7/2025,Free,Active,Saturday,True,36,6,3,1,0,1,0
4/12/2025,40836783,3/5/2025,Paid,Active,Saturday,True,38,3,12,0,0,0,0
4/12/2025,43564818,3/4/2025,Free,Active,Saturday,True,39,13,7,3,0,0,1
4/12/2025,44441861,3/6/2025,Free,Active,Saturday,True,37,6,1,4,0,0,1
4/12/2025,44549411,3/3/2025,Paid,Active,Saturday,True,40,16,11,1,1,1,0
4/12/2025,44814486,3/3/2025,Paid,Active,Saturday,True,40,2,3,0,1,0,1
4/12/2025,46768760,3/3/2025,Free,Active,Saturday,True,40,9,3,3,1,1,0
4/12/2025,48924961,3/6/2025,Free,Active,Saturday,True,37,16,7,3,3,0,0
4/12/2025,51499006,3/7/2025,Free,Active,Saturday,True,36,9,10,1,0,0,0
4/12/2025,51531887,3/5/2025,Paid,Active,Saturday,True,38,29,4,1,5,0,1
4/12/2025,54276839,3/6/2025,Paid,Active,Saturday,True,37,43,6,1,3,0,0
4/12/2025,54677898,3/5/2025,Free,Active,Saturday,True,38,4,3,2,0,0,0
4/12/2025,55617207,3/6/2025,Free,Active,Saturday,True,37,18,8,0,0,0,1
4/12/2025,55796778,3/7/2025,Paid,Active,Saturday,True,36,22,4,0,2,0,0
4/12/2025,56195615,3/7/2025,Free,Active,Saturday,True,36,5,6,2,1,0,1
4/12/2025,57850647,3/3/2025,Paid,Active,Saturday,True,40,28,4,1,0,0,0
4/12/2025,58798972,3/7/2025,Paid,Active,Saturday,True,36,31,1,1,0,0,0
4/12/2025,59320316,3/4/2025,Free,Active,Saturday,True,39,11,5,2,3,0,0
4/12/2025,59783512,3/5/2025,Paid,Active,Saturday,True,38,22,6,1,2,0,0
4/12/2025,60977230,3/4/2025,Paid,Active,Saturday,True,39,6,15,2,0,0,0
4/12/2025,61356578,3/3/2025,Free,Active,Saturday,True,40,15,8,1,0,2,1
4/12/2025,61786206,3/3/2025,Free,Active,Saturday,True,40,10,1,2,0,0,1
4/12/2025,63534569,3/7/2025,Paid,Active,Saturday,True,36,1,4,1,1,1,0
4/12/2025,63585558,3/6/2025,Paid,Active,Saturday,True,37,6,11,2,0,0,0
4/12/2025,64826108,3/4/2025,Paid,Active,Saturday,True,39,36,5,2,3,1,0
4/12/2025,64875604,3/6/2025,Free,Active,Saturday,True,37,3,9,0,1,1,0
4/12/2025,65164953,3/4/2025,Free,Active,Saturday,True,39,7,3,2,0,1,2
4/12/2025,66085019,3/5/2025,Free,Active,Saturday,True,38,9,8,1,0,2,0
4/12/2025,68233734,3/3/2025,Free,Active,Saturday,True,40,6,6,3,1,0,0
4/12/2025,68378705,3/6/2025,Free,Active,Saturday,True,37,6,7,1,0,0,0
4/12/2025,68805871,3/6/2025,Free,Active,Saturday,True,37,3,4,0,0,0,0
4/12/2025,70007939,3/4/2025,Free,Active,Saturday,True,39,29,3,2,2,0,0
4/12/2025,70268283,3/4/2025,Free,Active,Saturday,True,39,6,5,0,0,1,0
4/12/2025,71124136,3/3/2025,Paid,Active,Saturday,True,40,31,4,0,1,0,0
4/12/2025,73128237,3/7/2025,Paid,Active,Saturday,True,36,10,6,4,1,1,1
4/12/2025,73963079,3/4/2025,Paid,Active,Saturday,True,39,19,2,2,2,0,0
4/12/2025,74062340,3/5/2025,Free,Active,Saturday,True,38,3,0,2,0,0,0
4/12/2025,74092029,3/6/2025,Paid,Active,Saturday,True,37,4,4,8,0,0,1
4/12/2025,74484152,3/4/2025,Paid,Active,Saturday,True,39,16,18,0,1,0,1
4/12/2025,74598602,3/6/2025,Free,Active,Saturday,True,37,23,5,1,2,0,0
4/12/2025,76023894,3/4/2025,Free,Active,Saturday,True,39,10,2,1,2,1,0
4/12/2025,76306583,3/6/2025,Paid,Active,Saturday,True,37,11,5,1,0,1,1
4/12/2025,77337890,3/3/2025,Paid,Active,Saturday,True,40,3,1,4,0,0,1
4/12/2025,77362777,3/6/2025,Free,Active,Saturday,True,37,9,10,1,0,0,0
4/12/2025,77687782,3/3/2025,Free,Active,Saturday,True,40,42,4,1,1,0,2
4/12/2025,78432211,3/4/2025,Paid,Active,Saturday,True,39,23,4,0,1,0,0
4/12/2025,78514449,3/7/2025,Free,Active,Saturday,True,36,22,5,3,2,0,0
4/12/2025,79391007,3/5/2025,Free,Active,Saturday,True,38,4,8,2,0,0,0
4/12/2025,79819778,3/7/2025,Free,Active,Saturday,True,36,11,1,3,1,0,2
4/12/2025,79854644,3/5/2025,Free,Active,Saturday,True,38,9,9,2,0,1,0
4/12/2025,80322173,3/5/2025,Free,Active,Saturday,True,38,4,1,3,0,0,2
4/12/2025,80640969,3/5/2025,Free,Active,Saturday,True,38,6,9,1,0,0,1
4/12/2025,81062415,3/7/2025,Paid,Active,Saturday,True,36,5,3,2,0,0,0
4/12/2025,81895947,3/5/2025,Free,Active,Saturday,True,38,11,2,5,0,0,0
4/12/2025,82032780,3/7/2025,Free,Active,Saturday,True,36,44,4,1,1,0,0
4/12/2025,83673862,3/3/2025,Free,Active,Saturday,True,40,3,2,3,0,0,0
4/12/2025,83753999,3/6/2025,Free,Active,Saturday,True,37,6,6,0,1,0,0
4/12/2025,84047697,3/5/2025,Free,Active,Saturday,True,38,8,4,4,0,1,1
4/12/2025,86372804,3/3/2025,Paid,Active,Saturday,True,40,4,8,1,0,1,0
4/12/2025,86762579,3/5/2025,Paid,Active,Saturday,True,38,9,1,5,0,0,0
4/12/2025,89243555,3/4/2025,Free,Active,Saturday,True,39,7,3,1,2,0,0
4/12/2025,89505560,3/5/2025,Paid,Active,Saturday,True,38,3,2,1,1,2,0
4/12/2025,89547601,3/5/2025,Free,Active,Saturday,True,38,5,4,0,0,0,1
4/12/2025,89580457,3/6/2025,Paid,Active,Saturday,True,37,18,2,0,0,0,0
4/12/2025,89669730,3/7/2025,Paid,Active,Saturday,True,36,22,1,0,0,1,0
4/12/2025,90053100,3/3/2025,Free,Active,Saturday,True,40,6,9,1,0,1,0
4/12/2025,90384679,3/6/2025,Free,Active,Saturday,True,37,5,4,2,0,0,0
4/12/2025,90589301,3/5/2025,Free,Active,Saturday,True,38,37,1,2,2,0,0
4/12/2025,92207376,3/7/2025,Paid,Active,Saturday,True,36,6,3,2,1,0,0
4/12/2025,92575198,3/4/2025,Free,Active,Saturday,True,39,4,7,5,0,0,0
4/12/2025,93805705,3/4/2025,Free,Active,Saturday,True,39,2,1,5,0,0,0
4/12/2025,94491215,3/7/2025,Free,Active,Saturday,True,36,8,9,2,0,1,0
4/12/2025,94796124,3/5/2025,Free,Active,Saturday,True,38,3,3,1,0,0,0
4/12/2025,95834438,3/3/2025,Free,Active,Saturday,True,40,9,4,0,1,0,0
4/12/2025,96659622,3/3/2025,Free,Active,Saturday,True,40,8,10,1,0,0,0
4/13/2025,10453161,3/5/2025,Paid,Active,Sunday,True,39,27,4,1,1,0,0
4/13/2025,10522638,3/7/2025,Paid,Active,Sunday,True,37,19,3,1,0,0,0
4/13/2025,11207503,3/3/2025,Paid,Active,Sunday,True,41,30,5,2,1,0,1
4/13/2025,11495794,3/6/2025,Paid,Active,Sunday,True,38,21,4,2,1,0,1
4/13/2025,12089369,3/7/2025,Free,Active,Sunday,True,37,12,10,1,0,0,0
4/13/2025,12839768,3/7/2025,Free,Active,Sunday,True,37,11,5,4,0,0,1
4/13/2025,14003926,3/3/2025,Free,Active,Sunday,True,41,9,10,3,2,0,0
4/13/2025,14017653,3/3/2025,Free,Active,Sunday,True,41,4,4,1,1,0,2
4/13/2025,14209843,3/4/2025,Paid,Active,Sunday,True,40,9,2,1,0,0,1
4/13/2025,14495366,3/5/2025,Free,Active,Sunday,True,39,3,9,2,0,1,0
4/13/2025,14528458,3/5/2025,Free,Active,Sunday,True,39,15,2,1,1,0,0
4/13/2025,15647148,3/6/2025,Free,Active,Sunday,True,38,17,1,1,0,0,0
4/13/2025,16402515,3/7/2025,Free,Active,Sunday,True,37,9,0,4,1,1,0
4/13/2025,17228968,3/6/2025,Paid,Active,Sunday,True,38,8,6,2,1,0,0
4/13/2025,17463270,3/3/2025,Paid,Active,Sunday,True,41,9,3,2,1,1,0
4/13/2025,17983248,3/4/2025,Paid,Active,Sunday,True,40,8,11,1,1,2,0
4/13/2025,18580473,3/5/2025,Paid,Active,Sunday,True,39,14,17,3,0,1,0
4/13/2025,18940612,3/7/2025,Free,Active,Sunday,True,37,94,5,2,6,0,0
4/13/2025,19577042,3/6/2025,Free,Active,Sunday,True,38,14,8,3,0,0,0
4/13/2025,20119241,3/7/2025,Paid,Active,Sunday,True,37,5,4,3,0,0,1
4/13/2025,21395247,3/3/2025,Paid,Active,Sunday,True,41,22,4,1,1,1,0
4/13/2025,22264388,3/6/2025,Paid,Active,Sunday,True,38,4,2,5,1,0,0
4/13/2025,23358649,3/5/2025,Free,Active,Sunday,True,39,11,4,3,0,0,2
4/13/2025,23940170,3/6/2025,Free,Active,Sunday,True,38,1,8,2,2,0,0
4/13/2025,24627496,3/7/2025,Paid,Active,Sunday,True,37,11,1,0,1,0,0
4/13/2025,25761792,3/6/2025,Free,Active,Sunday,True,38,10,10,3,2,0,0
4/13/2025,25983272,3/4/2025,Free,Active,Sunday,True,40,7,2,5,0,0,0
4/13/2025,26103384,3/4/2025,Paid,Active,Sunday,True,40,10,4,2,0,0,1
4/13/2025,27852032,3/4/2025,Free,Active,Sunday,True,40,9,3,5,3,0,0
4/13/2025,28032367,3/4/2025,Paid,Cancelled,Sunday,True,40,10,3,0,2,0,1
4/13/2025,28168630,3/5/2025,Free,Active,Sunday,True,39,17,2,1,0,0,0
4/13/2025,28500176,3/7/2025,Free,Active,Sunday,True,37,3,2,2,0,0,0
4/13/2025,28608102,3/4/2025,Paid,Active,Sunday,True,40,12,3,2,1,0,0
4/13/2025,28947491,3/3/2025,Free,Active,Sunday,True,41,6,9,3,0,1,0
4/13/2025,29402937,3/3/2025,Free,Active,Sunday,True,41,14,2,2,0,0,0
4/13/2025,29469046,3/6/2025,Free,Active,Sunday,True,38,6,0,2,0,0,0
4/13/2025,29659181,3/6/2025,Free,Active,Sunday,True,38,20,1,1,0,0,0
4/13/2025,30377112,3/3/2025,Paid,Active,Sunday,True,41,6,4,1,0,0,1
4/13/2025,30665172,3/6/2025,Paid,Active,Sunday,True,38,10,4,2,2,0,0
4/13/2025,31297307,3/4/2025,Paid,Active,Sunday,True,40,7,7,0,0,0,0
4/13/2025,32287062,3/4/2025,Free,Active,Sunday,True,40,29,3,2,3,0,0
4/13/2025,33834899,3/5/2025,Paid,Active,Sunday,True,39,6,11,2,2,0,0
4/13/2025,33910622,3/3/2025,Paid,Active,Sunday,True,41,8,2,3,0,0,1
4/13/2025,34782115,3/4/2025,Free,Active,Sunday,True,40,10,10,1,2,0,0
4/13/2025,34889504,3/5/2025,Free,Active,Sunday,True,39,5,7,2,0,3,0
4/13/2025,36017834,3/7/2025,Paid,Active,Sunday,True,37,34,3,2,1,0,0
4/13/2025,36222279,3/5/2025,Paid,Active,Sunday,True,39,6,4,2,0,0,0
4/13/2025,36329183,3/4/2025,Paid,Active,Sunday,True,40,5,16,1,0,0,1
4/13/2025,36946691,3/6/2025,Paid,Active,Sunday,True,38,3,1,1,0,0,0
4/13/2025,38413248,3/7/2025,Free,Active,Sunday,True,37,11,5,0,0,0,1
4/13/2025,39114147,3/7/2025,Free,Active,Sunday,True,37,9,10,3,0,0,0
4/13/2025,39534512,3/6/2025,Free,Active,Sunday,True,38,5,2,3,0,0,2
4/13/2025,40070917,3/4/2025,Paid,Active,Sunday,True,40,20,2,0,2,0,0
4/13/2025,40836783,3/5/2025,Paid,Active,Sunday,True,39,9,11,0,0,0,0
4/13/2025,43564818,3/4/2025,Free,Active,Sunday,True,40,12,2,4,0,0,0
4/13/2025,44441861,3/6/2025,Free,Active,Sunday,True,38,4,2,3,0,0,2
4/13/2025,44814486,3/3/2025,Paid,Active,Sunday,True,41,3,6,1,0,0,0
4/13/2025,46768760,3/3/2025,Free,Active,Sunday,True,41,6,3,2,0,0,1
4/13/2025,48924961,3/6/2025,Free,Active,Sunday,True,38,17,3,1,1,0,0
4/13/2025,51499006,3/7/2025,Free,Active,Sunday,True,37,16,10,2,2,0,0
4/13/2025,51531887,3/5/2025,Paid,Active,Sunday,True,39,42,6,1,2,0,0
4/13/2025,52355265,3/4/2025,Free,Active,Sunday,True,40,52,2,0,5,0,1
4/13/2025,53226858,3/4/2025,Paid,Active,Sunday,True,40,1,1,3,1,1,0
4/13/2025,54276839,3/6/2025,Paid,Cancelled,Sunday,True,38,30,1,3,3,0,0
4/13/2025,54677898,3/5/2025,Free,Active,Sunday,True,39,9,3,2,2,0,0
4/13/2025,55617207,3/6/2025,Free,Active,Sunday,True,38,3,10,2,1,0,0
4/13/2025,55796778,3/7/2025,Paid,Active,Sunday,True,37,18,1,0,0,0,1
4/13/2025,56195615,3/7/2025,Free,Active,Sunday,True,37,17,6,5,1,0,0
4/13/2025,58798972,3/7/2025,Paid,Active,Sunday,True,37,15,2,1,2,0,0
4/13/2025,59320316,3/4/2025,Free,Active,Sunday,True,40,8,9,2,0,1,0
4/13/2025,59783512,3/5/2025,Paid,Active,Sunday,True,39,28,3,1,1,0,0
4/13/2025,60977230,3/4/2025,Paid,Active,Sunday,True,40,16,19,2,1,0,1
4/13/2025,61356578,3/3/2025,Free,Active,Sunday,True,41,16,7,2,2,0,1
4/13/2025,61786206,3/3/2025,Free,Active,Sunday,True,41,8,4,3,0,0,1
4/13/2025,63534569,3/7/2025,Paid,Active,Sunday,True,37,3,12,1,0,0,0
4/13/2025,63585558,3/6/2025,Paid,Active,Sunday,True,38,8,4,3,1,0,0
4/13/2025,64826108,3/4/2025,Paid,Active,Sunday,True,40,19,2,2,1,0,0
4/13/2025,64875604,3/6/2025,Free,Active,Sunday,True,38,8,9,1,0,1,0
4/13/2025,65164953,3/4/2025,Free,Active,Sunday,True,40,11,3,5,0,0,0
4/13/2025,66085019,3/5/2025,Free,Active,Sunday,True,39,16,10,1,1,0,0
4/13/2025,67901718,3/7/2025,Paid,Active,Sunday,True,37,12,9,2,0,0,0
4/13/2025,68233734,3/3/2025,Free,Active,Sunday,True,41,9,2,5,2,0,0
4/13/2025,68805871,3/6/2025,Free,Active,Sunday,True,38,5,2,0,0,1,0
4/13/2025,68955030,3/6/2025,Free,Active,Sunday,True,38,3,1,2,0,0,0
4/13/2025,69497858,3/4/2025,Free,Active,Sunday,True,40,4,4,0,0,0,0
4/13/2025,70007939,3/4/2025,Free,Active,Sunday,True,40,20,3,1,1,0,0
4/13/2025,71124136,3/3/2025,Paid,Active,Sunday,True,41,13,1,2,0,0,0
4/13/2025,71790553,3/4/2025,Paid,Active,Sunday,True,40,29,1,1,0,0,0
4/13/2025,72469436,3/3/2025,Free,Active,Sunday,True,41,27,4,0,3,0,0
4/13/2025,73128237,3/7/2025,Paid,Active,Sunday,True,37,10,5,5,0,0,1
4/13/2025,73530116,3/3/2025,Paid,Active,Sunday,True,41,12,2,0,1,0,0
4/13/2025,73567762,3/6/2025,Free,Active,Sunday,True,38,6,1,5,1,1,0
4/13/2025,73963079,3/4/2025,Paid,Active,Sunday,True,40,11,4,1,0,0,0
4/13/2025,74092029,3/6/2025,Paid,Active,Sunday,True,38,16,6,3,0,0,1
4/13/2025,74484152,3/4/2025,Paid,Active,Sunday,True,40,17,15,3,1,0,0
4/13/2025,74598602,3/6/2025,Free,Active,Sunday,True,38,15,4,3,0,0,0
4/13/2025,76023894,3/4/2025,Free,Active,Sunday,True,40,5,10,1,0,0,0
4/13/2025,76587233,3/4/2025,Paid,Active,Sunday,True,40,16,2,0,3,0,0
4/13/2025,76671851,3/6/2025,Free,Active,Sunday,True,38,11,3,5,0,0,0
4/13/2025,77362777,3/6/2025,Free,Active,Sunday,True,38,11,8,1,1,0,0
4/13/2025,77687782,3/3/2025,Free,Active,Sunday,True,41,67,5,2,2,0,1
4/13/2025,78432211,3/4/2025,Paid,Active,Sunday,True,40,30,3,2,2,0,0
4/13/2025,78514449,3/7/2025,Free,Active,Sunday,True,37,19,3,3,1,0,0
4/13/2025,79391007,3/5/2025,Free,Active,Sunday,True,39,8,10,1,0,0,1
4/13/2025,79854644,3/5/2025,Free,Active,Sunday,True,39,3,10,2,1,0,0
4/13/2025,80322173,3/5/2025,Free,Active,Sunday,True,39,10,1,4,1,0,0
4/13/2025,81058962,3/4/2025,Free,Active,Sunday,True,40,7,9,1,0,1,0
4/13/2025,81062415,3/7/2025,Paid,Active,Sunday,True,37,11,2,4,1,0,1
4/13/2025,81895947,3/5/2025,Free,Active,Sunday,True,39,11,4,3,0,0,0
4/13/2025,84047697,3/5/2025,Free,Active,Sunday,True,39,5,4,5,1,1,0
4/13/2025,86372804,3/3/2025,Paid,Active,Sunday,True,41,8,9,1,0,0,0
4/13/2025,86762579,3/5/2025,Paid,Active,Sunday,True,39,4,2,3,0,0,1
4/13/2025,89243555,3/4/2025,Free,Active,Sunday,True,40,24,4,1,1,0,0
4/13/2025,89281326,3/3/2025,Free,Active,Sunday,True,41,4,10,0,0,0,1
4/13/2025,89505560,3/5/2025,Paid,Active,Sunday,True,39,4,4,2,0,0,0
4/13/2025,89547601,3/5/2025,Free,Active,Sunday,True,39,12,9,0,0,1,0
4/13/2025,89580457,3/6/2025,Paid,Active,Sunday,True,38,13,2,1,0,0,0
4/13/2025,89669730,3/7/2025,Paid,Active,Sunday,True,37,10,4,1,0,0,0
4/13/2025,90053100,3/3/2025,Free,Active,Sunday,True,41,10,8,1,1,0,0
4/13/2025,90384679,3/6/2025,Free,Active,Sunday,True,38,18,9,1,0,0,0
4/13/2025,90589301,3/5/2025,Free,Active,Sunday,True,39,96,6,3,4,0,0
4/13/2025,91286478,3/7/2025,Free,Active,Sunday,True,37,15,0,0,1,0,0
4/13/2025,92575198,3/4/2025,Free,Active,Sunday,True,40,12,5,4,0,0,0
4/13/2025,93721129,3/4/2025,Paid,Active,Sunday,True,40,8,2,4,1,0,0
4/13/2025,94491215,3/7/2025,Free,Active,Sunday,True,37,8,9,0,1,1,1
4/13/2025,95834438,3/3/2025,Free,Active,Sunday,True,41,3,6,0,1,0,0
4/13/2025,95928771,3/5/2025,Paid,Active,Sunday,True,39,12,9,1,0,0,0
4/13/2025,96659622,3/3/2025,Free,Active,Sunday,True,41,5,5,1,0,0,0
4/13/2025,98245773,3/3/2025,Free,Active,Sunday,True,41,2,2,1,1,1,0
4/14/2025,10439750,3/6/2025,Paid,Active,Monday,False,39,7,2,1,1,0,0
4/14/2025,10522638,3/7/2025,Paid,Active,Monday,False,38,22,4,1,3,0,0
4/14/2025,11207503,3/3/2025,Paid,Active,Monday,False,42,43,5,2,1,0,0
4/14/2025,11495794,3/6/2025,Paid,Active,Monday,False,39,31,7,0,1,0,0
4/14/2025,12839768,3/7/2025,Free,Active,Monday,False,38,14,5,4,0,2,1
4/14/2025,14003926,3/3/2025,Free,Active,Monday,False,42,8,8,3,1,0,0
4/14/2025,14017653,3/3/2025,Free,Active,Monday,False,42,10,3,3,0,0,0
4/14/2025,14209843,3/4/2025,Paid,Active,Monday,False,41,9,1,3,0,0,0
4/14/2025,14495366,3/5/2025,Free,Active,Monday,False,40,9,10,1,0,0,0
4/14/2025,14528458,3/5/2025,Free,Active,Monday,False,40,16,4,1,0,0,0
4/14/2025,14851543,3/7/2025,Free,Active,Monday,False,38,7,1,3,0,0,1
4/14/2025,15647148,3/6/2025,Free,Active,Monday,False,39,43,3,0,2,0,0
4/14/2025,16323501,3/5/2025,Free,Active,Monday,False,40,12,4,1,0,0,1
4/14/2025,16402515,3/7/2025,Free,Active,Monday,False,38,7,4,2,0,0,0
4/14/2025,17463270,3/3/2025,Paid,Active,Monday,False,42,22,2,0,3,1,1
4/14/2025,17983248,3/4/2025,Paid,Active,Monday,False,41,11,3,1,0,0,0
4/14/2025,18580473,3/5/2025,Paid,Active,Monday,False,40,17,12,2,0,2,0
4/14/2025,18940612,3/7/2025,Free,Active,Monday,False,38,28,3,2,0,0,0
4/14/2025,19577042,3/6/2025,Free,Active,Monday,False,39,17,10,1,0,0,0
4/14/2025,20119241,3/7/2025,Paid,Active,Monday,False,38,7,1,6,1,0,0
4/14/2025,20473587,3/5/2025,Free,Active,Monday,False,40,13,2,1,2,0,0
4/14/2025,21395247,3/3/2025,Paid,Active,Monday,False,42,29,4,1,1,0,0
4/14/2025,22264388,3/6/2025,Paid,Active,Monday,False,39,10,3,3,1,1,0
4/14/2025,23272498,3/5/2025,Free,Active,Monday,False,40,12,3,1,0,0,0
4/14/2025,23358649,3/5/2025,Free,Active,Monday,False,40,7,4,5,1,0,0
4/14/2025,23940170,3/6/2025,Free,Active,Monday,False,39,4,10,0,0,0,0
4/14/2025,25761792,3/6/2025,Free,Active,Monday,False,39,16,10,1,0,0,0
4/14/2025,25983272,3/4/2025,Free,Active,Monday,False,41,4,2,3,1,0,1
4/14/2025,26103384,3/4/2025,Paid,Active,Monday,False,41,12,4,4,0,1,0
4/14/2025,27852032,3/4/2025,Free,Active,Monday,False,41,17,2,5,1,0,0
4/14/2025,28168630,3/5/2025,Free,Active,Monday,False,40,38,3,2,1,0,0
4/14/2025,28500176,3/7/2025,Free,Active,Monday,False,38,3,1,1,0,0,0
4/14/2025,28608102,3/4/2025,Paid,Active,Monday,False,41,15,1,1,0,0,1
4/14/2025,28947491,3/3/2025,Free,Active,Monday,False,42,10,9,0,2,0,1
4/14/2025,29402937,3/3/2025,Free,Active,Monday,False,42,25,2,1,3,0,0
4/14/2025,30377112,3/3/2025,Paid,Active,Monday,False,42,5,1,4,0,0,0
4/14/2025,30665172,3/6/2025,Paid,Active,Monday,False,39,6,2,1,2,0,0
4/14/2025,31297307,3/4/2025,Paid,Active,Monday,False,41,9,8,1,2,1,0
4/14/2025,32287062,3/4/2025,Free,Active,Monday,False,41,13,1,1,0,0,0
4/14/2025,33910622,3/3/2025,Paid,Active,Monday,False,42,4,3,5,0,0,0
4/14/2025,34782115,3/4/2025,Free,Active,Monday,False,41,5,6,2,0,1,0
4/14/2025,34889504,3/5/2025,Free,Active,Monday,False,40,5,8,1,2,2,0
4/14/2025,36329183,3/4/2025,Paid,Active,Monday,False,41,14,4,0,1,1,0
4/14/2025,39114147,3/7/2025,Free,Active,Monday,False,38,14,9,3,0,1,0
4/14/2025,39554899,3/4/2025,Free,Active,Monday,False,41,3,1,2,0,0,0
4/14/2025,40070917,3/4/2025,Paid,Active,Monday,False,41,8,1,0,0,0,0
4/14/2025,43564818,3/4/2025,Free,Active,Monday,False,41,6,3,4,0,0,1
4/14/2025,44382081,3/5/2025,Free,Active,Monday,False,40,12,1,1,4,0,0
4/14/2025,44441861,3/6/2025,Free,Active,Monday,False,39,10,4,3,0,0,0
4/14/2025,44549411,3/3/2025,Paid,Active,Monday,False,42,7,8,1,0,0,0
4/14/2025,46768760,3/3/2025,Free,Active,Monday,False,42,6,1,5,0,1,0
4/14/2025,48924961,3/6/2025,Free,Active,Monday,False,39,11,3,1,1,0,0
4/14/2025,51499006,3/7/2025,Free,Active,Monday,False,38,8,9,2,1,0,0
4/14/2025,51531887,3/5/2025,Paid,Active,Monday,False,40,36,2,1,2,0,0
4/14/2025,52607867,3/5/2025,Paid,Active,Monday,False,40,4,2,1,1,0,0
4/14/2025,53226858,3/4/2025,Paid,Active,Monday,False,41,8,1,2,2,0,0
4/14/2025,54677898,3/5/2025,Free,Active,Monday,False,40,3,2,3,0,0,0
4/14/2025,55617207,3/6/2025,Free,Active,Monday,False,39,13,8,1,1,0,0
4/14/2025,56195615,3/7/2025,Free,Active,Monday,False,38,16,4,5,1,1,0
4/14/2025,57850647,3/3/2025,Paid,Active,Monday,False,42,24,3,2,1,0,0
4/14/2025,59783512,3/5/2025,Paid,Active,Monday,False,40,19,4,2,2,0,0
4/14/2025,60977230,3/4/2025,Paid,Active,Monday,False,41,13,4,2,0,1,0
4/14/2025,61356578,3/3/2025,Free,Active,Monday,False,42,16,9,1,0,0,0
4/14/2025,61786206,3/3/2025,Free,Active,Monday,False,42,8,1,3,0,0,0
4/14/2025,63534569,3/7/2025,Paid,Active,Monday,False,38,10,11,1,1,1,0
4/14/2025,63585558,3/6/2025,Paid,Active,Monday,False,39,11,10,2,0,1,0
4/14/2025,64826108,3/4/2025,Paid,Active,Monday,False,41,29,1,2,0,0,1
4/14/2025,64875604,3/6/2025,Free,Active,Monday,False,39,9,2,1,0,1,0
4/14/2025,65164953,3/4/2025,Free,Active,Monday,False,41,9,2,3,0,0,0
4/14/2025,66085019,3/5/2025,Free,Active,Monday,False,40,14,9,3,1,1,0
4/14/2025,68233734,3/3/2025,Free,Active,Monday,False,42,15,4,3,2,0,0
4/14/2025,68378705,3/6/2025,Free,Active,Monday,False,39,2,7,1,0,0,0
4/14/2025,68805871,3/6/2025,Free,Active,Monday,False,39,4,2,0,0,0,0
4/14/2025,68955030,3/6/2025,Free,Active,Monday,False,39,2,0,1,0,1,0
4/14/2025,70007939,3/4/2025,Free,Active,Monday,False,41,12,3,2,0,0,0
4/14/2025,70268283,3/4/2025,Free,Active,Monday,False,41,9,10,0,0,0,0
4/14/2025,71790553,3/4/2025,Paid,Active,Monday,False,41,28,1,0,0,0,0
4/14/2025,72469436,3/3/2025,Free,Active,Monday,False,42,18,2,2,1,0,0
4/14/2025,73128237,3/7/2025,Paid,Active,Monday,False,38,4,2,3,2,1,0
4/14/2025,74062340,3/5/2025,Free,Active,Monday,False,40,5,1,1,0,0,0
4/14/2025,74092029,3/6/2025,Paid,Active,Monday,False,39,4,2,6,0,1,0
4/14/2025,74484152,3/4/2025,Paid,Active,Monday,False,41,9,10,3,1,3,0
4/14/2025,76023894,3/4/2025,Free,Active,Monday,False,41,8,10,2,0,0,0
4/14/2025,76306583,3/6/2025,Paid,Active,Monday,False,39,7,11,2,0,1,0
4/14/2025,76671851,3/6/2025,Free,Active,Monday,False,39,6,4,5,0,0,0
4/14/2025,77362777,3/6/2025,Free,Active,Monday,False,39,5,7,2,0,2,0
4/14/2025,77687782,3/3/2025,Free,Active,Monday,False,42,41,4,3,2,1,0
4/14/2025,78432211,3/4/2025,Paid,Active,Monday,False,41,28,1,1,2,0,0
4/14/2025,79391007,3/5/2025,Free,Active,Monday,False,40,7,9,0,0,1,1
4/14/2025,79819778,3/7/2025,Free,Active,Monday,False,38,6,4,3,0,0,2
4/14/2025,79854644,3/5/2025,Free,Active,Monday,False,40,17,8,1,0,2,0
4/14/2025,80322173,3/5/2025,Free,Active,Monday,False,40,7,3,3,1,0,0
4/14/2025,80640969,3/5/2025,Free,Active,Monday,False,40,10,5,0,1,1,0
4/14/2025,83673862,3/3/2025,Free,Active,Monday,False,42,6,2,1,1,0,0
4/14/2025,84047697,3/5/2025,Free,Active,Monday,False,40,15,3,5,2,0,0
4/14/2025,86762579,3/5/2025,Paid,Active,Monday,False,40,7,2,3,1,0,0
4/14/2025,89243555,3/4/2025,Free,Active,Monday,False,41,12,4,1,1,0,0
4/14/2025,89281326,3/3/2025,Free,Active,Monday,False,42,8,5,2,1,0,0
4/14/2025,89505560,3/5/2025,Paid,Active,Monday,False,40,10,2,4,0,0,0
4/14/2025,89547601,3/5/2025,Free,Active,Monday,False,40,3,10,1,0,0,0
4/14/2025,90053100,3/3/2025,Free,Active,Monday,False,42,6,9,1,0,1,0
4/14/2025,90384679,3/6/2025,Free,Active,Monday,False,39,11,10,1,1,0,0
4/14/2025,90589301,3/5/2025,Free,Active,Monday,False,40,22,5,1,1,0,0
4/14/2025,92575198,3/4/2025,Free,Active,Monday,False,41,8,5,3,0,0,1
4/14/2025,93721129,3/4/2025,Paid,Active,Monday,False,41,9,2,4,0,0,0
4/14/2025,93805705,3/4/2025,Free,Active,Monday,False,41,4,1,2,0,0,0
4/14/2025,94796124,3/5/2025,Free,Active,Monday,False,40,2,9,1,1,1,0
4/14/2025,95834438,3/3/2025,Free,Active,Monday,False,42,7,9,1,0,0,1
4/14/2025,95928771,3/5/2025,Paid,Active,Monday,False,40,3,10,0,0,0,0
4/14/2025,96659622,3/3/2025,Free,Active,Monday,False,42,7,6,0,0,1,1
4/14/2025,97515553,3/3/2025,Free,Active,Monday,False,42,12,1,1,0,0,0
4/15/2025,10439750,3/6/2025,Paid,Active,Tuesday,False,40,29,4,1,0,1,0
4/15/2025,10517792,3/6/2025,Free,Active,Tuesday,False,40,11,8,2,1,2,0
4/15/2025,11495794,3/6/2025,Paid,Active,Tuesday,False,40,14,3,1,0,0,0
4/15/2025,12089369,3/7/2025,Free,Active,Tuesday,False,39,11,9,0,0,0,0
4/15/2025,12839768,3/7/2025,Free,Active,Tuesday,False,39,10,5,5,0,0,0
4/15/2025,14003926,3/3/2025,Free,Active,Tuesday,False,43,10,9,1,0,1,0
4/15/2025,14209843,3/4/2025,Paid,Active,Tuesday,False,42,9,4,2,0,0,1
4/15/2025,14495366,3/5/2025,Free,Active,Tuesday,False,41,5,9,1,0,0,0
4/15/2025,14528458,3/5/2025,Free,Active,Tuesday,False,41,24,3,2,1,0,0
4/15/2025,15647148,3/6/2025,Free,Active,Tuesday,False,40,26,1,1,1,0,0
4/15/2025,16323501,3/5/2025,Free,Active,Tuesday,False,41,11,3,0,0,0,1
4/15/2025,17228968,3/6/2025,Paid,Active,Tuesday,False,40,3,4,0,0,1,0
4/15/2025,17983248,3/4/2025,Paid,Active,Tuesday,False,42,9,10,1,0,1,0
4/15/2025,18580473,3/5/2025,Paid,Active,Tuesday,False,41,5,18,2,1,1,0
4/15/2025,19577042,3/6/2025,Free,Active,Tuesday,False,40,8,5,2,0,0,0
4/15/2025,20119241,3/7/2025,Paid,Active,Tuesday,False,39,5,3,1,1,0,0
4/15/2025,21395247,3/3/2025,Paid,Active,Tuesday,False,43,12,3,1,2,0,0
4/15/2025,23358649,3/5/2025,Free,Active,Tuesday,False,41,5,2,2,0,0,1
4/15/2025,23940170,3/6/2025,Free,Active,Tuesday,False,40,6,7,2,1,1,0
4/15/2025,24627496,3/7/2025,Paid,Active,Tuesday,False,39,5,2,0,0,0,0
4/15/2025,25761792,3/6/2025,Free,Active,Tuesday,False,40,7,9,3,0,1,0
4/15/2025,25983272,3/4/2025,Free,Active,Tuesday,False,42,8,3,5,2,0,0
4/15/2025,26103384,3/4/2025,Paid,Active,Tuesday,False,42,7,5,6,1,1,0
4/15/2025,28168630,3/5/2025,Free,Active,Tuesday,False,41,88,0,1,5,1,0
4/15/2025,28608102,3/4/2025,Paid,Active,Tuesday,False,42,28,3,1,1,0,1
4/15/2025,28947491,3/3/2025,Paid,Active,Tuesday,False,43,14,19,2,4,0,0
4/15/2025,29659181,3/6/2025,Free,Active,Tuesday,False,40,16,4,1,0,0,0
4/15/2025,30377112,3/3/2025,Paid,Active,Tuesday,False,43,3,3,5,0,0,1
4/15/2025,30665172,3/6/2025,Paid,Active,Tuesday,False,40,3,1,4,0,0,0
4/15/2025,31297307,3/4/2025,Paid,Active,Tuesday,False,42,11,3,1,1,0,0
4/15/2025,32287062,3/4/2025,Free,Active,Tuesday,False,42,10,2,2,0,1,0
4/15/2025,33834899,3/5/2025,Paid,Active,Tuesday,False,41,4,7,1,0,1,0
4/15/2025,33910622,3/3/2025,Paid,Active,Tuesday,False,43,10,3,5,2,0,0
4/15/2025,34889504,3/5/2025,Free,Active,Tuesday,False,41,7,9,1,0,1,0
4/15/2025,36017834,3/7/2025,Paid,Active,Tuesday,False,39,14,0,3,0,1,0
4/15/2025,36329183,3/4/2025,Paid,Active,Tuesday,False,42,14,6,0,1,0,0
4/15/2025,36946691,3/6/2025,Paid,Active,Tuesday,False,40,9,1,5,0,0,1
4/15/2025,39114147,3/7/2025,Free,Active,Tuesday,False,39,8,10,3,0,0,0
4/15/2025,39534512,3/6/2025,Free,Active,Tuesday,False,40,3,2,1,0,0,0
4/15/2025,39554899,3/4/2025,Free,Active,Tuesday,False,42,7,2,1,0,0,1
4/15/2025,43564818,3/4/2025,Free,Active,Tuesday,False,42,12,1,5,2,1,0
4/15/2025,44549411,3/3/2025,Paid,Active,Tuesday,False,43,15,6,1,2,1,0
4/15/2025,46347412,3/5/2025,Free,Active,Tuesday,False,41,6,7,1,0,0,0
4/15/2025,46768760,3/3/2025,Free,Active,Tuesday,False,43,11,4,5,0,0,0
4/15/2025,47729983,3/7/2025,Free,Active,Tuesday,False,39,3,4,0,0,0,1
4/15/2025,48924961,3/6/2025,Free,Active,Tuesday,False,40,32,6,1,5,1,0
4/15/2025,51499006,3/7/2025,Free,Active,Tuesday,False,39,10,8,1,0,2,0
4/15/2025,54677898,3/5/2025,Free,Active,Tuesday,False,41,9,2,4,0,1,0
4/15/2025,55617207,3/6/2025,Free,Active,Tuesday,False,40,8,9,2,0,1,1
4/15/2025,56195615,3/7/2025,Free,Active,Tuesday,False,39,11,3,4,0,0,1
4/15/2025,57850647,3/3/2025,Paid,Active,Tuesday,False,43,9,1,1,1,0,0
4/15/2025,59320316,3/4/2025,Free,Active,Tuesday,False,42,9,8,1,0,0,0
4/15/2025,59783512,3/5/2025,Paid,Active,Tuesday,False,41,21,6,3,1,0,0
4/15/2025,60977230,3/4/2025,Paid,Active,Tuesday,False,42,5,14,1,0,1,0
4/15/2025,61356578,3/3/2025,Paid,Active,Tuesday,False,43,11,14,0,0,1,1
4/15/2025,61786206,3/3/2025,Free,Active,Tuesday,False,43,11,3,3,0,1,0
4/15/2025,63534569,3/7/2025,Paid,Active,Tuesday,False,39,9,7,1,0,0,0
4/15/2025,63585558,3/6/2025,Paid,Active,Tuesday,False,40,18,4,1,0,1,0
4/15/2025,64826108,3/4/2025,Paid,Active,Tuesday,False,42,46,3,1,2,0,0
4/15/2025,64875604,3/6/2025,Free,Active,Tuesday,False,40,4,10,0,0,0,0
4/15/2025,65164953,3/4/2025,Free,Active,Tuesday,False,42,9,2,1,0,0,0
4/15/2025,66085019,3/5/2025,Free,Active,Tuesday,False,41,16,4,1,0,0,0
4/15/2025,67901718,3/7/2025,Paid,Active,Tuesday,False,39,11,7,2,0,0,0
4/15/2025,68233734,3/3/2025,Free,Active,Tuesday,False,43,15,5,3,1,0,1
4/15/2025,68378705,3/6/2025,Free,Active,Tuesday,False,40,6,5,1,0,0,0
4/15/2025,68955030,3/6/2025,Free,Active,Tuesday,False,40,6,2,2,1,0,0
4/15/2025,70007939,3/4/2025,Free,Active,Tuesday,False,42,28,3,1,3,0,0
4/15/2025,70268283,3/4/2025,Free,Active,Tuesday,False,42,11,7,1,0,1,0
4/15/2025,71124136,3/3/2025,Paid,Active,Tuesday,False,43,26,5,1,1,0,0
4/15/2025,71790553,3/4/2025,Paid,Active,Tuesday,False,42,20,3,1,2,0,0
4/15/2025,73128237,3/7/2025,Paid,Active,Tuesday,False,39,15,2,7,1,0,1
4/15/2025,73963079,3/4/2025,Paid,Active,Tuesday,False,42,12,3,2,0,1,0
4/15/2025,74062340,3/5/2025,Free,Active,Tuesday,False,41,2,1,2,0,0,0
4/15/2025,74092029,3/6/2025,Paid,Active,Tuesday,False,40,3,2,4,1,0,0
4/15/2025,74484152,3/4/2025,Paid,Active,Tuesday,False,42,10,16,0,0,0,0
4/15/2025,74598602,3/6/2025,Free,Active,Tuesday,False,40,42,6,3,1,0,0
4/15/2025,76587233,3/4/2025,Paid,Active,Tuesday,False,42,25,3,2,4,1,0
4/15/2025,77337890,3/3/2025,Paid,Active,Tuesday,False,43,5,2,3,0,0,1
4/15/2025,77362777,3/6/2025,Free,Active,Tuesday,False,40,7,8,2,0,2,0
4/15/2025,77687782,3/3/2025,Free,Active,Tuesday,False,43,26,5,2,0,0,0
4/15/2025,78432211,3/4/2025,Paid,Active,Tuesday,False,42,30,3,0,0,0,0
4/15/2025,78514449,3/7/2025,Free,Active,Tuesday,False,39,96,7,3,4,0,0
4/15/2025,79391007,3/5/2025,Free,Active,Tuesday,False,41,8,5,1,1,1,0
4/15/2025,79819778,3/7/2025,Free,Active,Tuesday,False,39,10,4,3,0,0,1
4/15/2025,79854644,3/5/2025,Free,Active,Tuesday,False,41,12,9,2,0,0,0
4/15/2025,80322173,3/5/2025,Free,Active,Tuesday,False,41,3,2,4,1,0,1
4/15/2025,81058962,3/4/2025,Free,Active,Tuesday,False,42,4,10,0,0,0,0
4/15/2025,81062415,3/7/2025,Paid,Active,Tuesday,False,39,9,1,5,0,0,0
4/15/2025,83673862,3/3/2025,Free,Active,Tuesday,False,43,6,2,3,0,0,0
4/15/2025,83753999,3/6/2025,Free,Active,Tuesday,False,40,3,7,0,0,0,0
4/15/2025,86372804,3/3/2025,Paid,Active,Tuesday,False,43,10,6,1,1,0,0
4/15/2025,89505560,3/5/2025,Paid,Active,Tuesday,False,41,8,2,4,0,2,0
4/15/2025,89669730,3/7/2025,Paid,Active,Tuesday,False,39,8,4,1,0,0,0
4/15/2025,90384679,3/6/2025,Free,Active,Tuesday,False,40,15,9,2,0,1,1
4/15/2025,90589301,3/5/2025,Free,Active,Tuesday,False,41,40,1,0,1,0,0
4/15/2025,92575198,3/4/2025,Free,Active,Tuesday,False,42,16,5,2,0,0,0
4/15/2025,93721129,3/4/2025,Paid,Active,Tuesday,False,42,5,4,5,1,0,1
4/15/2025,94491215,3/7/2025,Free,Active,Tuesday,False,39,16,10,2,0,0,0
4/15/2025,95834438,3/3/2025,Free,Active,Tuesday,False,43,9,7,1,0,1,0
4/15/2025,97515553,3/3/2025,Free,Active,Tuesday,False,43,4,2,4,1,1,1
4/15/2025,98245773,3/3/2025,Free,Active,Tuesday,False,43,7,5,0,0,0,0
4/16/2025,10213838,3/4/2025,Free,Active,Wednesday,False,43,3,7,1,0,0,0
4/16/2025,10517792,3/6/2025,Free,Active,Wednesday,False,41,5,10,1,0,0,0
4/16/2025,12839768,3/7/2025,Free,Active,Wednesday,False,40,17,4,5,1,0,0
4/16/2025,14003926,3/3/2025,Free,Active,Wednesday,False,44,4,10,1,1,0,0
4/16/2025,14017653,3/3/2025,Free,Active,Wednesday,False,44,4,4,2,0,0,1
4/16/2025,14209843,3/4/2025,Paid,Active,Wednesday,False,43,12,2,4,0,0,0
4/16/2025,14495366,3/5/2025,Free,Active,Wednesday,False,42,6,6,1,0,2,0
4/16/2025,14851543,3/7/2025,Free,Active,Wednesday,False,40,3,1,2,0,0,0
4/16/2025,15647148,3/6/2025,Free,Active,Wednesday,False,41,13,4,1,2,0,0
4/16/2025,16323501,3/5/2025,Free,Active,Wednesday,False,42,5,7,2,0,1,0
4/16/2025,17463270,3/3/2025,Paid,Active,Wednesday,False,44,12,1,2,0,1,0
4/16/2025,17983248,3/4/2025,Paid,Active,Wednesday,False,43,3,12,0,0,0,0
4/16/2025,18580473,3/5/2025,Paid,Active,Wednesday,False,42,9,10,1,0,0,0
4/16/2025,18940612,3/7/2025,Free,Active,Wednesday,False,40,21,3,0,2,0,1
4/16/2025,19577042,3/6/2025,Free,Active,Wednesday,False,41,12,10,1,2,0,1
4/16/2025,20119241,3/7/2025,Paid,Active,Wednesday,False,40,5,1,4,1,0,0
4/16/2025,20473587,3/5/2025,Free,Active,Wednesday,False,42,22,2,2,3,0,0
4/16/2025,21395247,3/3/2025,Paid,Active,Wednesday,False,44,30,2,1,2,0,1
4/16/2025,22264388,3/6/2025,Paid,Active,Wednesday,False,41,4,3,2,1,0,0
4/16/2025,23272498,3/5/2025,Free,Active,Wednesday,False,42,8,4,1,1,0,0
4/16/2025,23358649,3/5/2025,Free,Active,Wednesday,False,42,5,3,1,2,0,2
4/16/2025,23940170,3/6/2025,Free,Active,Wednesday,False,41,3,5,2,0,0,0
4/16/2025,25761792,3/6/2025,Free,Active,Wednesday,False,41,5,10,1,1,0,0
4/16/2025,26103384,3/4/2025,Paid,Active,Wednesday,False,43,13,1,3,0,0,0
4/16/2025,28500176,3/7/2025,Free,Active,Wednesday,False,40,4,1,5,0,0,0
4/16/2025,28608102,3/4/2025,Paid,Active,Wednesday,False,43,17,2,1,1,0,0
4/16/2025,28947491,3/3/2025,Paid,Active,Wednesday,False,44,13,13,1,1,1,1
4/16/2025,29659181,3/6/2025,Free,Active,Wednesday,False,41,18,3,1,1,0,0
4/16/2025,30377112,3/3/2025,Paid,Active,Wednesday,False,44,9,4,4,1,0,0
4/16/2025,31297307,3/4/2025,Paid,Active,Wednesday,False,43,4,10,2,0,1,0
4/16/2025,32287062,3/4/2025,Free,Active,Wednesday,False,43,11,3,2,1,0,0
4/16/2025,33834899,3/5/2025,Paid,Active,Wednesday,False,42,6,4,0,0,0,0
4/16/2025,33910622,3/3/2025,Paid,Active,Wednesday,False,44,5,5,2,0,1,1
4/16/2025,34889504,3/5/2025,Free,Active,Wednesday,False,42,13,9,1,1,0,0
4/16/2025,36017834,3/7/2025,Paid,Active,Wednesday,False,40,17,2,2,0,0,0
4/16/2025,36222279,3/5/2025,Paid,Active,Wednesday,False,42,4,2,3,0,0,0
4/16/2025,36946691,3/6/2025,Paid,Cancelled,Wednesday,False,41,4,3,2,1,1,0
4/16/2025,38413248,3/7/2025,Free,Active,Wednesday,False,40,7,9,1,1,1,0
4/16/2025,39114147,3/7/2025,Free,Active,Wednesday,False,40,13,9,2,2,1,1
4/16/2025,39534512,3/6/2025,Free,Active,Wednesday,False,41,2,0,3,0,0,0
4/16/2025,39554899,3/4/2025,Free,Active,Wednesday,False,43,10,1,3,0,1,0
4/16/2025,40836783,3/5/2025,Paid,Active,Wednesday,False,42,10,6,1,0,2,1
4/16/2025,43564818,3/4/2025,Free,Active,Wednesday,False,43,17,6,5,0,0,0
4/16/2025,44382081,3/5/2025,Free,Active,Wednesday,False,42,15,2,1,3,0,0
4/16/2025,44814486,3/3/2025,Paid,Active,Wednesday,False,44,4,4,0,0,1,0
4/16/2025,46347412,3/5/2025,Free,Active,Wednesday,False,42,3,9,0,0,0,0
4/16/2025,47729983,3/7/2025,Free,Active,Wednesday,False,40,4,10,0,0,0,0
4/16/2025,48924961,3/6/2025,Free,Active,Wednesday,False,41,10,5,2,1,0,0
4/16/2025,51499006,3/7/2025,Free,Active,Wednesday,False,40,16,8,2,0,0,0
4/16/2025,51531887,3/5/2025,Paid,Active,Wednesday,False,42,22,3,3,0,0,0
4/16/2025,54677898,3/5/2025,Free,Active,Wednesday,False,42,7,1,3,1,1,0
4/16/2025,55617207,3/6/2025,Free,Active,Wednesday,False,41,9,5,2,0,0,1
4/16/2025,55796778,3/7/2025,Paid,Active,Wednesday,False,40,12,3,2,0,0,0
4/16/2025,56195615,3/7/2025,Free,Active,Wednesday,False,40,16,7,5,0,0,0
4/16/2025,57850647,3/3/2025,Paid,Active,Wednesday,False,44,7,1,1,1,0,0
4/16/2025,59320316,3/4/2025,Paid,Active,Wednesday,False,43,15,6,2,1,1,0
4/16/2025,59783512,3/5/2025,Paid,Active,Wednesday,False,42,16,2,3,1,0,0
4/16/2025,60977230,3/4/2025,Paid,Active,Wednesday,False,43,13,9,1,1,0,1
4/16/2025,61356578,3/3/2025,Paid,Active,Wednesday,False,44,7,5,1,2,1,0
4/16/2025,61786206,3/3/2025,Free,Active,Wednesday,False,44,3,2,3,0,0,0
4/16/2025,63534569,3/7/2025,Paid,Active,Wednesday,False,40,8,9,2,0,0,0
4/16/2025,63585558,3/6/2025,Paid,Active,Wednesday,False,41,6,11,1,0,0,0
4/16/2025,64826108,3/4/2025,Paid,Active,Wednesday,False,43,18,5,1,1,0,0
4/16/2025,64875604,3/6/2025,Free,Active,Wednesday,False,41,7,10,1,0,0,0
4/16/2025,65164953,3/4/2025,Free,Active,Wednesday,False,43,10,2,3,1,1,0
4/16/2025,66077920,3/3/2025,Paid,Active,Wednesday,False,44,5,1,1,0,0,0
4/16/2025,66085019,3/5/2025,Free,Active,Wednesday,False,42,14,7,1,0,0,0
4/16/2025,67901718,3/7/2025,Paid,Active,Wednesday,False,40,10,6,1,0,1,0
4/16/2025,68233734,3/3/2025,Free,Active,Wednesday,False,44,6,4,4,1,0,1
4/16/2025,68378705,3/6/2025,Free,Active,Wednesday,False,41,5,5,0,1,1,0
4/16/2025,68805871,3/6/2025,Free,Active,Wednesday,False,41,2,7,1,0,0,0
4/16/2025,71124136,3/3/2025,Paid,Active,Wednesday,False,44,6,4,2,1,0,0
4/16/2025,72469436,3/3/2025,Free,Active,Wednesday,False,44,9,4,2,0,0,0
4/16/2025,73128237,3/7/2025,Paid,Active,Wednesday,False,40,9,2,5,1,0,1
4/16/2025,74092029,3/6/2025,Paid,Active,Wednesday,False,41,11,5,2,0,0,0
4/16/2025,74484152,3/4/2025,Paid,Active,Wednesday,False,43,14,11,1,0,0,2
4/16/2025,74598602,3/6/2025,Free,Active,Wednesday,False,41,36,5,2,1,0,1
4/16/2025,76023894,3/4/2025,Free,Active,Wednesday,False,43,9,6,1,0,0,0
4/16/2025,76306583,3/6/2025,Paid,Active,Wednesday,False,41,16,15,3,0,0,0
4/16/2025,76587233,3/4/2025,Paid,Active,Wednesday,False,43,16,4,0,0,0,1
4/16/2025,76671851,3/6/2025,Free,Active,Wednesday,False,41,8,2,5,0,0,0
4/16/2025,77362777,3/6/2025,Free,Active,Wednesday,False,41,3,10,1,0,0,0
4/16/2025,77687782,3/3/2025,Free,Active,Wednesday,False,44,26,6,1,1,0,0
4/16/2025,78432211,3/4/2025,Paid,Active,Wednesday,False,43,10,3,1,0,1,1
4/16/2025,79391007,3/5/2025,Free,Active,Wednesday,False,42,2,6,2,0,0,0
4/16/2025,79819778,3/7/2025,Free,Active,Wednesday,False,40,8,4,2,1,0,0
4/16/2025,79854644,3/5/2025,Free,Active,Wednesday,False,42,17,9,1,0,1,0
4/16/2025,81062415,3/7/2025,Paid,Active,Wednesday,False,40,10,3,4,0,0,0
4/16/2025,83673862,3/3/2025,Free,Active,Wednesday,False,44,3,2,3,0,0,0
4/16/2025,84047697,3/5/2025,Free,Active,Wednesday,False,42,15,4,4,1,0,1
4/16/2025,86372804,3/3/2025,Paid,Active,Wednesday,False,44,3,4,2,1,2,0
4/16/2025,86762579,3/5/2025,Paid,Active,Wednesday,False,42,7,4,5,0,0,0
4/16/2025,89505560,3/5/2025,Paid,Active,Wednesday,False,42,11,4,4,0,0,1
4/16/2025,89669730,3/7/2025,Paid,Active,Wednesday,False,40,25,1,0,0,0,1
4/16/2025,90053100,3/3/2025,Free,Active,Wednesday,False,44,9,9,0,0,1,1
4/16/2025,90384679,3/6/2025,Free,Active,Wednesday,False,41,15,10,2,1,0,1
4/16/2025,90589301,3/5/2025,Free,Active,Wednesday,False,42,33,3,3,2,0,0
4/16/2025,92207376,3/7/2025,Paid,Active,Wednesday,False,40,6,7,1,1,0,0
4/16/2025,92575198,3/4/2025,Free,Active,Wednesday,False,43,13,5,5,2,1,0
4/16/2025,93721129,3/4/2025,Paid,Active,Wednesday,False,43,9,4,6,1,0,0
4/16/2025,93805705,3/4/2025,Free,Active,Wednesday,False,43,6,2,1,0,0,0
4/16/2025,94491215,3/7/2025,Free,Active,Wednesday,False,40,16,10,3,1,0,0
4/16/2025,94796124,3/5/2025,Free,Active,Wednesday,False,42,2,2,1,0,0,0
4/16/2025,95834438,3/3/2025,Free,Active,Wednesday,False,44,8,3,0,0,0,0
4/16/2025,95928771,3/5/2025,Paid,Active,Wednesday,False,42,12,10,1,0,1,0
4/16/2025,98245773,3/3/2025,Free,Active,Wednesday,False,44,5,5,0,0,0,0
4/17/2025,10453161,3/5/2025,Paid,Active,Thursday,False,43,23,1,0,1,0,0
4/17/2025,10517792,3/6/2025,Free,Active,Thursday,False,42,10,6,0,1,0,0
4/17/2025,10522638,3/7/2025,Paid,Active,Thursday,False,41,11,1,2,0,0,0
4/17/2025,11495794,3/6/2025,Paid,Active,Thursday,False,42,10,4,3,2,0,0
4/17/2025,12089369,3/7/2025,Free,Active,Thursday,False,41,10,9,1,2,1,0
4/17/2025,12839768,3/7/2025,Free,Active,Thursday,False,41,11,3,4,0,0,0
4/17/2025,14003926,3/3/2025,Free,Active,Thursday,False,45,5,8,1,0,0,1
4/17/2025,14495366,3/5/2025,Free,Active,Thursday,False,43,11,10,1,1,0,0
4/17/2025,14851543,3/7/2025,Paid,Active,Thursday,False,41,3,2,3,0,0,0
4/17/2025,16323501,3/5/2025,Free,Active,Thursday,False,43,5,10,1,0,0,0
4/17/2025,16402515,3/7/2025,Free,Active,Thursday,False,41,7,3,4,1,0,0
4/17/2025,17228968,3/6/2025,Paid,Active,Thursday,False,42,4,12,1,0,0,0
4/17/2025,17463270,3/3/2025,Paid,Active,Thursday,False,45,22,4,1,0,0,0
4/17/2025,17983248,3/4/2025,Paid,Active,Thursday,False,44,4,10,1,0,1,0
4/17/2025,18940612,3/7/2025,Free,Active,Thursday,False,41,10,5,2,2,0,0
4/17/2025,19577042,3/6/2025,Free,Active,Thursday,False,42,18,9,1,0,1,0
4/17/2025,20119241,3/7/2025,Paid,Active,Thursday,False,41,7,4,3,0,0,0
4/17/2025,20473587,3/5/2025,Free,Active,Thursday,False,43,35,3,1,4,0,0
4/17/2025,23272498,3/5/2025,Free,Active,Thursday,False,43,6,6,1,0,0,0
4/17/2025,23358649,3/5/2025,Free,Active,Thursday,False,43,7,4,3,0,0,1
4/17/2025,25761792,3/6/2025,Free,Active,Thursday,False,42,18,4,1,0,1,0
4/17/2025,28168630,3/5/2025,Free,Active,Thursday,False,43,10,3,2,2,1,0
4/17/2025,28500176,3/7/2025,Free,Active,Thursday,False,41,5,1,4,0,1,1
4/17/2025,28608102,3/4/2025,Paid,Active,Thursday,False,44,23,4,0,1,0,0
4/17/2025,28947491,3/3/2025,Paid,Active,Thursday,False,45,9,13,1,0,1,2
4/17/2025,29659181,3/6/2025,Free,Active,Thursday,False,42,13,4,1,0,1,0
4/17/2025,30665172,3/6/2025,Paid,Active,Thursday,False,42,3,4,1,0,0,0
4/17/2025,31297307,3/4/2025,Paid,Active,Thursday,False,44,4,3,2,0,0,0
4/17/2025,33834899,3/5/2025,Paid,Active,Thursday,False,43,5,7,1,0,2,0
4/17/2025,33910622,3/3/2025,Paid,Active,Thursday,False,45,5,3,2,1,0,0
4/17/2025,34782115,3/4/2025,Free,Active,Thursday,False,44,8,7,1,1,0,0
4/17/2025,34889504,3/5/2025,Free,Active,Thursday,False,43,10,6,1,0,0,1
4/17/2025,36017834,3/7/2025,Paid,Active,Thursday,False,41,22,6,1,1,0,0
4/17/2025,36222279,3/5/2025,Paid,Active,Thursday,False,43,4,2,3,0,0,0
4/17/2025,36329183,3/4/2025,Paid,Active,Thursday,False,44,16,16,1,1,2,0
4/17/2025,38413248,3/7/2025,Free,Active,Thursday,False,41,6,10,1,1,0,0
4/17/2025,39114147,3/7/2025,Free,Active,Thursday,False,41,8,4,3,0,0,0
4/17/2025,40070917,3/4/2025,Paid,Active,Thursday,False,44,21,1,0,5,0,0
4/17/2025,40836783,3/5/2025,Paid,Active,Thursday,False,43,4,11,1,0,0,0
4/17/2025,43564818,3/4/2025,Free,Active,Thursday,False,44,11,7,2,0,0,0
4/17/2025,44382081,3/5/2025,Free,Active,Thursday,False,43,4,0,0,1,0,0
4/17/2025,44441861,3/6/2025,Free,Active,Thursday,False,42,6,1,4,1,0,1
4/17/2025,44549411,3/3/2025,Paid,Active,Thursday,False,45,6,11,2,1,1,0
4/17/2025,46347412,3/5/2025,Free,Active,Thursday,False,43,3,9,0,1,0,0
4/17/2025,47729983,3/7/2025,Free,Active,Thursday,False,41,7,6,1,0,0,0
4/17/2025,48924961,3/6/2025,Free,Active,Thursday,False,42,26,5,2,3,0,1
4/17/2025,51499006,3/7/2025,Free,Active,Thursday,False,41,11,9,2,1,1,0
4/17/2025,51531887,3/5/2025,Paid,Active,Thursday,False,43,32,6,1,2,0,0
4/17/2025,53226858,3/4/2025,Paid,Active,Thursday,False,44,11,4,1,1,0,0
4/17/2025,54677898,3/5/2025,Free,Active,Thursday,False,43,2,5,1,1,0,0
4/17/2025,55617207,3/6/2025,Free,Active,Thursday,False,42,6,10,1,1,0,0
4/17/2025,55796778,3/7/2025,Paid,Active,Thursday,False,41,9,1,1,1,0,0
4/17/2025,56195615,3/7/2025,Free,Active,Thursday,False,41,12,3,5,0,0,0
4/17/2025,57850647,3/3/2025,Paid,Active,Thursday,False,45,18,1,1,2,2,0
4/17/2025,59320316,3/4/2025,Paid,Active,Thursday,False,44,7,5,1,0,0,0
4/17/2025,59783512,3/5/2025,Paid,Active,Thursday,False,43,16,6,1,4,0,0
4/17/2025,60977230,3/4/2025,Paid,Active,Thursday,False,44,15,4,1,1,0,0
4/17/2025,61356578,3/3/2025,Paid,Active,Thursday,False,45,8,12,2,0,1,0
4/17/2025,63534569,3/7/2025,Paid,Active,Thursday,False,41,7,9,1,0,2,0
4/17/2025,63585558,3/6/2025,Paid,Active,Thursday,False,42,13,11,1,1,2,0
4/17/2025,64826108,3/4/2025,Paid,Active,Thursday,False,44,21,3,1,1,0,0
4/17/2025,64875604,3/6/2025,Paid,Active,Thursday,False,42,7,4,2,1,0,0
4/17/2025,65164953,3/4/2025,Free,Active,Thursday,False,44,10,3,4,0,0,1
4/17/2025,66085019,3/5/2025,Free,Active,Thursday,False,43,5,9,2,1,1,0
4/17/2025,67901718,3/7/2025,Paid,Active,Thursday,False,41,5,4,2,0,0,0
4/17/2025,68233734,3/3/2025,Free,Active,Thursday,False,45,13,3,5,1,0,0
4/17/2025,68805871,3/6/2025,Free,Active,Thursday,False,42,4,2,1,0,0,0
4/17/2025,71790553,3/4/2025,Paid,Active,Thursday,False,44,26,3,2,2,0,0
4/17/2025,72469436,3/3/2025,Free,Active,Thursday,False,45,29,3,0,0,0,0
4/17/2025,73128237,3/7/2025,Paid,Active,Thursday,False,41,10,6,2,1,0,0
4/17/2025,73567762,3/6/2025,Free,Active,Thursday,False,42,2,1,1,0,0,0
4/17/2025,74092029,3/6/2025,Paid,Active,Thursday,False,42,12,4,5,0,0,0
4/17/2025,74484152,3/4/2025,Paid,Active,Thursday,False,44,3,18,3,1,1,0
4/17/2025,74598602,3/6/2025,Paid,Active,Thursday,False,42,10,5,3,1,0,0
4/17/2025,76023894,3/4/2025,Free,Active,Thursday,False,44,6,9,1,1,1,0
4/17/2025,76306583,3/6/2025,Paid,Active,Thursday,False,42,4,12,1,0,2,0
4/17/2025,77337890,3/3/2025,Paid,Active,Thursday,False,45,8,2,5,1,0,0
4/17/2025,77362777,3/6/2025,Free,Active,Thursday,False,42,4,5,0,0,0,0
4/17/2025,77687782,3/3/2025,Free,Active,Thursday,False,45,38,4,2,2,0,0
4/17/2025,78514449,3/7/2025,Free,Active,Thursday,False,41,29,6,1,2,0,1
4/17/2025,79391007,3/5/2025,Free,Active,Thursday,False,43,4,4,2,0,0,0
4/17/2025,79819778,3/7/2025,Free,Active,Thursday,False,41,11,3,5,0,0,0
4/17/2025,80322173,3/5/2025,Free,Active,Thursday,False,43,4,4,2,0,0,1
4/17/2025,80640969,3/5/2025,Free,Active,Thursday,False,43,5,9,2,0,0,0
4/17/2025,81062415,3/7/2025,Paid,Active,Thursday,False,41,9,3,2,0,1,0
4/17/2025,81895947,3/5/2025,Free,Active,Thursday,False,43,7,2,3,0,0,2
4/17/2025,83753999,3/6/2025,Free,Active,Thursday,False,42,4,3,0,0,0,0
4/17/2025,84047697,3/5/2025,Free,Active,Thursday,False,43,4,2,5,0,0,0
4/17/2025,86372804,3/3/2025,Paid,Active,Thursday,False,45,6,10,0,1,1,0
4/17/2025,86762579,3/5/2025,Paid,Active,Thursday,False,43,4,1,4,0,0,1
4/17/2025,89281326,3/3/2025,Free,Active,Thursday,False,45,5,9,2,0,1,0
4/17/2025,89505560,3/5/2025,Paid,Active,Thursday,False,43,6,2,3,1,0,1
4/17/2025,90053100,3/3/2025,Free,Active,Thursday,False,45,4,10,1,0,0,0
4/17/2025,90384679,3/6/2025,Free,Active,Thursday,False,42,10,10,2,2,0,0
4/17/2025,90589301,3/5/2025,Free,Active,Thursday,False,43,30,2,1,1,0,0
4/17/2025,92575198,3/4/2025,Free,Active,Thursday,False,44,6,4,4,0,1,1
4/17/2025,93721129,3/4/2025,Paid,Active,Thursday,False,44,8,3,5,0,0,0
4/17/2025,94491215,3/7/2025,Free,Active,Thursday,False,41,16,10,2,0,0,0
4/17/2025,95834438,3/3/2025,Free,Active,Thursday,False,45,9,6,1,0,1,0
4/17/2025,95928771,3/5/2025,Paid,Active,Thursday,False,43,9,7,1,0,1,0
4/17/2025,97515553,3/3/2025,Free,Active,Thursday,False,45,4,3,1,0,0,0
4/18/2025,10439750,3/6/2025,Paid,Active,Friday,False,43,10,2,1,2,0,0
4/18/2025,10453161,3/5/2025,Paid,Active,Friday,False,44,24,1,1,1,0,0
4/18/2025,11207503,3/3/2025,Paid,Active,Friday,False,46,19,5,1,0,2,0
4/18/2025,11495794,3/6/2025,Paid,Active,Friday,False,43,45,6,1,1,0,0
4/18/2025,12089369,3/7/2025,Free,Active,Friday,False,42,3,9,0,2,1,0
4/18/2025,12839768,3/7/2025,Free,Active,Friday,False,42,8,3,5,0,0,0
4/18/2025,14017653,3/3/2025,Free,Active,Friday,False,46,10,4,5,0,0,0
4/18/2025,14209843,3/4/2025,Paid,Active,Friday,False,45,8,3,5,0,0,0
4/18/2025,14495366,3/5/2025,Free,Active,Friday,False,44,7,3,1,0,0,0
4/18/2025,14851543,3/7/2025,Paid,Active,Friday,False,42,3,2,2,0,0,0
4/18/2025,15647148,3/6/2025,Free,Active,Friday,False,43,16,3,0,2,0,0
4/18/2025,17463270,3/3/2025,Paid,Active,Friday,False,46,25,4,1,2,0,0
4/18/2025,17983248,3/4/2025,Paid,Active,Friday,False,45,8,4,0,0,2,0
4/18/2025,18580473,3/5/2025,Paid,Active,Friday,False,44,15,11,1,0,1,0
4/18/2025,18940612,3/7/2025,Free,Active,Friday,False,42,94,4,1,6,0,0
4/18/2025,19577042,3/6/2025,Free,Active,Friday,False,43,6,10,2,0,0,0
4/18/2025,20473587,3/5/2025,Free,Active,Friday,False,44,8,1,0,3,0,0
4/18/2025,21395247,3/3/2025,Paid,Active,Friday,False,46,25,4,1,6,0,0
4/18/2025,23272498,3/5/2025,Free,Active,Friday,False,44,12,9,1,0,1,0
4/18/2025,23940170,3/6/2025,Free,Active,Friday,False,43,11,9,1,0,1,0
4/18/2025,26103384,3/4/2025,Paid,Active,Friday,False,45,11,3,6,1,0,1
4/18/2025,27469715,3/4/2025,Free,Active,Friday,False,45,10,2,0,0,0,0
4/18/2025,28947491,3/3/2025,Paid,Active,Friday,False,46,7,4,1,1,0,0
4/18/2025,29469046,3/6/2025,Free,Active,Friday,False,43,2,2,2,0,0,1
4/18/2025,30377112,3/3/2025,Paid,Active,Friday,False,46,5,2,4,0,0,2
4/18/2025,31297307,3/4/2025,Paid,Active,Friday,False,45,4,7,2,0,1,0
4/18/2025,33910622,3/3/2025,Paid,Active,Friday,False,46,5,4,6,0,0,1
4/18/2025,36017834,3/7/2025,Paid,Active,Friday,False,42,14,2,2,1,0,0
4/18/2025,36222279,3/5/2025,Paid,Active,Friday,False,44,5,4,4,1,0,1
4/18/2025,38413248,3/7/2025,Free,Active,Friday,False,42,10,9,1,0,1,0
4/18/2025,39114147,3/7/2025,Free,Active,Friday,False,42,2,9,2,2,1,0
4/18/2025,39534512,3/6/2025,Free,Active,Friday,False,43,5,1,2,0,0,0
4/18/2025,39554899,3/4/2025,Free,Active,Friday,False,45,7,1,3,0,0,0
4/18/2025,40070917,3/4/2025,Paid,Active,Friday,False,45,22,4,1,1,0,0
4/18/2025,40836783,3/5/2025,Paid,Active,Friday,False,44,4,3,0,2,0,1
4/18/2025,43564818,3/4/2025,Free,Active,Friday,False,45,8,3,4,2,0,1
4/18/2025,44382081,3/5/2025,Free,Active,Friday,False,44,5,0,0,0,0,0
4/18/2025,44441861,3/6/2025,Free,Active,Friday,False,43,3,4,5,0,0,0
4/18/2025,44549411,3/3/2025,Paid,Active,Friday,False,46,5,12,2,0,0,0
4/18/2025,46347412,3/5/2025,Free,Active,Friday,False,44,5,9,2,1,1,0
4/18/2025,48924961,3/6/2025,Free,Active,Friday,False,43,20,2,1,1,0,0
4/18/2025,51499006,3/7/2025,Free,Active,Friday,False,42,9,8,2,0,2,0
4/18/2025,54677898,3/5/2025,Free,Active,Friday,False,44,4,4,1,0,0,1
4/18/2025,55796778,3/7/2025,Paid,Active,Friday,False,42,28,3,1,0,0,0
4/18/2025,56195615,3/7/2025,Free,Active,Friday,False,42,5,2,5,0,0,0
4/18/2025,59320316,3/4/2025,Paid,Active,Friday,False,45,5,9,1,0,0,1
4/18/2025,59783512,3/5/2025,Paid,Active,Friday,False,44,42,2,3,1,0,0
4/18/2025,60977230,3/4/2025,Paid,Active,Friday,False,45,16,17,2,1,2,1
4/18/2025,61356578,3/3/2025,Paid,Active,Friday,False,46,5,10,2,0,1,1
4/18/2025,61786206,3/3/2025,Free,Active,Friday,False,46,6,1,2,0,0,0
4/18/2025,63534569,3/7/2025,Paid,Active,Friday,False,42,3,11,0,0,0,0
4/18/2025,63585558,3/6/2025,Paid,Active,Friday,False,43,6,9,1,1,0,0
4/18/2025,64826108,3/4/2025,Paid,Active,Friday,False,45,10,7,0,2,0,0
4/18/2025,64875604,3/6/2025,Paid,Active,Friday,False,43,11,8,0,0,2,0
4/18/2025,66085019,3/5/2025,Free,Active,Friday,False,44,18,10,1,0,0,0
4/18/2025,67901718,3/7/2025,Paid,Active,Friday,False,42,3,10,2,0,0,0
4/18/2025,68805871,3/6/2025,Free,Active,Friday,False,43,3,4,0,0,1,0
4/18/2025,68955030,3/6/2025,Free,Active,Friday,False,43,7,0,4,0,0,1
4/18/2025,70268283,3/4/2025,Free,Active,Friday,False,45,11,5,0,0,0,1
4/18/2025,71790553,3/4/2025,Paid,Active,Friday,False,45,22,1,1,2,0,0
4/18/2025,72469436,3/3/2025,Free,Active,Friday,False,46,75,4,0,3,0,0
4/18/2025,73128237,3/7/2025,Paid,Active,Friday,False,42,14,4,5,1,0,0
4/18/2025,73530116,3/3/2025,Paid,Active,Friday,False,46,4,2,1,0,0,0
4/18/2025,73567762,3/6/2025,Free,Active,Friday,False,43,5,1,1,0,1,1
4/18/2025,73963079,3/4/2025,Paid,Active,Friday,False,45,14,2,1,1,0,1
4/18/2025,74092029,3/6/2025,Paid,Active,Friday,False,43,10,4,6,0,0,0
4/18/2025,74484152,3/4/2025,Paid,Active,Friday,False,45,16,6,3,1,0,0
4/18/2025,74598602,3/6/2025,Paid,Active,Friday,False,43,41,4,1,3,0,2
4/18/2025,76306583,3/6/2025,Paid,Active,Friday,False,43,18,12,1,0,0,0
4/18/2025,76587233,3/4/2025,Paid,Active,Friday,False,45,18,4,2,1,0,0
4/18/2025,76671851,3/6/2025,Free,Active,Friday,False,43,10,4,5,0,0,0
4/18/2025,77362777,3/6/2025,Free,Active,Friday,False,43,9,6,2,0,0,0
4/18/2025,77687782,3/3/2025,Free,Active,Friday,False,46,65,5,2,4,0,0
4/18/2025,78432211,3/4/2025,Paid,Active,Friday,False,45,14,4,1,1,0,0
4/18/2025,78514449,3/7/2025,Free,Active,Friday,False,42,78,5,2,3,1,1
4/18/2025,79391007,3/5/2025,Free,Active,Friday,False,44,3,10,1,0,0,0
4/18/2025,79854644,3/5/2025,Free,Active,Friday,False,44,13,10,2,3,0,0
4/18/2025,80322173,3/5/2025,Free,Active,Friday,False,44,11,3,4,1,0,1
4/18/2025,80640969,3/5/2025,Free,Active,Friday,False,44,10,10,1,0,0,0
4/18/2025,81895947,3/5/2025,Free,Active,Friday,False,44,11,1,5,0,1,0
4/18/2025,84047697,3/5/2025,Free,Active,Friday,False,44,6,6,5,0,0,0
4/18/2025,86762579,3/5/2025,Paid,Active,Friday,False,44,4,2,3,1,0,0
4/18/2025,89281326,3/3/2025,Free,Active,Friday,False,46,10,9,1,1,1,0
4/18/2025,89505560,3/5/2025,Paid,Active,Friday,False,44,10,3,3,1,0,0
4/18/2025,89547601,3/5/2025,Free,Active,Friday,False,44,6,5,1,0,0,0
4/18/2025,89669730,3/7/2025,Paid,Active,Friday,False,42,12,1,2,1,0,0
4/18/2025,90053100,3/3/2025,Free,Active,Friday,False,46,12,10,1,0,0,0
4/18/2025,91286478,3/7/2025,Free,Active,Friday,False,42,56,2,0,1,0,0
4/18/2025,94491215,3/7/2025,Free,Active,Friday,False,42,16,10,2,1,0,0
4/18/2025,94796124,3/5/2025,Free,Active,Friday,False,44,6,3,0,1,0,1
4/18/2025,95928771,3/5/2025,Paid,Active,Friday,False,44,3,8,2,0,1,0
4/18/2025,97515553,3/3/2025,Free,Active,Friday,False,46,4,4,5,0,0,0
4/19/2025,10439750,3/6/2025,Paid,Active,Saturday,True,44,16,3,2,1,0,0
4/19/2025,10453161,3/5/2025,Paid,Active,Saturday,True,45,18,3,1,2,0,0
4/19/2025,11207503,3/3/2025,Paid,Active,Saturday,True,47,20,5,3,0,1,0
4/19/2025,11495794,3/6/2025,Paid,Active,Saturday,True,44,35,3,1,5,0,0
4/19/2025,12089369,3/7/2025,Free,Active,Saturday,True,43,12,9,1,0,1,0
4/19/2025,12839768,3/7/2025,Free,Active,Saturday,True,43,12,3,4,0,0,0
4/19/2025,14003926,3/3/2025,Free,Active,Saturday,True,47,18,10,2,0,0,0
4/19/2025,14017653,3/3/2025,Free,Active,Saturday,True,47,4,2,5,0,0,0
4/19/2025,14495366,3/5/2025,Free,Active,Saturday,True,45,7,6,1,0,0,1
4/19/2025,14528458,3/5/2025,Free,Active,Saturday,True,45,23,2,1,2,1,0
4/19/2025,14851543,3/7/2025,Paid,Active,Saturday,True,43,3,1,5,1,0,1
4/19/2025,15647148,3/6/2025,Free,Active,Saturday,True,44,27,3,2,1,0,0
4/19/2025,16323501,3/5/2025,Free,Active,Saturday,True,45,8,5,2,0,1,0
4/19/2025,16402515,3/7/2025,Free,Active,Saturday,True,43,5,4,1,0,0,0
4/19/2025,17463270,3/3/2025,Paid,Active,Saturday,True,47,23,1,2,0,0,0
4/19/2025,17983248,3/4/2025,Paid,Active,Saturday,True,46,11,5,0,1,0,0
4/19/2025,18580473,3/5/2025,Paid,Active,Saturday,True,45,11,15,2,1,0,0
4/19/2025,18940612,3/7/2025,Free,Active,Saturday,True,43,15,3,2,2,0,1
4/19/2025,19577042,3/6/2025,Free,Active,Saturday,True,44,17,9,2,0,1,0
4/19/2025,20119241,3/7/2025,Paid,Active,Saturday,True,43,4,4,4,0,0,0
4/19/2025,20473587,3/5/2025,Free,Active,Saturday,True,45,20,2,1,2,1,0
4/19/2025,21395247,3/3/2025,Paid,Active,Saturday,True,47,23,3,2,0,0,0
4/19/2025,22264388,3/6/2025,Paid,Active,Saturday,True,44,9,2,4,0,1,0
4/19/2025,23272498,3/5/2025,Free,Active,Saturday,True,45,10,5,2,1,0,0
4/19/2025,23358649,3/5/2025,Free,Active,Saturday,True,45,4,1,3,0,0,0
4/19/2025,23940170,3/6/2025,Free,Active,Saturday,True,44,7,9,1,0,1,0
4/19/2025,25761792,3/6/2025,Free,Active,Saturday,True,44,4,8,1,0,0,0
4/19/2025,26103384,3/4/2025,Paid,Active,Saturday,True,46,9,2,5,0,0,0
4/19/2025,28168630,3/5/2025,Free,Active,Saturday,True,45,13,5,1,1,0,0
4/19/2025,28500176,3/7/2025,Free,Active,Saturday,True,43,2,1,3,0,0,0
4/19/2025,28608102,3/4/2025,Paid,Active,Saturday,True,46,13,3,1,3,0,0
4/19/2025,28947491,3/3/2025,Paid,Active,Saturday,True,47,8,10,1,0,0,0
4/19/2025,29659181,3/6/2025,Free,Active,Saturday,True,44,25,1,1,1,0,0
4/19/2025,30377112,3/3/2025,Paid,Active,Saturday,True,47,5,2,3,0,0,0
4/19/2025,30665172,3/6/2025,Paid,Active,Saturday,True,44,9,2,1,1,0,0
4/19/2025,31297307,3/4/2025,Paid,Active,Saturday,True,46,10,11,1,2,0,0
4/19/2025,32287062,3/4/2025,Free,Active,Saturday,True,46,26,2,1,4,0,0
4/19/2025,33834899,3/5/2025,Paid,Active,Saturday,True,45,5,6,1,0,1,0
4/19/2025,33910622,3/3/2025,Paid,Active,Saturday,True,47,18,4,3,0,1,1
4/19/2025,34782115,3/4/2025,Free,Active,Saturday,True,46,9,4,0,1,0,0
4/19/2025,34889504,3/5/2025,Free,Active,Saturday,True,45,5,9,2,1,1,0
4/19/2025,36017834,3/7/2025,Paid,Active,Saturday,True,43,29,6,2,1,1,0
4/19/2025,36222279,3/5/2025,Paid,Active,Saturday,True,45,8,4,1,0,0,0
4/19/2025,36329183,3/4/2025,Paid,Active,Saturday,True,46,4,15,1,1,0,0
4/19/2025,39114147,3/7/2025,Free,Active,Saturday,True,43,6,10,2,3,0,0
4/19/2025,39534512,3/6/2025,Free,Active,Saturday,True,44,6,1,1,0,1,0
4/19/2025,40070917,3/4/2025,Paid,Active,Saturday,True,46,27,2,1,2,0,0
4/19/2025,43564818,3/4/2025,Free,Active,Saturday,True,46,13,5,5,0,1,0
4/19/2025,44382081,3/5/2025,Free,Active,Saturday,True,45,18,2,1,0,0,0
4/19/2025,44441861,3/6/2025,Free,Active,Saturday,True,44,11,4,4,0,0,1
4/19/2025,44814486,3/3/2025,Paid,Active,Saturday,True,47,4,3,0,0,0,0
4/19/2025,48924961,3/6/2025,Free,Active,Saturday,True,44,95,6,3,5,0,0
4/19/2025,51499006,3/7/2025,Free,Active,Saturday,True,43,4,10,1,0,0,0
4/19/2025,51531887,3/5/2025,Paid,Active,Saturday,True,45,22,3,0,0,0,0
4/19/2025,53226858,3/4/2025,Paid,Active,Saturday,True,46,5,4,4,1,0,1
4/19/2025,54677898,3/5/2025,Free,Active,Saturday,True,45,3,3,1,0,0,0
4/19/2025,55617207,3/6/2025,Free,Active,Saturday,True,44,9,5,1,1,0,0
4/19/2025,56195615,3/7/2025,Free,Active,Saturday,True,43,9,2,3,0,0,2
4/19/2025,57850647,3/3/2025,Paid,Active,Saturday,True,47,22,1,2,1,0,0
4/19/2025,59320316,3/4/2025,Paid,Active,Saturday,True,46,6,7,1,1,0,0
4/19/2025,59783512,3/5/2025,Paid,Active,Saturday,True,45,24,7,3,0,0,0
4/19/2025,60977230,3/4/2025,Paid,Active,Saturday,True,46,5,10,3,0,2,0
4/19/2025,61356578,3/3/2025,Paid,Active,Saturday,True,47,6,5,1,0,0,0
4/19/2025,61786206,3/3/2025,Free,Active,Saturday,True,47,7,2,5,0,0,0
4/19/2025,63534569,3/7/2025,Paid,Active,Saturday,True,43,4,9,2,1,0,0
4/19/2025,64826108,3/4/2025,Paid,Active,Saturday,True,46,46,1,2,2,0,0
4/19/2025,65164953,3/4/2025,Free,Active,Saturday,True,46,7,2,1,1,0,1
4/19/2025,66085019,3/5/2025,Free,Active,Saturday,True,45,11,8,3,1,0,0
4/19/2025,67901718,3/7/2025,Paid,Active,Saturday,True,43,9,9,1,0,1,0
4/19/2025,68233734,3/3/2025,Free,Active,Saturday,True,47,8,2,4,0,1,1
4/19/2025,68805871,3/6/2025,Free,Active,Saturday,True,44,5,6,0,0,0,0
4/19/2025,68955030,3/6/2025,Free,Active,Saturday,True,44,3,2,4,0,0,1
4/19/2025,70007939,3/4/2025,Free,Active,Saturday,True,46,17,1,1,1,0,0
4/19/2025,71124136,3/3/2025,Paid,Active,Saturday,True,47,12,4,0,0,0,0
4/19/2025,72469436,3/3/2025,Free,Active,Saturday,True,47,19,4,0,1,0,0
4/19/2025,73128237,3/7/2025,Paid,Active,Saturday,True,43,14,2,2,0,0,0
4/19/2025,73530116,3/3/2025,Paid,Active,Saturday,True,47,6,1,1,1,0,0
4/19/2025,73963079,3/4/2025,Paid,Active,Saturday,True,46,19,3,1,0,0,0
4/19/2025,74062340,3/5/2025,Free,Active,Saturday,True,45,5,2,2,1,0,0
4/19/2025,74092029,3/6/2025,Paid,Active,Saturday,True,44,12,2,9,0,0,0
4/19/2025,74484152,3/4/2025,Paid,Active,Saturday,True,46,10,11,1,0,1,0
4/19/2025,76023894,3/4/2025,Free,Active,Saturday,True,46,3,10,1,1,0,0
4/19/2025,76306583,3/6/2025,Paid,Active,Saturday,True,44,16,10,2,0,1,1
4/19/2025,76587233,3/4/2025,Paid,Active,Saturday,True,46,19,1,1,1,0,0
4/19/2025,76671851,3/6/2025,Free,Active,Saturday,True,44,5,4,3,0,0,0
4/19/2025,77337890,3/3/2025,Paid,Active,Saturday,True,47,9,2,2,1,0,0
4/19/2025,77362777,3/6/2025,Free,Active,Saturday,True,44,9,8,2,1,0,0
4/19/2025,77687782,3/3/2025,Free,Active,Saturday,True,47,18,6,2,1,0,0
4/19/2025,78432211,3/4/2025,Paid,Active,Saturday,True,46,8,3,1,0,1,0
4/19/2025,78514449,3/7/2025,Free,Active,Saturday,True,43,38,3,2,3,0,0
4/19/2025,79391007,3/5/2025,Free,Active,Saturday,True,45,8,8,2,0,0,0
4/19/2025,79819778,3/7/2025,Free,Active,Saturday,True,43,8,4,4,0,0,1
4/19/2025,79854644,3/5/2025,Free,Active,Saturday,True,45,16,6,3,0,0,0
4/19/2025,80322173,3/5/2025,Free,Active,Saturday,True,45,5,1,4,0,0,0
4/19/2025,80640969,3/5/2025,Free,Active,Saturday,True,45,3,6,2,0,0,0
4/19/2025,81062415,3/7/2025,Paid,Active,Saturday,True,43,7,3,4,0,0,0
4/19/2025,83753999,3/6/2025,Free,Active,Saturday,True,44,4,7,0,0,0,0
4/19/2025,86372804,3/3/2025,Paid,Active,Saturday,True,47,3,6,0,0,0,0
4/19/2025,89505560,3/5/2025,Paid,Active,Saturday,True,45,5,3,5,0,0,0
4/19/2025,89669730,3/7/2025,Paid,Cancelled,Saturday,True,43,16,4,2,1,0,0
4/19/2025,90053100,3/3/2025,Free,Active,Saturday,True,47,5,10,1,1,0,0
4/19/2025,90384679,3/6/2025,Free,Active,Saturday,True,44,5,9,2,0,1,0
4/19/2025,90589301,3/5/2025,Free,Active,Saturday,True,45,80,1,3,7,0,0
4/19/2025,92207376,3/7/2025,Paid,Active,Saturday,True,43,6,8,2,0,0,0
4/19/2025,92575198,3/4/2025,Free,Active,Saturday,True,46,5,3,3,1,0,1
4/19/2025,95834438,3/3/2025,Free,Active,Saturday,True,47,7,4,1,0,0,0
4/19/2025,95928771,3/5/2025,Paid,Active,Saturday,True,45,10,6,1,0,0,0
4/20/2025,10439750,3/6/2025,Paid,Active,Sunday,True,45,19,2,1,2,0,0
4/20/2025,10453161,3/5/2025,Paid,Active,Sunday,True,46,24,1,2,2,1,0
4/20/2025,10517792,3/6/2025,Free,Active,Sunday,True,45,8,10,1,0,0,0
4/20/2025,10522638,3/7/2025,Paid,Active,Sunday,True,44,29,3,1,2,0,0
4/20/2025,11207503,3/3/2025,Paid,Active,Sunday,True,48,20,4,3,0,0,0
4/20/2025,11495794,3/6/2025,Paid,Active,Sunday,True,45,11,6,2,5,1,0
4/20/2025,12089369,3/7/2025,Free,Active,Sunday,True,44,12,5,1,0,1,0
4/20/2025,12839768,3/7/2025,Free,Active,Sunday,True,44,6,5,5,0,0,0
4/20/2025,14003926,3/3/2025,Free,Active,Sunday,True,48,14,10,2,1,0,0
4/20/2025,14209843,3/4/2025,Paid,Active,Sunday,True,47,8,4,3,1,0,0
4/20/2025,14495366,3/5/2025,Free,Active,Sunday,True,46,12,8,0,0,2,1
4/20/2025,14528458,3/5/2025,Free,Active,Sunday,True,46,53,3,1,4,0,0
4/20/2025,15647148,3/6/2025,Free,Active,Sunday,True,45,9,1,1,0,0,0
4/20/2025,16323501,3/5/2025,Free,Active,Sunday,True,46,3,9,0,0,1,0
4/20/2025,16402515,3/7/2025,Free,Active,Sunday,True,44,10,4,2,0,0,0
4/20/2025,17463270,3/3/2025,Paid,Active,Sunday,True,48,23,4,1,3,0,0
4/20/2025,18580473,3/5/2025,Paid,Active,Sunday,True,46,6,12,1,1,1,0
4/20/2025,18940612,3/7/2025,Free,Active,Sunday,True,44,23,7,2,1,0,0
4/20/2025,19577042,3/6/2025,Free,Active,Sunday,True,45,15,10,1,1,0,0
4/20/2025,20119241,3/7/2025,Paid,Active,Sunday,True,44,8,1,2,0,0,1
4/20/2025,21395247,3/3/2025,Paid,Active,Sunday,True,48,8,2,0,1,0,1
4/20/2025,22264388,3/6/2025,Paid,Active,Sunday,True,45,7,2,4,0,0,1
4/20/2025,23272498,3/5/2025,Free,Active,Sunday,True,46,4,9,1,1,1,0
4/20/2025,23358649,3/5/2025,Free,Active,Sunday,True,46,3,2,4,0,0,0
4/20/2025,23940170,3/6/2025,Free,Active,Sunday,True,45,8,5,2,0,0,0
4/20/2025,24627496,3/7/2025,Paid,Active,Sunday,True,44,12,1,0,0,0,0
4/20/2025,25761792,3/6/2025,Free,Active,Sunday,True,45,10,6,2,0,0,1
4/20/2025,26103384,3/4/2025,Paid,Active,Sunday,True,47,13,5,3,1,1,2
4/20/2025,28168630,3/5/2025,Free,Active,Sunday,True,46,17,6,2,2,1,0
4/20/2025,28608102,3/4/2025,Paid,Active,Sunday,True,47,10,2,0,0,0,0
4/20/2025,28947491,3/3/2025,Paid,Active,Sunday,True,48,11,6,3,2,2,0
4/20/2025,29469046,3/6/2025,Free,Active,Sunday,True,45,3,1,3,0,0,0
4/20/2025,30377112,3/3/2025,Paid,Active,Sunday,True,48,4,1,3,1,0,0
4/20/2025,30665172,3/6/2025,Paid,Active,Sunday,True,45,3,1,3,1,0,0
4/20/2025,32287062,3/4/2025,Free,Active,Sunday,True,47,18,4,2,1,0,0
4/20/2025,33834899,3/5/2025,Paid,Active,Sunday,True,46,4,2,1,0,1,0
4/20/2025,33910622,3/3/2025,Paid,Active,Sunday,True,48,18,6,6,0,0,1
4/20/2025,34889504,3/5/2025,Free,Active,Sunday,True,46,12,9,1,0,0,0
4/20/2025,36017834,3/7/2025,Paid,Active,Sunday,True,44,46,1,2,0,1,0
4/20/2025,36222279,3/5/2025,Paid,Active,Sunday,True,46,11,3,2,0,0,0
4/20/2025,36329183,3/4/2025,Paid,Active,Sunday,True,47,17,8,1,0,0,0
4/20/2025,38413248,3/7/2025,Free,Active,Sunday,True,44,5,9,0,0,1,0
4/20/2025,39554899,3/4/2025,Free,Active,Sunday,True,47,4,4,4,0,0,0
4/20/2025,40070917,3/4/2025,Paid,Active,Sunday,True,47,22,1,1,2,0,0
4/20/2025,40071067,3/7/2025,Free,Active,Sunday,True,44,5,5,0,0,0,0
4/20/2025,43564818,3/4/2025,Free,Active,Sunday,True,47,12,7,5,3,0,0
4/20/2025,44382081,3/5/2025,Free,Active,Sunday,True,46,18,2,1,1,0,0
4/20/2025,44441861,3/6/2025,Free,Active,Sunday,True,45,12,3,5,0,0,0
4/20/2025,44549411,3/3/2025,Paid,Active,Sunday,True,48,14,5,1,1,0,0
4/20/2025,46347412,3/5/2025,Free,Active,Sunday,True,46,5,9,0,0,1,0
4/20/2025,48924961,3/6/2025,Free,Active,Sunday,True,45,29,3,1,4,0,0
4/20/2025,51499006,3/7/2025,Free,Active,Sunday,True,44,6,6,2,0,1,0
4/20/2025,51531887,3/5/2025,Paid,Active,Sunday,True,46,21,4,3,2,0,0
4/20/2025,53226858,3/4/2025,Paid,Active,Sunday,True,47,3,4,4,1,0,0
4/20/2025,54677898,3/5/2025,Free,Active,Sunday,True,46,5,5,2,1,0,0
4/20/2025,55617207,3/6/2025,Free,Active,Sunday,True,45,7,4,1,0,1,1
4/20/2025,55796778,3/7/2025,Paid,Active,Sunday,True,44,6,2,2,2,0,0
4/20/2025,56195615,3/7/2025,Free,Active,Sunday,True,44,14,4,3,0,0,1
4/20/2025,57850647,3/3/2025,Paid,Active,Sunday,True,48,24,3,1,0,0,0
4/20/2025,59320316,3/4/2025,Paid,Active,Sunday,True,47,17,15,1,1,1,1
4/20/2025,59783512,3/5/2025,Paid,Active,Sunday,True,46,15,5,1,0,1,0
4/20/2025,60977230,3/4/2025,Paid,Active,Sunday,True,47,4,8,3,0,0,0
4/20/2025,61356578,3/3/2025,Paid,Active,Sunday,True,48,4,15,3,0,1,0
4/20/2025,61786206,3/3/2025,Free,Active,Sunday,True,48,4,3,3,1,0,0
4/20/2025,63534569,3/7/2025,Paid,Active,Sunday,True,44,6,7,1,0,0,0
4/20/2025,63585558,3/6/2025,Paid,Active,Sunday,True,45,17,13,1,1,0,0
4/20/2025,64826108,3/4/2025,Paid,Cancelled,Sunday,True,47,34,3,2,2,0,0
4/20/2025,64875604,3/6/2025,Paid,Active,Sunday,True,45,2,9,1,1,0,0
4/20/2025,65164953,3/4/2025,Free,Active,Sunday,True,47,9,3,4,2,0,0
4/20/2025,66085019,3/5/2025,Free,Active,Sunday,True,46,6,6,3,0,4,0
4/20/2025,68233734,3/3/2025,Free,Active,Sunday,True,48,7,6,4,0,1,1
4/20/2025,68378705,3/6/2025,Free,Active,Sunday,True,45,2,6,0,0,0,0
4/20/2025,68805871,3/6/2025,Free,Active,Sunday,True,45,3,6,1,0,0,0
4/20/2025,70007939,3/4/2025,Free,Active,Sunday,True,47,83,1,1,7,0,0
4/20/2025,70268283,3/4/2025,Free,Active,Sunday,True,47,10,9,0,0,1,1
4/20/2025,71124136,3/3/2025,Paid,Active,Sunday,True,48,19,1,1,1,0,0
4/20/2025,71790553,3/4/2025,Paid,Active,Sunday,True,47,24,1,1,2,0,0
4/20/2025,72469436,3/3/2025,Free,Active,Sunday,True,48,18,1,0,2,2,0
4/20/2025,73128237,3/7/2025,Paid,Active,Sunday,True,44,15,7,3,3,0,1
4/20/2025,73530116,3/3/2025,Paid,Active,Sunday,True,48,12,2,1,0,0,0
4/20/2025,74062340,3/5/2025,Free,Active,Sunday,True,46,4,1,3,1,0,0
4/20/2025,74092029,3/6/2025,Paid,Active,Sunday,True,45,16,6,6,0,0,0
4/20/2025,74484152,3/4/2025,Paid,Active,Sunday,True,47,9,9,2,1,0,0
4/20/2025,74598602,3/6/2025,Paid,Active,Sunday,True,45,47,5,3,2,0,0
4/20/2025,76306583,3/6/2025,Paid,Active,Sunday,True,45,11,4,2,0,0,0
4/20/2025,76587233,3/4/2025,Paid,Active,Sunday,True,47,19,2,1,2,0,0
4/20/2025,76671851,3/6/2025,Free,Active,Sunday,True,45,3,2,4,0,0,1
4/20/2025,77337890,3/3/2025,Paid,Active,Sunday,True,48,11,2,5,1,0,0
4/20/2025,77362777,3/6/2025,Free,Active,Sunday,True,45,10,8,1,0,0,0
4/20/2025,77687782,3/3/2025,Free,Active,Sunday,True,48,36,7,2,2,0,0
4/20/2025,78514449,3/7/2025,Free,Active,Sunday,True,44,44,4,2,1,0,0
4/20/2025,79391007,3/5/2025,Free,Active,Sunday,True,46,5,9,1,0,1,0
4/20/2025,79819778,3/7/2025,Free,Active,Sunday,True,44,10,4,5,1,0,0
4/20/2025,79854644,3/5/2025,Free,Active,Sunday,True,46,11,5,1,2,0,0
4/20/2025,80322173,3/5/2025,Free,Active,Sunday,True,46,7,3,1,0,0,0
4/20/2025,80640969,3/5/2025,Free,Active,Sunday,True,46,2,6,1,1,0,0
4/20/2025,81058962,3/4/2025,Free,Active,Sunday,True,47,5,6,1,0,0,0
4/20/2025,81895947,3/5/2025,Free,Active,Sunday,True,46,4,0,5,0,1,0
4/20/2025,86372804,3/3/2025,Paid,Active,Sunday,True,48,3,6,1,0,0,0
4/20/2025,86762579,3/5/2025,Paid,Active,Sunday,True,46,8,1,1,1,0,0
4/20/2025,89281326,3/3/2025,Free,Active,Sunday,True,48,4,4,1,0,0,0
4/20/2025,89505560,3/5/2025,Paid,Active,Sunday,True,46,12,2,6,0,0,0
4/20/2025,89547601,3/5/2025,Free,Active,Sunday,True,46,7,4,1,1,1,0
4/20/2025,89580457,3/6/2025,Paid,Active,Sunday,True,45,4,2,0,1,0,0
4/20/2025,90053100,3/3/2025,Free,Active,Sunday,True,48,11,10,2,1,0,0
4/20/2025,90384679,3/6/2025,Free,Active,Sunday,True,45,10,9,3,1,1,0
4/20/2025,90589301,3/5/2025,Free,Active,Sunday,True,46,31,3,1,2,0,0
4/20/2025,91286478,3/7/2025,Free,Active,Sunday,True,44,5,1,1,1,0,0
4/20/2025,92207376,3/7/2025,Paid,Active,Sunday,True,44,6,3,0,2,0,1
4/20/2025,92575198,3/4/2025,Free,Active,Sunday,True,47,12,6,5,1,0,0
4/20/2025,94491215,3/7/2025,Free,Active,Sunday,True,44,9,6,2,0,1,0
4/20/2025,94796124,3/5/2025,Free,Active,Sunday,True,46,7,8,1,0,2,0
4/20/2025,95834438,3/3/2025,Free,Active,Sunday,True,48,5,3,1,1,0,0
4/20/2025,95928771,3/5/2025,Paid,Active,Sunday,True,46,11,11,1,0,1,0
4/20/2025,97515553,3/3/2025,Free,Active,Sunday,True,48,5,3,4,0,0,0
4/20/2025,98245773,3/3/2025,Free,Active,Sunday,True,48,2,2,0,0,1,0
4/21/2025,10453161,3/5/2025,Paid,Active,Monday,False,47,26,4,0,2,0,0
4/21/2025,10517792,3/6/2025,Free,Active,Monday,False,46,9,3,1,0,0,0
4/21/2025,10522638,3/7/2025,Paid,Active,Monday,False,45,13,3,2,0,1,0
4/21/2025,11207503,3/3/2025,Paid,Active,Monday,False,49,28,5,1,2,2,0
4/21/2025,11495794,3/6/2025,Paid,Active,Monday,False,46,35,6,1,4,0,0
4/21/2025,12839768,3/7/2025,Free,Active,Monday,False,45,10,3,4,0,0,0
4/21/2025,14003926,3/3/2025,Free,Active,Monday,False,49,6,9,2,0,0,0
4/21/2025,14528458,3/5/2025,Free,Active,Monday,False,47,11,2,0,0,0,1
4/21/2025,14851543,3/7/2025,Paid,Active,Monday,False,45,8,3,4,0,0,0
4/21/2025,15647148,3/6/2025,Free,Active,Monday,False,46,17,2,1,1,0,0
4/21/2025,16402515,3/7/2025,Free,Active,Monday,False,45,6,3,3,1,0,1
4/21/2025,17463270,3/3/2025,Paid,Active,Monday,False,49,11,3,1,0,0,0
4/21/2025,18580473,3/5/2025,Paid,Active,Monday,False,47,13,17,3,5,0,0
4/21/2025,18940612,3/7/2025,Free,Active,Monday,False,45,34,6,2,1,0,0
4/21/2025,19577042,3/6/2025,Free,Active,Monday,False,46,15,9,1,1,1,0
4/21/2025,20119241,3/7/2025,Paid,Active,Monday,False,45,7,3,4,1,0,1
4/21/2025,21395247,3/3/2025,Paid,Active,Monday,False,49,12,2,0,0,1,0
4/21/2025,22264388,3/6/2025,Paid,Active,Monday,False,46,11,2,1,1,0,0
4/21/2025,23272498,3/5/2025,Free,Active,Monday,False,47,7,8,2,0,1,0
4/21/2025,23358649,3/5/2025,Free,Active,Monday,False,47,6,4,1,0,0,0
4/21/2025,23940170,3/6/2025,Free,Active,Monday,False,46,3,8,1,0,1,0
4/21/2025,24627496,3/7/2025,Paid,Active,Monday,False,45,9,1,0,0,0,0
4/21/2025,25761792,3/6/2025,Free,Active,Monday,False,46,5,9,3,0,1,0
4/21/2025,26103384,3/4/2025,Paid,Active,Monday,False,48,15,5,9,0,0,0
4/21/2025,28608102,3/4/2025,Paid,Active,Monday,False,48,12,3,0,0,0,0
4/21/2025,29659181,3/6/2025,Free,Active,Monday,False,46,9,1,1,0,0,1
4/21/2025,30377112,3/3/2025,Paid,Active,Monday,False,49,7,2,2,0,0,0
4/21/2025,30665172,3/6/2025,Paid,Active,Monday,False,46,9,2,1,0,0,1
4/21/2025,31297307,3/4/2025,Paid,Active,Monday,False,48,9,8,0,0,0,1
4/21/2025,32287062,3/4/2025,Free,Active,Monday,False,48,11,3,1,2,0,0
4/21/2025,33834899,3/5/2025,Paid,Active,Monday,False,47,9,7,1,1,0,1
4/21/2025,33910622,3/3/2025,Paid,Active,Monday,False,49,9,7,5,0,0,1
4/21/2025,34889504,3/5/2025,Free,Active,Monday,False,47,9,10,3,2,0,0
4/21/2025,36017834,3/7/2025,Paid,Active,Monday,False,45,43,3,0,0,3,0
4/21/2025,36222279,3/5/2025,Paid,Active,Monday,False,47,4,1,4,0,0,1
4/21/2025,36329183,3/4/2025,Paid,Active,Monday,False,48,5,7,2,0,0,0
4/21/2025,39554899,3/4/2025,Free,Active,Monday,False,48,12,2,3,0,0,1
4/21/2025,40071067,3/7/2025,Free,Active,Monday,False,45,2,5,1,0,0,0
4/21/2025,40836783,3/5/2025,Paid,Active,Monday,False,47,11,3,1,1,0,0
4/21/2025,43564818,3/4/2025,Free,Active,Monday,False,48,17,5,3,0,0,1
4/21/2025,44382081,3/5/2025,Free,Active,Monday,False,47,48,2,0,3,0,0
4/21/2025,44441861,3/6/2025,Free,Active,Monday,False,46,7,1,2,0,0,0
4/21/2025,44814486,3/3/2025,Paid,Active,Monday,False,49,5,5,0,0,0,0
4/21/2025,46347412,3/5/2025,Free,Active,Monday,False,47,10,9,1,0,1,0
4/21/2025,51499006,3/7/2025,Free,Active,Monday,False,45,18,9,3,0,1,0
4/21/2025,51531887,3/5/2025,Paid,Active,Monday,False,47,21,3,2,1,0,0
4/21/2025,52607867,3/5/2025,Paid,Active,Monday,False,47,3,6,0,0,0,0
4/21/2025,53226858,3/4/2025,Paid,Active,Monday,False,48,10,0,3,0,1,0
4/21/2025,54677898,3/5/2025,Free,Active,Monday,False,47,9,2,2,0,0,0
4/21/2025,55617207,3/6/2025,Free,Active,Monday,False,46,13,10,1,2,0,0
4/21/2025,56195615,3/7/2025,Free,Active,Monday,False,45,7,3,5,1,0,0
4/21/2025,57850647,3/3/2025,Paid,Active,Monday,False,49,30,2,0,2,0,0
4/21/2025,59320316,3/4/2025,Paid,Active,Monday,False,48,9,9,2,0,0,0
4/21/2025,59783512,3/5/2025,Paid,Active,Monday,False,47,24,4,2,2,1,0
4/21/2025,60977230,3/4/2025,Paid,Active,Monday,False,48,11,15,1,0,1,0
4/21/2025,61356578,3/3/2025,Paid,Active,Monday,False,49,6,8,1,0,0,1
4/21/2025,63534569,3/7/2025,Paid,Active,Monday,False,45,2,7,1,1,1,0
4/21/2025,63585558,3/6/2025,Paid,Active,Monday,False,46,14,16,3,0,0,0
4/21/2025,64875604,3/6/2025,Paid,Active,Monday,False,46,11,5,2,0,0,0
4/21/2025,65164953,3/4/2025,Free,Active,Monday,False,48,9,4,2,0,0,0
4/21/2025,66085019,3/5/2025,Free,Active,Monday,False,47,12,9,1,1,1,0
4/21/2025,67901718,3/7/2025,Paid,Active,Monday,False,45,3,7,1,0,0,0
4/21/2025,68233734,3/3/2025,Free,Active,Monday,False,49,11,2,2,0,0,0
4/21/2025,68955030,3/6/2025,Free,Active,Monday,False,46,2,0,3,0,0,0
4/21/2025,70007939,3/4/2025,Free,Active,Monday,False,48,29,1,0,0,1,0
4/21/2025,70268283,3/4/2025,Free,Active,Monday,False,48,10,4,1,1,0,0
4/21/2025,72469436,3/3/2025,Free,Active,Monday,False,49,22,3,1,0,0,0
4/21/2025,73128237,3/7/2025,Paid,Active,Monday,False,45,5,6,2,1,0,0
4/21/2025,74062340,3/5/2025,Free,Active,Monday,False,47,2,1,1,0,0,0
4/21/2025,74092029,3/6/2025,Paid,Active,Monday,False,46,18,3,5,0,0,0
4/21/2025,74484152,3/4/2025,Paid,Active,Monday,False,48,17,11,1,1,0,1
4/21/2025,74598602,3/6/2025,Paid,Active,Monday,False,46,35,4,1,2,0,0
4/21/2025,76306583,3/6/2025,Paid,Active,Monday,False,46,15,5,1,0,0,0
4/21/2025,76587233,3/4/2025,Paid,Active,Monday,False,48,15,1,0,1,0,0
4/21/2025,76671851,3/6/2025,Free,Active,Monday,False,46,4,1,3,0,0,0
4/21/2025,77362777,3/6/2025,Free,Active,Monday,False,46,3,9,1,0,0,0
4/21/2025,77687782,3/3/2025,Free,Active,Monday,False,49,23,3,1,2,0,0
4/21/2025,78514449,3/7/2025,Free,Active,Monday,False,45,43,6,2,1,0,1
4/21/2025,79391007,3/5/2025,Free,Active,Monday,False,47,7,3,1,2,0,0
4/21/2025,79819778,3/7/2025,Free,Active,Monday,False,45,5,4,4,1,0,0
4/21/2025,80322173,3/5/2025,Free,Active,Monday,False,47,8,2,3,0,0,0
4/21/2025,80640969,3/5/2025,Free,Active,Monday,False,47,9,10,1,3,0,0
4/21/2025,81062415,3/7/2025,Paid,Active,Monday,False,45,11,2,6,0,0,0
4/21/2025,83673862,3/3/2025,Free,Active,Monday,False,49,6,0,1,0,0,0
4/21/2025,86372804,3/3/2025,Paid,Active,Monday,False,49,8,8,1,1,0,0
4/21/2025,86762579,3/5/2025,Paid,Active,Monday,False,47,4,4,6,1,0,0
4/21/2025,89281326,3/3/2025,Free,Active,Monday,False,49,5,9,1,1,1,0
4/21/2025,89505560,3/5/2025,Paid,Active,Monday,False,47,2,2,3,1,1,0
4/21/2025,89547601,3/5/2025,Free,Active,Monday,False,47,5,10,1,0,0,0
4/21/2025,90053100,3/3/2025,Free,Active,Monday,False,49,6,8,0,0,0,0
4/21/2025,90384679,3/6/2025,Free,Active,Monday,False,46,12,10,1,0,0,0
4/21/2025,90589301,3/5/2025,Free,Active,Monday,False,47,42,4,3,3,0,0
4/21/2025,91286478,3/7/2025,Free,Active,Monday,False,45,4,1,1,0,0,0
4/21/2025,92207376,3/7/2025,Paid,Active,Monday,False,45,7,9,2,0,0,0
4/21/2025,92575198,3/4/2025,Free,Active,Monday,False,48,12,2,5,0,0,0
4/21/2025,93721129,3/4/2025,Paid,Active,Monday,False,48,11,3,4,0,0,0
4/21/2025,94491215,3/7/2025,Free,Active,Monday,False,45,5,10,1,1,0,1
4/21/2025,97515553,3/3/2025,Free,Active,Monday,False,49,8,2,3,1,0,0
4/21/2025,98245773,3/3/2025,Free,Active,Monday,False,49,3,3,1,0,0,0
4/22/2025,10453161,3/5/2025,Paid,Active,Tuesday,False,48,24,3,1,0,0,0
4/22/2025,10517792,3/6/2025,Free,Active,Tuesday,False,47,5,3,2,0,0,0
4/22/2025,11207503,3/3/2025,Paid,Active,Tuesday,False,50,43,2,0,1,0,1
4/22/2025,11495794,3/6/2025,Paid,Active,Tuesday,False,47,32,7,3,2,0,0
4/22/2025,12089369,3/7/2025,Free,Active,Tuesday,False,46,3,5,2,1,0,0
4/22/2025,12839768,3/7/2025,Free,Active,Tuesday,False,46,16,6,4,1,0,1
4/22/2025,14003926,3/3/2025,Free,Active,Tuesday,False,50,9,9,2,1,0,0
4/22/2025,14209843,3/4/2025,Paid,Active,Tuesday,False,49,8,3,3,1,0,1
4/22/2025,14495366,3/5/2025,Free,Active,Tuesday,False,48,3,5,0,0,1,0
4/22/2025,14851543,3/7/2025,Paid,Active,Tuesday,False,46,2,1,4,2,0,0
4/22/2025,16323501,3/5/2025,Free,Active,Tuesday,False,48,7,7,1,1,1,0
4/22/2025,17228968,3/6/2025,Paid,Active,Tuesday,False,47,6,4,2,0,0,0
4/22/2025,17463270,3/3/2025,Paid,Active,Tuesday,False,50,15,4,2,1,0,0
4/22/2025,18580473,3/5/2025,Paid,Active,Tuesday,False,48,14,11,3,1,0,0
4/22/2025,18940612,3/7/2025,Free,Active,Tuesday,False,46,21,1,2,2,1,0
4/22/2025,19577042,3/6/2025,Free,Active,Tuesday,False,47,7,10,1,1,0,0
4/22/2025,20473587,3/5/2025,Free,Active,Tuesday,False,48,13,2,0,0,0,1
4/22/2025,21395247,3/3/2025,Paid,Active,Tuesday,False,50,24,1,1,0,0,0
4/22/2025,22264388,3/6/2025,Paid,Active,Tuesday,False,47,4,3,4,1,1,0
4/22/2025,23272498,3/5/2025,Free,Active,Tuesday,False,48,5,7,1,0,0,0
4/22/2025,23940170,3/6/2025,Free,Active,Tuesday,False,47,3,6,1,1,0,0
4/22/2025,24627496,3/7/2025,Paid,Active,Tuesday,False,46,8,2,1,1,0,0
4/22/2025,25761792,3/6/2025,Free,Active,Tuesday,False,47,4,10,3,0,0,0
4/22/2025,26103384,3/4/2025,Paid,Active,Tuesday,False,49,12,2,6,0,1,1
4/22/2025,28168630,3/5/2025,Free,Active,Tuesday,False,48,11,7,1,1,0,0
4/22/2025,28500176,3/7/2025,Free,Active,Tuesday,False,46,2,2,3,0,0,0
4/22/2025,28608102,3/4/2025,Paid,Active,Tuesday,False,49,18,3,1,0,0,0
4/22/2025,29659181,3/6/2025,Free,Active,Tuesday,False,47,7,4,1,1,0,0
4/22/2025,30665172,3/6/2025,Paid,Active,Tuesday,False,47,9,3,5,1,0,0
4/22/2025,31297307,3/4/2025,Paid,Active,Tuesday,False,49,3,3,1,1,0,0
4/22/2025,33910622,3/3/2025,Paid,Active,Tuesday,False,50,10,1,8,0,0,0
4/22/2025,34889504,3/5/2025,Free,Active,Tuesday,False,48,12,10,3,1,0,0
4/22/2025,36017834,3/7/2025,Paid,Active,Tuesday,False,46,30,2,0,0,1,0
4/22/2025,36222279,3/5/2025,Paid,Active,Tuesday,False,48,6,3,6,0,0,0
4/22/2025,36329183,3/4/2025,Paid,Active,Tuesday,False,49,5,8,1,0,1,2
4/22/2025,38413248,3/7/2025,Free,Active,Tuesday,False,46,5,4,1,0,1,0
4/22/2025,39114147,3/7/2025,Free,Active,Tuesday,False,46,8,10,3,1,0,0
4/22/2025,39534512,3/6/2025,Free,Active,Tuesday,False,47,7,2,3,0,0,0
4/22/2025,39554899,3/4/2025,Free,Active,Tuesday,False,49,9,1,3,0,0,1
4/22/2025,43564818,3/4/2025,Free,Active,Tuesday,False,49,7,3,4,0,0,0
4/22/2025,44441861,3/6/2025,Free,Active,Tuesday,False,47,6,1,4,1,0,0
4/22/2025,44549411,3/3/2025,Paid,Active,Tuesday,False,50,10,5,3,1,0,0
4/22/2025,44814486,3/3/2025,Paid,Active,Tuesday,False,50,4,7,0,0,0,0
4/22/2025,46347412,3/5/2025,Free,Active,Tuesday,False,48,6,5,1,0,0,0
4/22/2025,48924961,3/6/2025,Free,Active,Tuesday,False,47,32,6,3,4,0,0
4/22/2025,51499006,3/7/2025,Free,Active,Tuesday,False,46,7,10,1,1,0,0
4/22/2025,51531887,3/5/2025,Paid,Active,Tuesday,False,48,25,3,2,1,0,0
4/22/2025,54677898,3/5/2025,Free,Active,Tuesday,False,48,9,3,1,0,0,0
4/22/2025,55617207,3/6/2025,Free,Active,Tuesday,False,47,5,8,2,0,1,0
4/22/2025,55796778,3/7/2025,Paid,Active,Tuesday,False,46,10,1,0,2,0,0
4/22/2025,56195615,3/7/2025,Free,Active,Tuesday,False,46,13,3,5,1,0,0
4/22/2025,59320316,3/4/2025,Paid,Active,Tuesday,False,49,7,19,1,0,0,0
4/22/2025,59783512,3/5/2025,Paid,Active,Tuesday,False,48,36,3,3,5,0,0
4/22/2025,60977230,3/4/2025,Paid,Active,Tuesday,False,49,17,8,1,0,0,0
4/22/2025,61786206,3/3/2025,Free,Active,Tuesday,False,50,4,1,1,0,0,0
4/22/2025,63534569,3/7/2025,Paid,Active,Tuesday,False,46,9,12,0,0,0,1
4/22/2025,63585558,3/6/2025,Paid,Active,Tuesday,False,47,10,16,2,1,1,0
4/22/2025,64875604,3/6/2025,Paid,Active,Tuesday,False,47,4,7,1,0,0,0
4/22/2025,65164953,3/4/2025,Free,Active,Tuesday,False,49,6,2,5,0,0,0
4/22/2025,66085019,3/5/2025,Free,Active,Tuesday,False,48,13,9,2,0,1,0
4/22/2025,67901718,3/7/2025,Paid,Active,Tuesday,False,46,7,9,1,0,0,0
4/22/2025,68233734,3/3/2025,Free,Active,Tuesday,False,50,8,5,4,0,0,0
4/22/2025,68378705,3/6/2025,Free,Active,Tuesday,False,47,7,2,1,0,0,0
4/22/2025,70268283,3/4/2025,Free,Active,Tuesday,False,49,3,2,2,2,1,0
4/22/2025,71124136,3/3/2025,Paid,Active,Tuesday,False,50,12,4,1,0,0,0
4/22/2025,71790553,3/4/2025,Paid,Active,Tuesday,False,49,23,1,2,2,0,0
4/22/2025,72469436,3/3/2025,Free,Active,Tuesday,False,50,30,4,1,0,0,0
4/22/2025,73530116,3/3/2025,Paid,Active,Tuesday,False,50,6,0,0,1,0,1
4/22/2025,73963079,3/4/2025,Paid,Active,Tuesday,False,49,10,2,1,1,0,0
4/22/2025,74092029,3/6/2025,Paid,Active,Tuesday,False,47,5,7,7,2,0,1
4/22/2025,74484152,3/4/2025,Paid,Active,Tuesday,False,49,13,5,1,2,2,0
4/22/2025,74598602,3/6/2025,Paid,Active,Tuesday,False,47,40,5,2,2,0,0
4/22/2025,76306583,3/6/2025,Paid,Active,Tuesday,False,47,12,8,3,1,0,0
4/22/2025,76671851,3/6/2025,Free,Active,Tuesday,False,47,3,3,3,0,0,0
4/22/2025,77337890,3/3/2025,Paid,Active,Tuesday,False,50,11,4,4,0,0,0
4/22/2025,77687782,3/3/2025,Free,Active,Tuesday,False,50,16,5,2,1,0,0
4/22/2025,78514449,3/7/2025,Free,Active,Tuesday,False,46,31,3,2,1,0,0
4/22/2025,79391007,3/5/2025,Free,Active,Tuesday,False,48,4,3,2,0,1,0
4/22/2025,79819778,3/7/2025,Free,Active,Tuesday,False,46,5,1,2,1,0,0
4/22/2025,79854644,3/5/2025,Free,Active,Tuesday,False,48,14,10,2,2,0,0
4/22/2025,80322173,3/5/2025,Free,Active,Tuesday,False,48,9,3,1,2,0,1
4/22/2025,81895947,3/5/2025,Free,Active,Tuesday,False,48,11,2,2,0,0,0
4/22/2025,89505560,3/5/2025,Paid,Active,Tuesday,False,48,5,1,3,1,1,1
4/22/2025,89580457,3/6/2025,Paid,Active,Tuesday,False,47,6,1,1,0,1,0
4/22/2025,90589301,3/5/2025,Free,Active,Tuesday,False,48,44,5,3,5,1,0
4/22/2025,91286478,3/7/2025,Free,Active,Tuesday,False,46,16,1,0,1,0,0
4/22/2025,92207376,3/7/2025,Paid,Active,Tuesday,False,46,4,11,1,0,0,0
4/22/2025,92575198,3/4/2025,Free,Active,Tuesday,False,49,18,2,1,0,0,1
4/22/2025,93805705,3/4/2025,Free,Active,Tuesday,False,49,2,1,2,1,1,0
4/22/2025,94491215,3/7/2025,Free,Active,Tuesday,False,46,10,6,3,2,0,0
4/22/2025,94796124,3/5/2025,Free,Active,Tuesday,False,48,5,5,0,0,1,0
4/22/2025,95834438,3/3/2025,Free,Active,Tuesday,False,50,6,8,0,0,0,0
4/23/2025,10439750,3/6/2025,Paid,Active,Wednesday,False,48,14,1,1,0,0,0
4/23/2025,10453161,3/5/2025,Paid,Active,Wednesday,False,49,13,2,2,1,0,0
4/23/2025,10517792,3/6/2025,Free,Active,Wednesday,False,48,9,9,2,0,1,0
4/23/2025,10522638,3/7/2025,Paid,Active,Wednesday,False,47,24,1,2,1,0,0
4/23/2025,11207503,3/3/2025,Paid,Active,Wednesday,False,51,20,2,3,0,0,0
4/23/2025,11495794,3/6/2025,Paid,Active,Wednesday,False,48,14,6,1,1,0,0
4/23/2025,12089369,3/7/2025,Free,Active,Wednesday,False,47,4,4,2,0,0,0
4/23/2025,12839768,3/7/2025,Free,Active,Wednesday,False,47,10,3,5,0,1,0
4/23/2025,14003926,3/3/2025,Free,Active,Wednesday,False,51,7,9,3,1,1,0
4/23/2025,14209843,3/4/2025,Paid,Active,Wednesday,False,50,11,3,2,1,0,1
4/23/2025,17228968,3/6/2025,Paid,Active,Wednesday,False,48,5,11,1,1,0,0
4/23/2025,17463270,3/3/2025,Paid,Active,Wednesday,False,51,28,2,2,0,0,0
4/23/2025,17983248,3/4/2025,Paid,Active,Wednesday,False,50,10,7,1,0,1,0
4/23/2025,18580473,3/5/2025,Paid,Active,Wednesday,False,49,11,12,1,1,0,0
4/23/2025,18940612,3/7/2025,Free,Active,Wednesday,False,47,29,3,2,2,0,0
4/23/2025,20119241,3/7/2025,Paid,Active,Wednesday,False,47,7,4,5,2,0,0
4/23/2025,21395247,3/3/2025,Paid,Active,Wednesday,False,51,17,3,1,1,1,0
4/23/2025,22264388,3/6/2025,Paid,Active,Wednesday,False,48,5,3,1,0,0,0
4/23/2025,23272498,3/5/2025,Free,Active,Wednesday,False,49,11,10,1,0,0,0
4/23/2025,23358649,3/5/2025,Free,Active,Wednesday,False,49,4,1,4,0,0,1
4/23/2025,23940170,3/6/2025,Free,Active,Wednesday,False,48,4,9,2,1,1,0
4/23/2025,25761792,3/6/2025,Free,Active,Wednesday,False,48,5,6,3,0,0,0
4/23/2025,26103384,3/4/2025,Paid,Active,Wednesday,False,50,4,1,6,0,1,0
4/23/2025,28168630,3/5/2025,Free,Active,Wednesday,False,49,13,4,1,1,0,1
4/23/2025,28608102,3/4/2025,Paid,Active,Wednesday,False,50,27,4,1,1,0,1
4/23/2025,29659181,3/6/2025,Free,Active,Wednesday,False,48,60,2,0,3,0,0
4/23/2025,30377112,3/3/2025,Paid,Active,Wednesday,False,51,7,1,3,1,1,0
4/23/2025,33834899,3/5/2025,Paid,Active,Wednesday,False,49,7,12,0,0,0,0
4/23/2025,33910622,3/3/2025,Paid,Active,Wednesday,False,51,18,5,8,0,0,0
4/23/2025,34782115,3/4/2025,Free,Active,Wednesday,False,50,8,9,0,0,1,0
4/23/2025,34889504,3/5/2025,Free,Active,Wednesday,False,49,5,10,1,1,0,0
4/23/2025,36017834,3/7/2025,Paid,Active,Wednesday,False,47,34,5,3,2,0,0
4/23/2025,36329183,3/4/2025,Paid,Active,Wednesday,False,50,7,6,1,0,0,0
4/23/2025,39114147,3/7/2025,Free,Active,Wednesday,False,47,14,8,1,0,2,0
4/23/2025,39554899,3/4/2025,Free,Active,Wednesday,False,50,10,1,3,0,0,0
4/23/2025,40071067,3/7/2025,Free,Active,Wednesday,False,47,1,2,1,0,0,0
4/23/2025,43564818,3/4/2025,Free,Active,Wednesday,False,50,7,5,3,0,0,2
4/23/2025,44382081,3/5/2025,Free,Active,Wednesday,False,49,13,1,0,0,0,1
4/23/2025,44549411,3/3/2025,Paid,Active,Wednesday,False,51,4,4,1,1,2,0
4/23/2025,46347412,3/5/2025,Free,Active,Wednesday,False,49,4,9,1,0,1,0
4/23/2025,48924961,3/6/2025,Free,Active,Wednesday,False,48,77,2,1,4,0,0
4/23/2025,51499006,3/7/2025,Free,Active,Wednesday,False,47,12,10,1,0,0,0
4/23/2025,52607867,3/5/2025,Paid,Active,Wednesday,False,49,6,7,0,0,0,0
4/23/2025,53226858,3/4/2025,Paid,Active,Wednesday,False,50,9,2,6,0,1,0
4/23/2025,54677898,3/5/2025,Free,Active,Wednesday,False,49,4,2,2,0,0,1
4/23/2025,55617207,3/6/2025,Free,Active,Wednesday,False,48,16,5,1,1,0,0
4/23/2025,56195615,3/7/2025,Free,Active,Wednesday,False,47,11,4,5,0,1,0
4/23/2025,57850647,3/3/2025,Paid,Active,Wednesday,False,51,22,2,1,2,0,0
4/23/2025,59320316,3/4/2025,Paid,Active,Wednesday,False,50,6,13,2,0,4,1
4/23/2025,59783512,3/5/2025,Paid,Active,Wednesday,False,49,45,5,1,1,0,0
4/23/2025,60977230,3/4/2025,Paid,Active,Wednesday,False,50,12,5,2,0,0,0
4/23/2025,63534569,3/7/2025,Paid,Active,Wednesday,False,47,9,3,1,0,1,0
4/23/2025,64875604,3/6/2025,Paid,Active,Wednesday,False,48,8,3,2,0,0,0
4/23/2025,65164953,3/4/2025,Free,Active,Wednesday,False,50,7,1,3,1,0,0
4/23/2025,66085019,3/5/2025,Free,Active,Wednesday,False,49,14,6,2,3,2,0
4/23/2025,67901718,3/7/2025,Paid,Active,Wednesday,False,47,7,9,0,0,2,0
4/23/2025,68233734,3/3/2025,Free,Active,Wednesday,False,51,8,7,5,1,0,0
4/23/2025,68378705,3/6/2025,Free,Active,Wednesday,False,48,6,10,1,0,0,0
4/23/2025,68955030,3/6/2025,Free,Active,Wednesday,False,48,3,2,3,0,0,0
4/23/2025,70007939,3/4/2025,Free,Active,Wednesday,False,50,10,4,0,1,0,0
4/23/2025,70268283,3/4/2025,Free,Active,Wednesday,False,50,3,7,2,1,0,0
4/23/2025,71124136,3/3/2025,Paid,Active,Wednesday,False,51,32,2,0,1,0,0
4/23/2025,71790553,3/4/2025,Paid,Active,Wednesday,False,50,9,5,2,1,0,0
4/23/2025,72469436,3/3/2025,Free,Active,Wednesday,False,51,72,2,1,3,0,0
4/23/2025,73128237,3/7/2025,Paid,Active,Wednesday,False,47,4,2,4,1,0,0
4/23/2025,73567762,3/6/2025,Free,Active,Wednesday,False,48,5,1,1,0,0,0
4/23/2025,73963079,3/4/2025,Paid,Active,Wednesday,False,50,13,3,1,0,0,0
4/23/2025,74092029,3/6/2025,Paid,Active,Wednesday,False,48,5,2,7,0,0,0
4/23/2025,74484152,3/4/2025,Paid,Active,Wednesday,False,50,14,6,1,1,0,0
4/23/2025,74598602,3/6/2025,Paid,Active,Wednesday,False,48,38,6,3,3,0,0
4/23/2025,76023894,3/4/2025,Free,Active,Wednesday,False,50,2,5,2,1,0,0
4/23/2025,76306583,3/6/2025,Paid,Active,Wednesday,False,48,6,9,1,0,0,0
4/23/2025,76671851,3/6/2025,Free,Active,Wednesday,False,48,3,4,2,1,0,0
4/23/2025,77362777,3/6/2025,Free,Active,Wednesday,False,48,9,10,0,1,0,0
4/23/2025,77687782,3/3/2025,Free,Active,Wednesday,False,51,21,2,2,1,0,0
4/23/2025,78514449,3/7/2025,Free,Active,Wednesday,False,47,22,2,2,3,0,0
4/23/2025,79391007,3/5/2025,Free,Active,Wednesday,False,49,5,10,1,0,0,0
4/23/2025,79819778,3/7/2025,Free,Active,Wednesday,False,47,6,4,5,0,1,0
4/23/2025,79854644,3/5/2025,Free,Active,Wednesday,False,49,13,10,1,2,0,0
4/23/2025,80640969,3/5/2025,Free,Active,Wednesday,False,49,7,10,0,0,0,1
4/23/2025,81058962,3/4/2025,Free,Active,Wednesday,False,50,5,5,0,1,0,0
4/23/2025,81895947,3/5/2025,Free,Active,Wednesday,False,49,8,1,1,2,0,0
4/23/2025,83673862,3/3/2025,Free,Active,Wednesday,False,51,6,1,4,0,0,1
4/23/2025,89505560,3/5/2025,Paid,Active,Wednesday,False,49,7,2,6,0,1,0
4/23/2025,90053100,3/3/2025,Free,Active,Wednesday,False,51,5,8,2,0,1,0
4/23/2025,90384679,3/6/2025,Free,Active,Wednesday,False,48,11,10,0,0,0,1
4/23/2025,90589301,3/5/2025,Free,Active,Wednesday,False,49,12,4,1,0,0,0
4/23/2025,92575198,3/4/2025,Free,Active,Wednesday,False,50,13,5,4,3,1,1
4/23/2025,93721129,3/4/2025,Paid,Active,Wednesday,False,50,6,2,3,0,1,1
4/23/2025,94491215,3/7/2025,Free,Active,Wednesday,False,47,7,10,3,1,0,0
4/24/2025,10439750,3/6/2025,Paid,Active,Thursday,False,49,7,4,0,1,0,0
4/24/2025,10522638,3/7/2025,Paid,Active,Thursday,False,48,10,2,0,2,0,0
4/24/2025,12089369,3/7/2025,Free,Active,Thursday,False,48,5,2,2,0,1,0
4/24/2025,12839768,3/7/2025,Free,Active,Thursday,False,48,18,4,4,0,0,1
4/24/2025,14003926,3/3/2025,Free,Active,Thursday,False,52,14,10,1,0,0,0
4/24/2025,14209843,3/4/2025,Paid,Active,Thursday,False,51,7,3,2,0,0,0
4/24/2025,14528458,3/5/2025,Free,Active,Thursday,False,50,23,3,2,3,0,0
4/24/2025,15647148,3/6/2025,Free,Active,Thursday,False,49,12,1,1,0,0,1
4/24/2025,16323501,3/5/2025,Free,Active,Thursday,False,50,10,4,1,0,0,0
4/24/2025,17228968,3/6/2025,Paid,Active,Thursday,False,49,6,8,0,0,2,0
4/24/2025,17463270,3/3/2025,Paid,Active,Thursday,False,52,19,2,1,0,0,0
4/24/2025,18580473,3/5/2025,Paid,Active,Thursday,False,50,9,14,3,0,2,0
4/24/2025,18940612,3/7/2025,Free,Active,Thursday,False,48,18,3,2,3,0,0
4/24/2025,19577042,3/6/2025,Free,Active,Thursday,False,49,8,6,3,0,0,0
4/24/2025,20119241,3/7/2025,Paid,Active,Thursday,False,48,8,3,3,1,1,0
4/24/2025,23272498,3/5/2025,Free,Active,Thursday,False,50,5,5,1,0,0,0
4/24/2025,23358649,3/5/2025,Free,Active,Thursday,False,50,5,3,4,0,0,1
4/24/2025,23940170,3/6/2025,Free,Active,Thursday,False,49,9,7,2,0,0,0
4/24/2025,24627496,3/7/2025,Paid,Active,Thursday,False,48,4,2,1,0,0,0
4/24/2025,25761792,3/6/2025,Free,Active,Thursday,False,49,6,9,2,0,1,0
4/24/2025,26103384,3/4/2025,Paid,Active,Thursday,False,51,14,1,8,1,0,1
4/24/2025,27469715,3/4/2025,Free,Active,Thursday,False,51,8,1,1,0,0,0
4/24/2025,28168630,3/5/2025,Free,Active,Thursday,False,50,37,2,3,1,0,0
4/24/2025,28608102,3/4/2025,Paid,Active,Thursday,False,51,8,4,2,0,0,0
4/24/2025,29469046,3/6/2025,Free,Active,Thursday,False,49,5,2,3,0,0,0
4/24/2025,30377112,3/3/2025,Paid,Active,Thursday,False,52,10,3,3,0,0,1
4/24/2025,31297307,3/4/2025,Paid,Active,Thursday,False,51,7,3,2,0,1,0
4/24/2025,32287062,3/4/2025,Free,Active,Thursday,False,51,21,4,1,2,0,0
4/24/2025,33834899,3/5/2025,Paid,Active,Thursday,False,50,3,9,1,0,0,0
4/24/2025,33910622,3/3/2025,Paid,Active,Thursday,False,52,5,1,3,1,0,0
4/24/2025,34889504,3/5/2025,Free,Active,Thursday,False,50,7,9,3,0,1,0
4/24/2025,36017834,3/7/2025,Paid,Active,Thursday,False,48,34,6,1,4,0,1
4/24/2025,36222279,3/5/2025,Paid,Active,Thursday,False,50,12,4,1,0,0,0
4/24/2025,39114147,3/7/2025,Free,Active,Thursday,False,48,4,10,0,0,0,0
4/24/2025,39554899,3/4/2025,Free,Active,Thursday,False,51,8,1,5,0,0,0
4/24/2025,43564818,3/4/2025,Free,Active,Thursday,False,51,16,7,3,1,0,0
4/24/2025,44441861,3/6/2025,Free,Active,Thursday,False,49,10,4,4,1,0,1
4/24/2025,44549411,3/3/2025,Paid,Active,Thursday,False,52,15,8,1,2,1,1
4/24/2025,46347412,3/5/2025,Free,Active,Thursday,False,50,10,9,1,0,1,0
4/24/2025,48924961,3/6/2025,Free,Active,Thursday,False,49,12,3,1,0,0,0
4/24/2025,51499006,3/7/2025,Free,Active,Thursday,False,48,10,10,1,0,0,0
4/24/2025,54677898,3/5/2025,Free,Active,Thursday,False,50,9,2,5,0,0,0
4/24/2025,55617207,3/6/2025,Free,Active,Thursday,False,49,5,9,1,1,1,0
4/24/2025,55796778,3/7/2025,Paid,Active,Thursday,False,48,20,1,2,1,0,0
4/24/2025,56195615,3/7/2025,Free,Active,Thursday,False,48,15,3,4,1,1,1
4/24/2025,57850647,3/3/2025,Paid,Active,Thursday,False,52,15,3,1,0,0,0
4/24/2025,59320316,3/4/2025,Paid,Active,Thursday,False,51,18,7,1,0,0,0
4/24/2025,59783512,3/5/2025,Paid,Active,Thursday,False,50,47,2,2,2,0,0
4/24/2025,60977230,3/4/2025,Paid,Active,Thursday,False,51,14,5,0,0,1,1
4/24/2025,61786206,3/3/2025,Free,Active,Thursday,False,52,10,2,3,1,0,0
4/24/2025,63585558,3/6/2025,Paid,Active,Thursday,False,49,15,10,3,1,1,0
4/24/2025,65164953,3/4/2025,Free,Active,Thursday,False,51,3,3,3,0,0,2
4/24/2025,66077920,3/3/2025,Paid,Active,Thursday,False,52,2,2,2,0,0,0
4/24/2025,66085019,3/5/2025,Free,Active,Thursday,False,50,16,10,1,0,0,1
4/24/2025,67901718,3/7/2025,Paid,Active,Thursday,False,48,7,5,1,0,0,0
4/24/2025,68233734,3/3/2025,Free,Active,Thursday,False,52,15,3,4,0,1,1
4/24/2025,70268283,3/4/2025,Free,Active,Thursday,False,51,11,6,2,1,0,0
4/24/2025,71790553,3/4/2025,Paid,Active,Thursday,False,51,10,5,1,1,0,0
4/24/2025,72469436,3/3/2025,Free,Active,Thursday,False,52,7,3,1,0,0,0
4/24/2025,73128237,3/7/2025,Paid,Active,Thursday,False,48,16,2,3,2,0,0
4/24/2025,73530116,3/3/2025,Paid,Active,Thursday,False,52,9,2,0,0,0,0
4/24/2025,73963079,3/4/2025,Paid,Active,Thursday,False,51,24,4,1,1,0,0
4/24/2025,74062340,3/5/2025,Free,Active,Thursday,False,50,4,1,0,0,0,0
4/24/2025,74092029,3/6/2025,Paid,Cancelled,Thursday,False,49,8,4,2,1,0,0
4/24/2025,76306583,3/6/2025,Paid,Active,Thursday,False,49,5,15,1,0,2,0
4/24/2025,77362777,3/6/2025,Free,Active,Thursday,False,49,10,6,0,1,0,0
4/24/2025,77687782,3/3/2025,Free,Active,Thursday,False,52,13,6,1,0,0,0
4/24/2025,78514449,3/7/2025,Free,Active,Thursday,False,48,33,2,3,2,2,0
4/24/2025,79391007,3/5/2025,Free,Active,Thursday,False,50,8,3,1,2,1,0
4/24/2025,79819778,3/7/2025,Free,Active,Thursday,False,48,10,1,4,0,0,0
4/24/2025,80322173,3/5/2025,Free,Active,Thursday,False,50,6,2,2,1,0,0
4/24/2025,81058962,3/4/2025,Free,Active,Thursday,False,51,3,5,0,0,1,0
4/24/2025,81895947,3/5/2025,Free,Active,Thursday,False,50,8,4,2,0,0,1
4/24/2025,89505560,3/5/2025,Paid,Active,Thursday,False,50,3,1,2,0,0,0
4/24/2025,89580457,3/6/2025,Paid,Cancelled,Thursday,False,49,16,2,0,0,0,0
4/24/2025,90053100,3/3/2025,Free,Active,Thursday,False,52,8,9,2,1,1,0
4/24/2025,90384679,3/6/2025,Free,Active,Thursday,False,49,17,10,1,0,0,0
4/24/2025,90589301,3/5/2025,Free,Active,Thursday,False,50,17,4,2,1,0,0
4/24/2025,92207376,3/7/2025,Paid,Active,Thursday,False,48,10,8,2,1,1,0
4/24/2025,93721129,3/4/2025,Paid,Active,Thursday,False,51,8,2,3,2,0,1
4/24/2025,94491215,3/7/2025,Free,Active,Thursday,False,48,7,8,2,0,0,0
4/24/2025,95928771,3/5/2025,Paid,Active,Thursday,False,50,7,10,1,0,0,0
4/24/2025,97515553,3/3/2025,Free,Active,Thursday,False,52,7,3,2,1,0,0
4/24/2025,98245773,3/3/2025,Free,Active,Thursday,False,52,3,5,1,0,0,0
4/25/2025,10517792,3/6/2025,Free,Active,Friday,False,50,9,9,1,0,0,0
4/25/2025,10522638,3/7/2025,Paid,Active,Friday,False,49,30,3,1,1,0,0
4/25/2025,11207503,3/3/2025,Paid,Active,Friday,False,53,25,3,3,1,0,0
4/25/2025,11495794,3/6/2025,Paid,Active,Friday,False,50,37,5,3,2,0,0
4/25/2025,12839768,3/7/2025,Free,Active,Friday,False,49,12,3,4,0,0,1
4/25/2025,14003926,3/3/2025,Free,Active,Friday,False,53,4,10,2,0,0,0
4/25/2025,14209843,3/4/2025,Paid,Active,Friday,False,52,4,5,5,1,0,0
4/25/2025,14851543,3/7/2025,Paid,Active,Friday,False,49,5,4,1,0,0,0
4/25/2025,16402515,3/7/2025,Free,Active,Friday,False,49,6,3,5,0,0,0
4/25/2025,17463270,3/3/2025,Paid,Active,Friday,False,53,26,1,0,2,0,0
4/25/2025,17983248,3/4/2025,Paid,Active,Friday,False,52,3,12,2,0,0,0
4/25/2025,18580473,3/5/2025,Paid,Active,Friday,False,51,9,15,2,1,0,0
4/25/2025,18940612,3/7/2025,Free,Active,Friday,False,49,33,5,2,2,0,0
4/25/2025,19577042,3/6/2025,Free,Active,Friday,False,50,7,9,1,0,1,1
4/25/2025,21395247,3/3/2025,Paid,Active,Friday,False,53,21,0,0,0,1,0
4/25/2025,23272498,3/5/2025,Free,Active,Friday,False,51,4,9,1,0,1,0
4/25/2025,23940170,3/6/2025,Free,Active,Friday,False,50,10,5,1,2,0,0
4/25/2025,26103384,3/4/2025,Paid,Active,Friday,False,52,15,4,4,0,0,0
4/25/2025,27469715,3/4/2025,Free,Active,Friday,False,52,11,2,0,0,0,0
4/25/2025,28168630,3/5/2025,Free,Active,Friday,False,51,34,7,1,1,0,0
4/25/2025,28500176,3/7/2025,Free,Active,Friday,False,49,3,0,1,0,0,0
4/25/2025,28608102,3/4/2025,Paid,Active,Friday,False,52,14,3,2,0,0,0
4/25/2025,28947491,3/3/2025,Paid,Active,Friday,False,53,12,10,3,0,0,0
4/25/2025,29659181,3/6/2025,Free,Active,Friday,False,50,66,2,2,3,1,0
4/25/2025,32287062,3/4/2025,Free,Active,Friday,False,52,20,3,2,3,0,0
4/25/2025,33834899,3/5/2025,Paid,Active,Friday,False,51,6,12,0,0,0,1
4/25/2025,33910622,3/3/2025,Paid,Active,Friday,False,53,5,6,9,1,0,0
4/25/2025,34782115,3/4/2025,Free,Active,Friday,False,52,8,10,0,0,0,0
4/25/2025,36017834,3/7/2025,Paid,Active,Friday,False,49,37,2,1,2,0,0
4/25/2025,36329183,3/4/2025,Paid,Active,Friday,False,52,16,18,2,0,0,0
4/25/2025,39114147,3/7/2025,Free,Active,Friday,False,49,9,5,1,0,0,0
4/25/2025,40070917,3/4/2025,Paid,Active,Friday,False,52,27,3,1,1,0,0
4/25/2025,40836783,3/5/2025,Paid,Active,Friday,False,51,9,5,1,1,2,0
4/25/2025,43564818,3/4/2025,Free,Active,Friday,False,52,7,2,2,0,1,0
4/25/2025,44382081,3/5/2025,Free,Active,Friday,False,51,16,1,1,1,0,0
4/25/2025,44441861,3/6/2025,Free,Active,Friday,False,50,12,2,1,0,0,0
4/25/2025,44549411,3/3/2025,Paid,Active,Friday,False,53,15,7,1,0,0,1
4/25/2025,44814486,3/3/2025,Paid,Active,Friday,False,53,2,5,0,0,0,0
4/25/2025,48924961,3/6/2025,Free,Active,Friday,False,50,41,4,1,1,0,0
4/25/2025,51499006,3/7/2025,Free,Active,Friday,False,49,17,10,3,1,0,0
4/25/2025,52607867,3/5/2025,Paid,Active,Friday,False,51,1,1,0,0,0,1
4/25/2025,53226858,3/4/2025,Paid,Active,Friday,False,52,12,4,6,0,0,0
4/25/2025,54677898,3/5/2025,Free,Active,Friday,False,51,5,4,2,0,0,0
4/25/2025,55617207,3/6/2025,Free,Active,Friday,False,50,12,10,0,1,0,1
4/25/2025,56195615,3/7/2025,Free,Active,Friday,False,49,9,7,5,0,0,0
4/25/2025,59320316,3/4/2025,Paid,Active,Friday,False,52,17,6,1,0,2,0
4/25/2025,59783512,3/5/2025,Paid,Active,Friday,False,51,44,2,1,2,0,0
4/25/2025,60977230,3/4/2025,Paid,Active,Friday,False,52,12,15,1,0,2,0
4/25/2025,61786206,3/3/2025,Free,Active,Friday,False,53,6,3,5,0,0,0
4/25/2025,63585558,3/6/2025,Paid,Active,Friday,False,50,9,9,3,0,3,0
4/25/2025,65164953,3/4/2025,Free,Active,Friday,False,52,4,4,4,1,0,1
4/25/2025,66077920,3/3/2025,Paid,Active,Friday,False,53,2,1,1,0,0,0
4/25/2025,67901718,3/7/2025,Paid,Active,Friday,False,49,6,4,1,1,0,0
4/25/2025,68233734,3/3/2025,Free,Active,Friday,False,53,5,3,2,0,0,0
4/25/2025,70007939,3/4/2025,Free,Active,Friday,False,52,10,1,1,0,0,0
4/25/2025,70268283,3/4/2025,Free,Active,Friday,False,52,7,3,0,0,0,0
4/25/2025,71124136,3/3/2025,Paid,Active,Friday,False,53,10,1,2,0,2,0
4/25/2025,71790553,3/4/2025,Paid,Active,Friday,False,52,27,1,1,1,0,0
4/25/2025,72469436,3/3/2025,Free,Active,Friday,False,53,8,3,1,3,0,1
4/25/2025,73128237,3/7/2025,Paid,Active,Friday,False,49,16,1,6,0,0,0
4/25/2025,74062340,3/5/2025,Free,Active,Friday,False,51,3,1,2,1,1,0
4/25/2025,74484152,3/4/2025,Paid,Active,Friday,False,52,11,5,1,0,1,1
4/25/2025,74598602,3/6/2025,Paid,Active,Friday,False,50,28,5,1,4,0,0
4/25/2025,76023894,3/4/2025,Free,Active,Friday,False,52,5,9,1,0,1,0
4/25/2025,76306583,3/6/2025,Paid,Active,Friday,False,50,7,12,2,1,2,0
4/25/2025,76587233,3/4/2025,Paid,Active,Friday,False,52,12,3,1,1,0,0
4/25/2025,76671851,3/6/2025,Free,Active,Friday,False,50,2,4,4,1,0,0
4/25/2025,77337890,3/3/2025,Paid,Active,Friday,False,53,11,4,5,0,0,0
4/25/2025,77362777,3/6/2025,Free,Active,Friday,False,50,7,6,2,0,0,0
4/25/2025,77687782,3/3/2025,Free,Active,Friday,False,53,44,4,2,1,0,0
4/25/2025,78514449,3/7/2025,Free,Active,Friday,False,49,32,2,1,2,0,0
4/25/2025,79391007,3/5/2025,Free,Active,Friday,False,51,12,7,2,0,1,0
4/25/2025,79819778,3/7/2025,Free,Active,Friday,False,49,8,1,5,0,1,0
4/25/2025,79854644,3/5/2025,Free,Active,Friday,False,51,11,3,1,0,1,0
4/25/2025,80322173,3/5/2025,Free,Active,Friday,False,51,6,4,5,0,0,0
4/25/2025,83673862,3/3/2025,Free,Active,Friday,False,53,4,1,2,0,0,0
4/25/2025,83753999,3/6/2025,Free,Active,Friday,False,50,2,5,0,0,0,0
4/25/2025,86372804,3/3/2025,Paid,Active,Friday,False,53,6,7,1,1,1,0
4/25/2025,86762579,3/5/2025,Paid,Active,Friday,False,51,10,4,3,0,0,0
4/25/2025,89547601,3/5/2025,Free,Active,Friday,False,51,5,9,2,1,1,0
4/25/2025,90589301,3/5/2025,Free,Active,Friday,False,51,15,3,2,1,0,0
4/25/2025,91286478,3/7/2025,Free,Active,Friday,False,49,8,1,1,0,0,0
4/25/2025,92575198,3/4/2025,Free,Active,Friday,False,52,4,5,4,0,1,1
4/25/2025,93805705,3/4/2025,Free,Active,Friday,False,52,2,1,1,0,0,0
4/25/2025,94491215,3/7/2025,Free,Active,Friday,False,49,11,9,1,2,0,0
4/26/2025,10439750,3/6/2025,Paid,Active,Saturday,True,51,13,3,0,3,0,1
4/26/2025,10453161,3/5/2025,Paid,Active,Saturday,True,52,23,3,1,2,0,0
4/26/2025,10517792,3/6/2025,Free,Active,Saturday,True,51,10,10,2,0,0,0
4/26/2025,11207503,3/3/2025,Paid,Active,Saturday,True,54,23,6,1,3,1,0
4/26/2025,11495794,3/6/2025,Paid,Active,Saturday,True,51,15,2,2,1,1,0
4/26/2025,12089369,3/7/2025,Free,Active,Saturday,True,50,7,10,1,1,0,0
4/26/2025,12839768,3/7/2025,Free,Active,Saturday,True,50,6,4,4,1,2,0
4/26/2025,14003926,3/3/2025,Free,Active,Saturday,True,54,17,9,1,0,1,0
4/26/2025,14209843,3/4/2025,Paid,Active,Saturday,True,53,11,2,1,1,0,0
4/26/2025,14495366,3/5/2025,Free,Active,Saturday,True,52,3,5,2,0,2,0
4/26/2025,15647148,3/6/2025,Free,Active,Saturday,True,51,90,1,1,3,0,0
4/26/2025,16323501,3/5/2025,Free,Active,Saturday,True,52,3,2,1,1,1,0
4/26/2025,16402515,3/7/2025,Free,Active,Saturday,True,50,11,3,2,1,1,1
4/26/2025,17228968,3/6/2025,Paid,Active,Saturday,True,51,6,4,1,0,0,0
4/26/2025,17983248,3/4/2025,Paid,Active,Saturday,True,53,6,4,2,1,0,0
4/26/2025,18580473,3/5/2025,Paid,Active,Saturday,True,52,5,8,3,0,0,0
4/26/2025,18940612,3/7/2025,Free,Active,Saturday,True,50,36,2,2,4,0,0
4/26/2025,19577042,3/6/2025,Free,Active,Saturday,True,51,16,9,1,2,1,0
4/26/2025,21395247,3/3/2025,Paid,Active,Saturday,True,54,12,2,1,0,0,0
4/26/2025,22264388,3/6/2025,Paid,Active,Saturday,True,51,5,2,2,1,0,1
4/26/2025,23272498,3/5/2025,Free,Active,Saturday,True,52,4,6,0,1,1,0
4/26/2025,23940170,3/6/2025,Free,Active,Saturday,True,51,8,5,1,0,0,0
4/26/2025,25761792,3/6/2025,Free,Active,Saturday,True,51,16,5,2,1,0,0
4/26/2025,26103384,3/4/2025,Paid,Active,Saturday,True,53,3,1,5,1,0,0
4/26/2025,27469715,3/4/2025,Free,Active,Saturday,True,53,14,0,0,3,1,0
4/26/2025,28168630,3/5/2025,Free,Active,Saturday,True,52,15,6,1,0,0,0
4/26/2025,28500176,3/7/2025,Free,Active,Saturday,True,50,4,1,1,0,0,0
4/26/2025,28608102,3/4/2025,Paid,Active,Saturday,True,53,23,2,2,2,0,0
4/26/2025,28947491,3/3/2025,Paid,Active,Saturday,True,54,10,2,2,0,2,0
4/26/2025,29659181,3/6/2025,Free,Active,Saturday,True,51,14,4,2,1,0,0
4/26/2025,30665172,3/6/2025,Paid,Active,Saturday,True,51,9,1,1,0,0,0
4/26/2025,31297307,3/4/2025,Paid,Active,Saturday,True,53,9,9,2,0,0,0
4/26/2025,33834899,3/5/2025,Paid,Active,Saturday,True,52,10,9,1,0,0,0
4/26/2025,33910622,3/3/2025,Paid,Active,Saturday,True,54,6,5,5,0,0,0
4/26/2025,36017834,3/7/2025,Paid,Active,Saturday,True,50,26,5,3,0,0,0
4/26/2025,36222279,3/5/2025,Paid,Active,Saturday,True,52,11,1,4,0,0,1
4/26/2025,36329183,3/4/2025,Paid,Active,Saturday,True,53,15,18,2,1,0,0
4/26/2025,39114147,3/7/2025,Free,Active,Saturday,True,50,13,9,1,0,1,0
4/26/2025,39554899,3/4/2025,Free,Active,Saturday,True,53,9,2,2,0,0,1
4/26/2025,40070917,3/4/2025,Paid,Active,Saturday,True,53,19,2,1,3,0,1
4/26/2025,40071067,3/7/2025,Free,Active,Saturday,True,50,1,2,0,0,0,0
4/26/2025,40836783,3/5/2025,Paid,Active,Saturday,True,52,6,10,1,0,0,0
4/26/2025,43564818,3/4/2025,Free,Active,Saturday,True,53,10,7,5,1,0,0
4/26/2025,44441861,3/6/2025,Free,Active,Saturday,True,51,4,3,1,0,0,0
4/26/2025,44549411,3/3/2025,Paid,Active,Saturday,True,54,8,3,2,0,1,0
4/26/2025,48924961,3/6/2025,Free,Active,Saturday,True,51,25,4,3,1,0,0
4/26/2025,51499006,3/7/2025,Free,Active,Saturday,True,50,7,4,1,0,0,0
4/26/2025,54677898,3/5/2025,Free,Active,Saturday,True,52,8,3,4,1,0,1
4/26/2025,55617207,3/6/2025,Free,Active,Saturday,True,51,8,4,1,0,0,1
4/26/2025,55796778,3/7/2025,Paid,Active,Saturday,True,50,31,2,1,1,1,0
4/26/2025,56195615,3/7/2025,Free,Active,Saturday,True,50,5,2,4,0,0,1
4/26/2025,57850647,3/3/2025,Paid,Active,Saturday,True,54,22,4,2,1,0,0
4/26/2025,59320316,3/4/2025,Paid,Cancelled,Saturday,True,53,16,17,2,0,0,0
4/26/2025,59783512,3/5/2025,Paid,Active,Saturday,True,52,28,7,0,1,0,0
4/26/2025,61786206,3/3/2025,Free,Active,Saturday,True,54,4,2,2,0,0,0
4/26/2025,63534569,3/7/2025,Paid,Active,Saturday,True,50,5,3,1,0,0,0
4/26/2025,63585558,3/6/2025,Paid,Active,Saturday,True,51,11,17,1,0,2,1
4/26/2025,64875604,3/6/2025,Paid,Active,Saturday,True,51,6,8,2,1,3,0
4/26/2025,65164953,3/4/2025,Free,Active,Saturday,True,53,5,3,5,0,1,0
4/26/2025,66077920,3/3/2025,Paid,Active,Saturday,True,54,4,1,1,0,0,0
4/26/2025,67901718,3/7/2025,Paid,Active,Saturday,True,50,3,7,1,0,1,0
4/26/2025,68233734,3/3/2025,Free,Active,Saturday,True,54,13,5,3,0,1,0
4/26/2025,68378705,3/6/2025,Free,Active,Saturday,True,51,2,2,0,1,0,0
4/26/2025,68805871,3/6/2025,Free,Active,Saturday,True,51,1,5,0,1,0,0
4/26/2025,70007939,3/4/2025,Free,Active,Saturday,True,53,18,3,0,3,0,0
4/26/2025,70268283,3/4/2025,Free,Active,Saturday,True,53,11,6,2,0,2,0
4/26/2025,71124136,3/3/2025,Paid,Active,Saturday,True,54,30,3,2,2,0,0
4/26/2025,71790553,3/4/2025,Paid,Active,Saturday,True,53,19,2,0,0,0,0
4/26/2025,72469436,3/3/2025,Free,Active,Saturday,True,54,28,2,0,1,0,0
4/26/2025,73128237,3/7/2025,Paid,Active,Saturday,True,50,4,6,9,0,0,0
4/26/2025,73530116,3/3/2025,Paid,Active,Saturday,True,54,6,1,0,1,0,0
4/26/2025,73963079,3/4/2025,Paid,Active,Saturday,True,53,30,1,1,0,0,0
4/26/2025,74484152,3/4/2025,Paid,Active,Saturday,True,53,7,5,2,0,0,1
4/26/2025,74598602,3/6/2025,Paid,Active,Saturday,True,51,11,6,1,1,0,0
4/26/2025,76023894,3/4/2025,Free,Active,Saturday,True,53,9,8,2,2,2,0
4/26/2025,76306583,3/6/2025,Paid,Active,Saturday,True,51,16,17,0,0,2,1
4/26/2025,76587233,3/4/2025,Paid,Active,Saturday,True,53,14,5,1,0,0,0
4/26/2025,76671851,3/6/2025,Free,Active,Saturday,True,51,11,3,4,1,0,1
4/26/2025,77337890,3/3/2025,Paid,Active,Saturday,True,54,8,3,3,0,0,0
4/26/2025,77362777,3/6/2025,Free,Active,Saturday,True,51,4,4,0,0,1,0
4/26/2025,77687782,3/3/2025,Free,Active,Saturday,True,54,21,2,1,1,1,0
4/26/2025,78514449,3/7/2025,Free,Active,Saturday,True,50,21,2,0,3,0,0
4/26/2025,79391007,3/5/2025,Free,Active,Saturday,True,52,4,6,0,0,1,0
4/26/2025,79819778,3/7/2025,Free,Active,Saturday,True,50,3,3,3,0,0,0
4/26/2025,80322173,3/5/2025,Free,Active,Saturday,True,52,9,4,3,0,0,0
4/26/2025,80640969,3/5/2025,Free,Active,Saturday,True,52,5,4,1,0,0,1
4/26/2025,81062415,3/7/2025,Paid,Active,Saturday,True,50,9,2,1,2,0,1
4/26/2025,86762579,3/5/2025,Paid,Active,Saturday,True,52,7,4,5,1,0,0
4/26/2025,89505560,3/5/2025,Paid,Active,Saturday,True,52,9,1,5,1,0,0
4/26/2025,90384679,3/6/2025,Free,Active,Saturday,True,51,15,9,2,0,1,0
4/26/2025,90589301,3/5/2025,Free,Active,Saturday,True,52,96,1,0,4,0,0
4/26/2025,92207376,3/7/2025,Paid,Active,Saturday,True,50,3,4,1,0,0,0
4/26/2025,92575198,3/4/2025,Free,Active,Saturday,True,53,13,3,5,0,0,0
4/26/2025,93721129,3/4/2025,Paid,Active,Saturday,True,53,7,1,3,0,0,0
4/26/2025,93805705,3/4/2025,Free,Active,Saturday,True,53,3,2,1,0,0,0
4/26/2025,94491215,3/7/2025,Free,Active,Saturday,True,50,14,7,3,0,0,0
4/26/2025,94796124,3/5/2025,Free,Active,Saturday,True,52,1,6,1,0,1,0
4/26/2025,95834438,3/3/2025,Free,Active,Saturday,True,54,5,8,1,1,0,0
4/26/2025,95928771,3/5/2025,Paid,Active,Saturday,True,52,7,12,2,1,0,0
4/27/2025,10439750,3/6/2025,Paid,Active,Sunday,True,52,14,1,1,1,1,0
4/27/2025,10453161,3/5/2025,Paid,Active,Sunday,True,53,11,2,1,0,0,0
4/27/2025,10517792,3/6/2025,Free,Active,Sunday,True,52,5,9,2,2,1,0
4/27/2025,10522638,3/7/2025,Paid,Active,Sunday,True,51,18,2,2,0,0,0
4/27/2025,11495794,3/6/2025,Paid,Active,Sunday,True,52,16,2,1,1,0,0
4/27/2025,12089369,3/7/2025,Free,Active,Sunday,True,51,8,10,2,0,0,0
4/27/2025,12839768,3/7/2025,Free,Active,Sunday,True,51,6,2,5,0,1,0
4/27/2025,14003926,3/3/2025,Free,Active,Sunday,True,55,14,9,2,3,1,1
4/27/2025,14209843,3/4/2025,Paid,Active,Sunday,True,54,6,4,4,0,0,0
4/27/2025,14495366,3/5/2025,Free,Active,Sunday,True,53,11,10,1,0,0,0
4/27/2025,14528458,3/5/2025,Free,Active,Sunday,True,53,52,3,0,2,1,1
4/27/2025,14851543,3/7/2025,Paid,Active,Sunday,True,51,8,2,4,0,0,1
4/27/2025,16402515,3/7/2025,Free,Active,Sunday,True,51,10,2,4,1,0,0
4/27/2025,17228968,3/6/2025,Paid,Active,Sunday,True,52,8,5,1,0,0,0
4/27/2025,17463270,3/3/2025,Paid,Active,Sunday,True,55,30,3,1,3,0,0
4/27/2025,17983248,3/4/2025,Paid,Active,Sunday,True,54,10,8,2,1,2,0
4/27/2025,18580473,3/5/2025,Paid,Active,Sunday,True,53,17,9,3,0,1,0
4/27/2025,18940612,3/7/2025,Free,Active,Sunday,True,51,74,2,2,1,0,1
4/27/2025,19577042,3/6/2025,Free,Active,Sunday,True,52,9,10,1,0,0,0
4/27/2025,20119241,3/7/2025,Paid,Active,Sunday,True,51,9,4,2,0,0,0
4/27/2025,22264388,3/6/2025,Paid,Active,Sunday,True,52,2,3,2,0,0,1
4/27/2025,24627496,3/7/2025,Paid,Active,Sunday,True,51,9,1,1,0,0,0
4/27/2025,25761792,3/6/2025,Free,Active,Sunday,True,52,11,10,0,1,0,0
4/27/2025,26103384,3/4/2025,Paid,Active,Sunday,True,54,10,2,7,0,0,1
4/27/2025,27469715,3/4/2025,Free,Active,Sunday,True,54,12,2,0,0,0,0
4/27/2025,28500176,3/7/2025,Free,Active,Sunday,True,51,5,1,2,1,0,0
4/27/2025,28608102,3/4/2025,Paid,Active,Sunday,True,54,16,3,1,0,0,0
4/27/2025,28947491,3/3/2025,Paid,Active,Sunday,True,55,12,15,3,1,1,0
4/27/2025,29659181,3/6/2025,Free,Active,Sunday,True,52,13,3,0,1,0,0
4/27/2025,30377112,3/3/2025,Paid,Active,Sunday,True,55,9,4,4,1,0,0
4/27/2025,30665172,3/6/2025,Paid,Active,Sunday,True,52,8,2,3,0,0,1
4/27/2025,31297307,3/4/2025,Paid,Active,Sunday,True,54,8,10,2,0,2,0
4/27/2025,33910622,3/3/2025,Paid,Active,Sunday,True,55,9,2,4,1,0,0
4/27/2025,34782115,3/4/2025,Free,Active,Sunday,True,54,3,6,1,0,0,0
4/27/2025,36017834,3/7/2025,Paid,Active,Sunday,True,51,24,5,0,1,0,0
4/27/2025,36222279,3/5/2025,Paid,Active,Sunday,True,53,7,3,3,0,0,0
4/27/2025,36329183,3/4/2025,Paid,Active,Sunday,True,54,15,3,0,0,1,1
4/27/2025,39114147,3/7/2025,Free,Active,Sunday,True,51,5,6,2,0,0,1
4/27/2025,39534512,3/6/2025,Free,Active,Sunday,True,52,1,2,2,0,0,0
4/27/2025,39554899,3/4/2025,Free,Active,Sunday,True,54,7,4,4,0,0,0
4/27/2025,40070917,3/4/2025,Paid,Active,Sunday,True,54,13,2,1,1,1,1
4/27/2025,40836783,3/5/2025,Paid,Active,Sunday,True,53,7,2,2,0,1,0
4/27/2025,43564818,3/4/2025,Free,Active,Sunday,True,54,10,6,5,0,1,0
4/27/2025,44382081,3/5/2025,Free,Active,Sunday,True,53,17,2,1,1,0,0
4/27/2025,44441861,3/6/2025,Free,Active,Sunday,True,52,6,0,4,0,1,0
4/27/2025,44549411,3/3/2025,Paid,Active,Sunday,True,55,16,4,1,0,1,0
4/27/2025,46347412,3/5/2025,Free,Active,Sunday,True,53,3,3,1,0,0,0
4/27/2025,48924961,3/6/2025,Free,Active,Sunday,True,52,40,4,1,3,0,0
4/27/2025,51499006,3/7/2025,Free,Active,Sunday,True,51,12,10,1,1,0,1
4/27/2025,52607867,3/5/2025,Paid,Active,Sunday,True,53,2,7,1,0,0,0
4/27/2025,53226858,3/4/2025,Paid,Active,Sunday,True,54,11,3,1,0,0,0
4/27/2025,54677898,3/5/2025,Free,Active,Sunday,True,53,4,3,5,1,0,0
4/27/2025,55617207,3/6/2025,Free,Active,Sunday,True,52,7,10,1,0,0,1
4/27/2025,55796778,3/7/2025,Paid,Active,Sunday,True,51,7,1,1,0,0,0
4/27/2025,56195615,3/7/2025,Free,Active,Sunday,True,51,15,1,2,0,0,1
4/27/2025,57850647,3/3/2025,Paid,Active,Sunday,True,55,23,2,1,2,1,0
4/27/2025,59783512,3/5/2025,Paid,Active,Sunday,True,53,13,4,3,1,1,0
4/27/2025,60977230,3/4/2025,Paid,Active,Sunday,True,54,16,7,3,0,0,0
4/27/2025,61786206,3/3/2025,Free,Active,Sunday,True,55,5,2,2,0,0,1
4/27/2025,63585558,3/6/2025,Paid,Active,Sunday,True,52,5,19,3,0,0,0
4/27/2025,64875604,3/6/2025,Paid,Active,Sunday,True,52,8,6,0,0,0,0
4/27/2025,65164953,3/4/2025,Free,Active,Sunday,True,54,5,1,3,0,0,0
4/27/2025,66085019,3/5/2025,Free,Active,Sunday,True,53,6,10,1,1,0,0
4/27/2025,67901718,3/7/2025,Paid,Active,Sunday,True,51,7,11,1,1,0,0
4/27/2025,68233734,3/3/2025,Free,Active,Sunday,True,55,5,5,5,0,0,0
4/27/2025,70007939,3/4/2025,Free,Active,Sunday,True,54,11,2,1,0,0,0
4/27/2025,70268283,3/4/2025,Free,Active,Sunday,True,54,10,6,0,1,0,0
4/27/2025,71124136,3/3/2025,Paid,Active,Sunday,True,55,10,1,2,3,0,0
4/27/2025,71790553,3/4/2025,Paid,Active,Sunday,True,54,20,3,1,2,0,0
4/27/2025,73128237,3/7/2025,Paid,Active,Sunday,True,51,10,5,3,0,0,0
4/27/2025,73963079,3/4/2025,Paid,Active,Sunday,True,54,30,2,1,2,0,0
4/27/2025,74062340,3/5/2025,Free,Active,Sunday,True,53,4,0,1,1,0,0
4/27/2025,74484152,3/4/2025,Paid,Active,Sunday,True,54,14,16,1,0,0,0
4/27/2025,74598602,3/6/2025,Paid,Active,Sunday,True,52,20,4,3,1,1,0
4/27/2025,76023894,3/4/2025,Free,Active,Sunday,True,54,3,2,1,0,1,0
4/27/2025,76306583,3/6/2025,Paid,Active,Sunday,True,52,17,13,3,1,0,0
4/27/2025,76671851,3/6/2025,Free,Active,Sunday,True,52,10,1,4,1,0,0
4/27/2025,77337890,3/3/2025,Paid,Active,Sunday,True,55,8,2,5,1,0,0
4/27/2025,77362777,3/6/2025,Free,Active,Sunday,True,52,10,9,1,1,1,0
4/27/2025,77687782,3/3/2025,Free,Active,Sunday,True,55,20,2,2,1,0,0
4/27/2025,78514449,3/7/2025,Free,Active,Sunday,True,51,26,7,1,1,0,0
4/27/2025,79391007,3/5/2025,Free,Active,Sunday,True,53,6,8,1,1,0,0
4/27/2025,79819778,3/7/2025,Free,Active,Sunday,True,51,6,2,4,0,0,1
4/27/2025,80322173,3/5/2025,Free,Active,Sunday,True,53,9,3,1,2,0,0
4/27/2025,80640969,3/5/2025,Free,Active,Sunday,True,53,4,10,1,0,0,0
4/27/2025,81058962,3/4/2025,Free,Active,Sunday,True,54,5,4,0,0,1,0
4/27/2025,81062415,3/7/2025,Paid,Active,Sunday,True,51,8,4,2,0,0,0
4/27/2025,81895947,3/5/2025,Free,Active,Sunday,True,53,9,2,4,1,0,0
4/27/2025,83673862,3/3/2025,Free,Active,Sunday,True,55,4,2,1,0,0,0
4/27/2025,83753999,3/6/2025,Free,Active,Sunday,True,52,2,3,0,0,0,0
4/27/2025,86372804,3/3/2025,Paid,Active,Sunday,True,55,6,6,0,0,0,1
4/27/2025,86762579,3/5/2025,Paid,Active,Sunday,True,53,7,4,2,0,0,0
4/27/2025,89281326,3/3/2025,Free,Active,Sunday,True,55,3,3,2,0,1,0
4/27/2025,89505560,3/5/2025,Paid,Active,Sunday,True,53,9,1,3,2,1,0
4/27/2025,90384679,3/6/2025,Free,Active,Sunday,True,52,12,10,1,0,0,0
4/27/2025,90589301,3/5/2025,Free,Active,Sunday,True,53,41,5,2,2,0,0
4/27/2025,92207376,3/7/2025,Paid,Active,Sunday,True,51,12,8,1,0,1,1
4/27/2025,92575198,3/4/2025,Free,Active,Sunday,True,54,6,4,5,1,0,0
4/27/2025,93721129,3/4/2025,Paid,Active,Sunday,True,54,11,4,1,0,0,0
4/27/2025,93805705,3/4/2025,Free,Active,Sunday,True,54,6,2,2,0,0,0
4/27/2025,94491215,3/7/2025,Free,Active,Sunday,True,51,8,10,2,1,0,0
4/27/2025,95834438,3/3/2025,Free,Active,Sunday,True,55,7,9,1,0,1,0
4/27/2025,95928771,3/5/2025,Paid,Active,Sunday,True,53,4,6,0,0,0,0
4/28/2025,10439750,3/6/2025,Paid,Active,Monday,False,53,25,3,2,4,0,0
4/28/2025,10453161,3/5/2025,Paid,Active,Monday,False,54,19,3,2,1,0,0
4/28/2025,10522638,3/7/2025,Paid,Active,Monday,False,52,26,1,1,1,2,0
4/28/2025,11495794,3/6/2025,Paid,Active,Monday,False,53,39,3,2,1,0,0
4/28/2025,12839768,3/7/2025,Free,Active,Monday,False,52,10,5,4,0,0,1
4/28/2025,14003926,3/3/2025,Free,Active,Monday,False,56,12,7,1,0,0,0
4/28/2025,14209843,3/4/2025,Paid,Active,Monday,False,55,3,2,6,0,0,0
4/28/2025,14495366,3/5/2025,Free,Active,Monday,False,54,9,6,0,0,0,0
4/28/2025,14528458,3/5/2025,Free,Active,Monday,False,54,17,3,1,0,0,0
4/28/2025,15647148,3/6/2025,Free,Active,Monday,False,53,24,2,0,0,0,0
4/28/2025,16323501,3/5/2025,Free,Active,Monday,False,54,7,4,1,0,0,0
4/28/2025,16402515,3/7/2025,Free,Active,Monday,False,52,11,3,3,0,0,0
4/28/2025,17228968,3/6/2025,Paid,Active,Monday,False,53,6,3,2,1,1,0
4/28/2025,17983248,3/4/2025,Paid,Active,Monday,False,55,10,7,1,0,1,1
4/28/2025,18940612,3/7/2025,Free,Active,Monday,False,52,37,5,2,2,1,0
4/28/2025,19577042,3/6/2025,Free,Active,Monday,False,53,12,10,3,0,0,0
4/28/2025,20119241,3/7/2025,Paid,Active,Monday,False,52,9,4,5,0,0,1
4/28/2025,21395247,3/3/2025,Paid,Active,Monday,False,56,8,2,0,1,0,0
4/28/2025,23358649,3/5/2025,Free,Active,Monday,False,54,10,4,3,1,0,0
4/28/2025,23940170,3/6/2025,Free,Active,Monday,False,53,6,9,1,2,1,0
4/28/2025,25761792,3/6/2025,Free,Active,Monday,False,53,13,9,1,3,1,0
4/28/2025,26103384,3/4/2025,Paid,Active,Monday,False,55,18,6,4,0,1,1
4/28/2025,28168630,3/5/2025,Free,Active,Monday,False,54,35,1,2,2,0,0
4/28/2025,28608102,3/4/2025,Paid,Active,Monday,False,55,10,4,1,0,0,0
4/28/2025,28947491,3/3/2025,Paid,Active,Monday,False,56,5,11,1,0,1,1
4/28/2025,29469046,3/6/2025,Free,Active,Monday,False,53,6,3,2,0,0,0
4/28/2025,29659181,3/6/2025,Free,Active,Monday,False,53,15,4,2,0,0,0
4/28/2025,30665172,3/6/2025,Paid,Active,Monday,False,53,5,4,5,0,0,0
4/28/2025,32287062,3/4/2025,Free,Active,Monday,False,55,27,3,0,2,0,0
4/28/2025,33834899,3/5/2025,Paid,Active,Monday,False,54,4,11,1,2,1,0
4/28/2025,33910622,3/3/2025,Paid,Active,Monday,False,56,7,3,3,5,1,0
4/28/2025,34782115,3/4/2025,Free,Active,Monday,False,55,4,3,0,0,0,0
4/28/2025,36017834,3/7/2025,Paid,Active,Monday,False,52,13,5,1,1,1,0
4/28/2025,36222279,3/5/2025,Paid,Active,Monday,False,54,6,2,3,1,0,0
4/28/2025,36329183,3/4/2025,Paid,Active,Monday,False,55,10,13,1,1,0,0
4/28/2025,39114147,3/7/2025,Free,Active,Monday,False,52,7,10,1,0,0,0
4/28/2025,39554899,3/4/2025,Free,Active,Monday,False,55,7,1,4,0,0,1
4/28/2025,40070917,3/4/2025,Paid,Active,Monday,False,55,20,1,2,1,0,0
4/28/2025,40071067,3/7/2025,Free,Active,Monday,False,52,4,4,1,2,0,0
4/28/2025,40836783,3/5/2025,Paid,Active,Monday,False,54,9,5,1,0,1,0
4/28/2025,43564818,3/4/2025,Free,Active,Monday,False,55,4,6,5,1,0,0
4/28/2025,44382081,3/5/2025,Free,Active,Monday,False,54,27,2,0,3,0,0
4/28/2025,44441861,3/6/2025,Free,Active,Monday,False,53,5,4,4,0,0,0
4/28/2025,44549411,3/3/2025,Paid,Active,Monday,False,56,16,18,2,0,1,0
4/28/2025,48924961,3/6/2025,Free,Active,Monday,False,53,86,2,2,1,0,0
4/28/2025,51499006,3/7/2025,Free,Active,Monday,False,52,11,9,2,0,1,0
4/28/2025,53226858,3/4/2025,Paid,Active,Monday,False,55,4,3,3,2,0,0
4/28/2025,55617207,3/6/2025,Free,Active,Monday,False,53,9,9,1,3,1,0
4/28/2025,56195615,3/7/2025,Free,Active,Monday,False,52,10,6,5,0,0,0
4/28/2025,57850647,3/3/2025,Paid,Active,Monday,False,56,18,1,2,2,0,0
4/28/2025,59783512,3/5/2025,Paid,Active,Monday,False,54,27,2,1,2,0,0
4/28/2025,60977230,3/4/2025,Paid,Active,Monday,False,55,14,18,2,1,0,0
4/28/2025,61786206,3/3/2025,Free,Active,Monday,False,56,2,1,2,0,0,1
4/28/2025,63534569,3/7/2025,Paid,Active,Monday,False,52,5,10,1,0,1,0
4/28/2025,63585558,3/6/2025,Paid,Active,Monday,False,53,14,5,1,0,0,0
4/28/2025,65164953,3/4/2025,Free,Active,Monday,False,55,10,4,4,0,0,1
4/28/2025,66077920,3/3/2025,Paid,Active,Monday,False,56,3,2,2,0,0,0
4/28/2025,66085019,3/5/2025,Free,Active,Monday,False,54,4,10,2,0,0,0
4/28/2025,68233734,3/3/2025,Free,Active,Monday,False,56,13,5,4,1,0,1
4/28/2025,68805871,3/6/2025,Free,Active,Monday,False,53,5,3,1,0,0,0
4/28/2025,68955030,3/6/2025,Free,Active,Monday,False,53,5,2,2,0,0,0
4/28/2025,70007939,3/4/2025,Free,Active,Monday,False,55,10,4,1,0,0,0
4/28/2025,71124136,3/3/2025,Paid,Active,Monday,False,56,19,3,0,1,1,0
4/28/2025,71790553,3/4/2025,Paid,Active,Monday,False,55,11,4,1,0,0,0
4/28/2025,72469436,3/3/2025,Free,Active,Monday,False,56,30,3,1,0,0,0
4/28/2025,73128237,3/7/2025,Paid,Active,Monday,False,52,9,3,6,0,0,0
4/28/2025,73530116,3/3/2025,Paid,Active,Monday,False,56,7,1,0,0,0,0
4/28/2025,73567762,3/6/2025,Free,Active,Monday,False,53,2,2,2,0,0,0
4/28/2025,73963079,3/4/2025,Paid,Active,Monday,False,55,24,3,1,1,0,0
4/28/2025,74484152,3/4/2025,Paid,Active,Monday,False,55,13,16,3,0,1,0
4/28/2025,76587233,3/4/2025,Paid,Active,Monday,False,55,9,2,1,0,0,0
4/28/2025,77337890,3/3/2025,Paid,Active,Monday,False,56,8,3,2,1,0,1
4/28/2025,77362777,3/6/2025,Free,Active,Monday,False,53,10,10,2,0,0,0
4/28/2025,77687782,3/3/2025,Free,Active,Monday,False,56,18,2,2,2,0,0
4/28/2025,78514449,3/7/2025,Free,Active,Monday,False,52,20,6,2,1,0,0
4/28/2025,79391007,3/5/2025,Free,Active,Monday,False,54,3,10,0,0,0,0
4/28/2025,79819778,3/7/2025,Free,Active,Monday,False,52,7,1,3,0,0,1
4/28/2025,79854644,3/5/2025,Free,Active,Monday,False,54,9,9,3,1,1,0
4/28/2025,80322173,3/5/2025,Free,Active,Monday,False,54,6,1,2,1,0,0
4/28/2025,80640969,3/5/2025,Free,Active,Monday,False,54,11,10,1,0,0,1
4/28/2025,81062415,3/7/2025,Paid,Active,Monday,False,52,4,4,5,0,0,0
4/28/2025,81895947,3/5/2025,Free,Active,Monday,False,54,3,1,3,0,0,1
4/28/2025,83753999,3/6/2025,Free,Active,Monday,False,53,5,7,1,0,0,0
4/28/2025,86372804,3/3/2025,Paid,Active,Monday,False,56,7,5,1,0,1,0
4/28/2025,86762579,3/5/2025,Paid,Active,Monday,False,54,6,3,4,0,0,0
4/28/2025,89281326,3/3/2025,Free,Active,Monday,False,56,10,9,1,1,0,0
4/28/2025,89505560,3/5/2025,Paid,Cancelled,Monday,False,54,11,4,4,0,0,1
4/28/2025,89547601,3/5/2025,Free,Active,Monday,False,54,6,10,1,0,0,0
4/28/2025,90384679,3/6/2025,Free,Active,Monday,False,53,14,10,2,0,0,0
4/28/2025,91286478,3/7/2025,Free,Active,Monday,False,52,6,1,0,0,0,0
4/28/2025,92575198,3/4/2025,Free,Active,Monday,False,55,4,2,5,0,0,0
4/28/2025,93805705,3/4/2025,Free,Active,Monday,False,55,4,1,2,0,0,0
4/28/2025,94491215,3/7/2025,Free,Active,Monday,False,52,8,10,0,0,0,0
4/28/2025,94796124,3/5/2025,Free,Active,Monday,False,54,5,4,1,0,0,0
4/28/2025,95928771,3/5/2025,Paid,Active,Monday,False,54,11,3,1,0,0,0
4/29/2025,10439750,3/6/2025,Paid,Active,Tuesday,False,54,8,4,1,0,0,0
4/29/2025,10517792,3/6/2025,Free,Active,Tuesday,False,54,4,8,2,1,0,0
4/29/2025,10522638,3/7/2025,Paid,Active,Tuesday,False,53,23,1,1,0,0,0
4/29/2025,11495794,3/6/2025,Paid,Active,Tuesday,False,54,20,6,3,0,0,0
4/29/2025,12089369,3/7/2025,Free,Active,Tuesday,False,53,6,9,0,0,0,1
4/29/2025,12839768,3/7/2025,Free,Active,Tuesday,False,53,15,2,5,0,0,0
4/29/2025,14003926,3/3/2025,Free,Active,Tuesday,False,57,12,4,1,0,0,0
4/29/2025,14209843,3/4/2025,Paid,Active,Tuesday,False,56,10,3,4,0,0,1
4/29/2025,14495366,3/5/2025,Free,Active,Tuesday,False,55,10,6,1,1,0,0
4/29/2025,14851543,3/7/2025,Paid,Active,Tuesday,False,53,4,1,1,0,0,0
4/29/2025,16323501,3/5/2025,Free,Active,Tuesday,False,55,9,9,1,0,0,0
4/29/2025,17228968,3/6/2025,Paid,Active,Tuesday,False,54,7,12,2,0,0,0
4/29/2025,17463270,3/3/2025,Paid,Active,Tuesday,False,57,10,4,2,1,0,0
4/29/2025,17983248,3/4/2025,Paid,Active,Tuesday,False,56,4,10,2,0,0,0
4/29/2025,18580473,3/5/2025,Paid,Active,Tuesday,False,55,10,7,1,1,0,0
4/29/2025,18940612,3/7/2025,Free,Active,Tuesday,False,53,21,4,3,1,0,0
4/29/2025,19577042,3/6/2025,Free,Active,Tuesday,False,54,15,6,1,0,0,0
4/29/2025,20119241,3/7/2025,Paid,Active,Tuesday,False,53,10,2,1,0,0,0
4/29/2025,21395247,3/3/2025,Paid,Active,Tuesday,False,57,11,4,1,1,0,0
4/29/2025,22264388,3/6/2025,Paid,Active,Tuesday,False,54,4,4,5,0,0,0
4/29/2025,23940170,3/6/2025,Free,Active,Tuesday,False,54,3,6,1,0,0,0
4/29/2025,25761792,3/6/2025,Free,Active,Tuesday,False,54,9,5,0,0,1,0
4/29/2025,26103384,3/4/2025,Paid,Active,Tuesday,False,56,16,4,8,0,1,0
4/29/2025,27469715,3/4/2025,Free,Active,Tuesday,False,56,18,1,0,1,0,0
4/29/2025,28168630,3/5/2025,Free,Active,Tuesday,False,55,11,6,3,0,0,0
4/29/2025,28608102,3/4/2025,Paid,Active,Tuesday,False,56,24,4,1,4,0,0
4/29/2025,28947491,3/3/2025,Paid,Active,Tuesday,False,57,18,13,1,0,0,1
4/29/2025,29469046,3/6/2025,Free,Active,Tuesday,False,54,4,2,2,0,0,0
4/29/2025,29659181,3/6/2025,Free,Active,Tuesday,False,54,10,4,2,1,0,0
4/29/2025,30377112,3/3/2025,Paid,Active,Tuesday,False,57,11,4,4,0,0,0
4/29/2025,30665172,3/6/2025,Paid,Active,Tuesday,False,54,5,1,1,2,0,0
4/29/2025,31297307,3/4/2025,Paid,Active,Tuesday,False,56,11,9,2,0,0,0
4/29/2025,33910622,3/3/2025,Paid,Active,Tuesday,False,57,7,2,3,0,2,2
4/29/2025,34782115,3/4/2025,Free,Active,Tuesday,False,56,8,6,1,0,0,0
4/29/2025,36017834,3/7/2025,Paid,Active,Tuesday,False,53,21,3,0,2,0,0
4/29/2025,36222279,3/5/2025,Paid,Active,Tuesday,False,55,7,1,2,0,0,0
4/29/2025,36329183,3/4/2025,Paid,Active,Tuesday,False,56,12,5,3,1,0,0
4/29/2025,39114147,3/7/2025,Free,Active,Tuesday,False,53,7,10,3,0,0,0
4/29/2025,40070917,3/4/2025,Paid,Active,Tuesday,False,56,13,4,1,0,0,0
4/29/2025,40071067,3/7/2025,Free,Active,Tuesday,False,53,7,6,1,0,0,0
4/29/2025,40836783,3/5/2025,Paid,Active,Tuesday,False,55,10,8,0,0,0,1
4/29/2025,44382081,3/5/2025,Free,Active,Tuesday,False,55,18,2,1,0,0,0
4/29/2025,44441861,3/6/2025,Free,Active,Tuesday,False,54,8,1,3,0,0,2
4/29/2025,44549411,3/3/2025,Paid,Active,Tuesday,False,57,6,15,1,0,0,0
4/29/2025,46347412,3/5/2025,Free,Active,Tuesday,False,55,10,4,1,2,0,0
4/29/2025,48924961,3/6/2025,Free,Active,Tuesday,False,54,40,1,1,5,1,0
4/29/2025,51499006,3/7/2025,Free,Active,Tuesday,False,53,6,10,1,1,0,0
4/29/2025,53226858,3/4/2025,Paid,Active,Tuesday,False,56,3,4,4,0,0,1
4/29/2025,54677898,3/5/2025,Free,Active,Tuesday,False,55,4,2,2,0,0,0
4/29/2025,55617207,3/6/2025,Free,Active,Tuesday,False,54,12,10,3,2,0,0
4/29/2025,55796778,3/7/2025,Paid,Active,Tuesday,False,53,22,2,1,0,1,0
4/29/2025,57850647,3/3/2025,Paid,Active,Tuesday,False,57,16,1,0,2,0,0
4/29/2025,59783512,3/5/2025,Paid,Active,Tuesday,False,55,34,5,3,2,0,0
4/29/2025,60977230,3/4/2025,Paid,Active,Tuesday,False,56,10,18,1,0,0,2
4/29/2025,61786206,3/3/2025,Free,Active,Tuesday,False,57,9,3,3,2,0,1
4/29/2025,63534569,3/7/2025,Paid,Active,Tuesday,False,53,6,6,1,0,0,0
4/29/2025,63585558,3/6/2025,Paid,Active,Tuesday,False,54,8,8,0,2,1,1
4/29/2025,64875604,3/6/2025,Paid,Active,Tuesday,False,54,8,5,0,0,1,0
4/29/2025,65164953,3/4/2025,Free,Active,Tuesday,False,56,6,4,3,0,0,0
4/29/2025,66077920,3/3/2025,Paid,Active,Tuesday,False,57,1,1,1,0,0,0
4/29/2025,66085019,3/5/2025,Free,Active,Tuesday,False,55,10,10,1,1,0,0
4/29/2025,67901718,3/7/2025,Paid,Active,Tuesday,False,53,10,4,1,0,2,0
4/29/2025,68233734,3/3/2025,Free,Active,Tuesday,False,57,10,3,5,0,0,0
4/29/2025,70007939,3/4/2025,Free,Active,Tuesday,False,56,19,3,0,3,0,0
4/29/2025,70268283,3/4/2025,Free,Active,Tuesday,False,56,3,2,1,0,1,1
4/29/2025,71124136,3/3/2025,Paid,Active,Tuesday,False,57,21,1,1,1,0,0
4/29/2025,71790553,3/4/2025,Paid,Active,Tuesday,False,56,27,4,1,2,0,0
4/29/2025,72469436,3/3/2025,Free,Active,Tuesday,False,57,27,2,1,1,0,0
4/29/2025,73567762,3/6/2025,Free,Active,Tuesday,False,54,6,0,2,0,0,0
4/29/2025,73963079,3/4/2025,Paid,Active,Tuesday,False,56,27,3,1,2,0,0
4/29/2025,74598602,3/6/2025,Paid,Active,Tuesday,False,54,34,1,1,2,1,2
4/29/2025,76306583,3/6/2025,Paid,Active,Tuesday,False,54,8,18,3,0,0,0
4/29/2025,76587233,3/4/2025,Paid,Active,Tuesday,False,56,26,4,1,2,0,0
4/29/2025,77337890,3/3/2025,Paid,Active,Tuesday,False,57,5,2,5,0,0,0
4/29/2025,77362777,3/6/2025,Free,Active,Tuesday,False,54,8,7,0,2,2,0
4/29/2025,77687782,3/3/2025,Free,Active,Tuesday,False,57,32,3,2,2,0,0
4/29/2025,78514449,3/7/2025,Free,Active,Tuesday,False,53,12,5,1,0,0,0
4/29/2025,79819778,3/7/2025,Free,Active,Tuesday,False,53,9,4,2,0,0,3
4/29/2025,79854644,3/5/2025,Free,Active,Tuesday,False,55,13,9,0,0,1,1
4/29/2025,80322173,3/5/2025,Free,Active,Tuesday,False,55,10,2,5,1,0,0
4/29/2025,80640969,3/5/2025,Free,Active,Tuesday,False,55,6,5,1,2,0,0
4/29/2025,81058962,3/4/2025,Free,Active,Tuesday,False,56,1,2,0,0,0,0
4/29/2025,81062415,3/7/2025,Paid,Active,Tuesday,False,53,8,3,1,0,1,0
4/29/2025,83673862,3/3/2025,Free,Active,Tuesday,False,57,7,2,3,0,0,0
4/29/2025,86372804,3/3/2025,Paid,Active,Tuesday,False,57,3,4,1,0,1,1
4/29/2025,86762579,3/5/2025,Paid,Active,Tuesday,False,55,11,2,1,0,0,0
4/29/2025,90589301,3/5/2025,Free,Active,Tuesday,False,55,20,7,2,0,0,1
4/29/2025,92207376,3/7/2025,Paid,Active,Tuesday,False,53,4,8,1,1,1,0
4/29/2025,92575198,3/4/2025,Free,Active,Tuesday,False,56,10,5,4,0,1,1
4/29/2025,93721129,3/4/2025,Paid,Active,Tuesday,False,56,3,1,3,0,0,2
4/29/2025,93805705,3/4/2025,Free,Active,Tuesday,False,56,6,2,3,0,0,0
4/29/2025,94491215,3/7/2025,Free,Active,Tuesday,False,53,16,6,0,1,0,0
4/29/2025,94796124,3/5/2025,Free,Active,Tuesday,False,55,2,2,0,1,0,0
4/29/2025,95834438,3/3/2025,Free,Active,Tuesday,False,57,7,10,2,0,0,0
4/29/2025,95928771,3/5/2025,Paid,Active,Tuesday,False,55,4,7,1,1,0,0
4/29/2025,98245773,3/3/2025,Free,Active,Tuesday,False,57,3,10,0,0,0,0
4/30/2025,10439750,3/6/2025,Paid,Active,Wednesday,False,55,18,3,1,0,0,1
4/30/2025,10522638,3/7/2025,Paid,Active,Wednesday,False,54,10,2,1,0,0,0
4/30/2025,11495794,3/6/2025,Paid,Active,Wednesday,False,55,25,2,1,0,0,1
4/30/2025,12089369,3/7/2025,Free,Active,Wednesday,False,54,9,5,1,2,1,0
4/30/2025,12839768,3/7/2025,Free,Active,Wednesday,False,54,9,2,5,0,0,0
4/30/2025,14003926,3/3/2025,Free,Active,Wednesday,False,58,8,7,3,2,1,0
4/30/2025,14209843,3/4/2025,Paid,Active,Wednesday,False,57,10,2,4,0,0,0
4/30/2025,15647148,3/6/2025,Free,Active,Wednesday,False,55,7,2,2,1,0,0
4/30/2025,16323501,3/5/2025,Free,Active,Wednesday,False,56,9,5,2,1,0,0
4/30/2025,16402515,3/7/2025,Free,Active,Wednesday,False,54,3,3,4,0,0,0
4/30/2025,17228968,3/6/2025,Paid,Active,Wednesday,False,55,7,5,1,0,0,0
4/30/2025,17463270,3/3/2025,Paid,Active,Wednesday,False,58,10,1,2,1,0,0
4/30/2025,17983248,3/4/2025,Paid,Active,Wednesday,False,57,4,7,2,0,0,0
4/30/2025,18580473,3/5/2025,Paid,Active,Wednesday,False,56,6,5,2,0,0,1
4/30/2025,18940612,3/7/2025,Free,Active,Wednesday,False,54,28,5,2,0,0,0
4/30/2025,20119241,3/7/2025,Paid,Active,Wednesday,False,54,9,2,5,0,0,1
4/30/2025,21395247,3/3/2025,Paid,Active,Wednesday,False,58,19,2,1,0,0,0
4/30/2025,22264388,3/6/2025,Paid,Active,Wednesday,False,55,8,3,3,1,1,0
4/30/2025,24627496,3/7/2025,Paid,Active,Wednesday,False,54,7,3,1,1,0,0
4/30/2025,25761792,3/6/2025,Free,Active,Wednesday,False,55,6,10,1,0,0,0
4/30/2025,26103384,3/4/2025,Paid,Active,Wednesday,False,57,13,7,7,2,0,0
4/30/2025,28608102,3/4/2025,Paid,Active,Wednesday,False,57,13,2,1,0,1,0
4/30/2025,28947491,3/3/2025,Paid,Active,Wednesday,False,58,10,6,0,0,0,1
4/30/2025,29659181,3/6/2025,Free,Active,Wednesday,False,55,82,1,0,2,0,0
4/30/2025,30377112,3/3/2025,Paid,Active,Wednesday,False,58,10,2,3,0,1,0
4/30/2025,31297307,3/4/2025,Paid,Active,Wednesday,False,57,8,11,1,0,1,0
4/30/2025,32287062,3/4/2025,Free,Active,Wednesday,False,57,22,3,0,3,0,0
4/30/2025,33910622,3/3/2025,Paid,Active,Wednesday,False,58,17,4,8,1,1,1
4/30/2025,36017834,3/7/2025,Paid,Active,Wednesday,False,54,14,3,2,1,0,0
4/30/2025,36222279,3/5/2025,Paid,Active,Wednesday,False,56,11,1,3,0,0,0
4/30/2025,36329183,3/4/2025,Paid,Active,Wednesday,False,57,15,18,2,0,1,0
4/30/2025,39534512,3/6/2025,Free,Active,Wednesday,False,55,7,1,5,0,0,0
4/30/2025,39554899,3/4/2025,Free,Active,Wednesday,False,57,3,2,4,0,0,0
4/30/2025,40836783,3/5/2025,Paid,Active,Wednesday,False,56,4,3,2,0,0,0
4/30/2025,44382081,3/5/2025,Free,Active,Wednesday,False,56,8,0,0,0,0,0
4/30/2025,44549411,3/3/2025,Paid,Active,Wednesday,False,58,6,4,3,1,1,0
4/30/2025,51499006,3/7/2025,Free,Active,Wednesday,False,54,10,5,2,0,0,0
4/30/2025,55617207,3/6/2025,Free,Active,Wednesday,False,55,15,10,1,3,0,0
4/30/2025,55796778,3/7/2025,Paid,Active,Wednesday,False,54,15,3,1,0,0,1
4/30/2025,56195615,3/7/2025,Free,Active,Wednesday,False,54,3,2,5,2,0,0
4/30/2025,59783512,3/5/2025,Paid,Active,Wednesday,False,56,22,5,2,1,0,0
4/30/2025,60977230,3/4/2025,Paid,Active,Wednesday,False,57,12,16,0,2,0,0
4/30/2025,63534569,3/7/2025,Paid,Active,Wednesday,False,54,7,9,1,1,0,0
4/30/2025,64875604,3/6/2025,Paid,Active,Wednesday,False,55,3,12,0,0,0,1
4/30/2025,65164953,3/4/2025,Free,Active,Wednesday,False,57,4,4,4,0,0,0
4/30/2025,66085019,3/5/2025,Free,Active,Wednesday,False,56,17,7,2,0,3,0
4/30/2025,67901718,3/7/2025,Paid,Active,Wednesday,False,54,8,3,2,0,0,0
4/30/2025,68233734,3/3/2025,Free,Active,Wednesday,False,58,14,2,4,0,0,1
4/30/2025,70007939,3/4/2025,Free,Active,Wednesday,False,57,25,3,1,0,0,0
4/30/2025,70268283,3/4/2025,Free,Active,Wednesday,False,57,8,3,0,0,0,0
4/30/2025,71790553,3/4/2025,Paid,Active,Wednesday,False,57,21,2,1,1,0,0
4/30/2025,73128237,3/7/2025,Paid,Active,Wednesday,False,54,18,5,6,0,0,0
4/30/2025,73567762,3/6/2025,Free,Active,Wednesday,False,55,5,2,1,0,1,0
4/30/2025,73963079,3/4/2025,Paid,Active,Wednesday,False,57,10,1,1,2,0,0
4/30/2025,74484152,3/4/2025,Paid,Active,Wednesday,False,57,16,5,1,0,2,0
4/30/2025,74598602,3/6/2025,Paid,Active,Wednesday,False,55,18,4,2,1,0,0
4/30/2025,76306583,3/6/2025,Paid,Active,Wednesday,False,55,15,12,1,1,0,0
4/30/2025,76587233,3/4/2025,Paid,Active,Wednesday,False,57,24,3,1,1,0,0
4/30/2025,76671851,3/6/2025,Free,Active,Wednesday,False,55,7,1,1,1,1,1
4/30/2025,77362777,3/6/2025,Free,Active,Wednesday,False,55,3,9,1,0,1,0
4/30/2025,77687782,3/3/2025,Free,Active,Wednesday,False,58,98,6,1,2,0,0
4/30/2025,78514449,3/7/2025,Free,Active,Wednesday,False,54,45,4,0,2,2,1
4/30/2025,79391007,3/5/2025,Free,Active,Wednesday,False,56,9,7,2,2,0,0
4/30/2025,79819778,3/7/2025,Free,Active,Wednesday,False,54,4,4,2,0,0,0
4/30/2025,79854644,3/5/2025,Free,Active,Wednesday,False,56,15,10,2,0,0,0
4/30/2025,80322173,3/5/2025,Free,Active,Wednesday,False,56,8,2,4,0,0,0
4/30/2025,80640969,3/5/2025,Free,Active,Wednesday,False,56,11,5,1,1,0,0
4/30/2025,81895947,3/5/2025,Free,Active,Wednesday,False,56,11,1,1,0,0,2
4/30/2025,86372804,3/3/2025,Paid,Active,Wednesday,False,58,10,12,1,2,0,0
4/30/2025,86762579,3/5/2025,Paid,Active,Wednesday,False,56,4,1,5,0,0,0
4/30/2025,90384679,3/6/2025,Free,Active,Wednesday,False,55,9,10,3,0,0,0
4/30/2025,90589301,3/5/2025,Free,Active,Wednesday,False,56,97,1,1,3,0,0
4/30/2025,91286478,3/7/2025,Free,Active,Wednesday,False,54,5,0,1,0,1,0
4/30/2025,92207376,3/7/2025,Paid,Active,Wednesday,False,54,3,8,1,0,0,0
4/30/2025,92575198,3/4/2025,Free,Active,Wednesday,False,57,14,4,3,0,0,0
4/30/2025,93721129,3/4/2025,Paid,Active,Wednesday,False,57,5,2,2,1,0,1
4/30/2025,93805705,3/4/2025,Free,Active,Wednesday,False,57,5,1,2,0,1,0
4/30/2025,94491215,3/7/2025,Free,Active,Wednesday,False,54,14,10,2,2,0,0
4/30/2025,94796124,3/5/2025,Free,Active,Wednesday,False,56,3,7,1,0,0,0
4/30/2025,95928771,3/5/2025,Paid,Active,Wednesday,False,56,4,5,0,2,1,1
4/30/2025,98245773,3/3/2025,Free,Active,Wednesday,False,58,4,6,0,0,1,0
5/1/2025,10439750,3/6/2025,Paid,Active,Thursday,False,56,11,4,0,0,0,0
5/1/2025,10453161,3/5/2025,Paid,Active,Thursday,False,57,26,3,0,4,1,0
5/1/2025,12839768,3/7/2025,Free,Active,Thursday,False,55,7,4,5,2,0,0
5/1/2025,14003926,3/3/2025,Free,Active,Thursday,False,59,8,10,2,2,0,0
5/1/2025,14209843,3/4/2025,Paid,Active,Thursday,False,58,4,3,6,0,0,0
5/1/2025,14495366,3/5/2025,Free,Active,Thursday,False,57,10,9,0,0,1,0
5/1/2025,14851543,3/7/2025,Paid,Active,Thursday,False,55,3,2,4,0,0,0
5/1/2025,15647148,3/6/2025,Free,Active,Thursday,False,56,24,3,1,1,0,0
5/1/2025,16323501,3/5/2025,Free,Active,Thursday,False,57,11,9,1,0,1,0
5/1/2025,16402515,3/7/2025,Free,Active,Thursday,False,55,8,3,4,1,0,1
5/1/2025,17228968,3/6/2025,Paid,Active,Thursday,False,56,5,10,0,0,0,0
5/1/2025,17463270,3/3/2025,Paid,Active,Thursday,False,59,20,4,1,1,0,0
5/1/2025,17983248,3/4/2025,Paid,Active,Thursday,False,58,7,8,1,0,0,0
5/1/2025,18940612,3/7/2025,Free,Active,Thursday,False,55,29,3,3,1,0,0
5/1/2025,19577042,3/6/2025,Free,Active,Thursday,False,56,12,8,3,1,2,0
5/1/2025,22264388,3/6/2025,Paid,Active,Thursday,False,56,10,2,3,0,0,0
5/1/2025,23272498,3/5/2025,Free,Active,Thursday,False,57,5,9,0,0,0,0
5/1/2025,23358649,3/5/2025,Free,Active,Thursday,False,57,5,1,5,0,0,0
5/1/2025,23940170,3/6/2025,Free,Active,Thursday,False,56,3,9,1,0,1,0
5/1/2025,25761792,3/6/2025,Free,Active,Thursday,False,56,11,10,2,1,0,0
5/1/2025,26103384,3/4/2025,Paid,Active,Thursday,False,58,16,4,7,0,0,1
5/1/2025,28168630,3/5/2025,Free,Active,Thursday,False,57,21,4,1,0,0,0
5/1/2025,28500176,3/7/2025,Free,Active,Thursday,False,55,5,2,2,0,0,0
5/1/2025,28608102,3/4/2025,Paid,Active,Thursday,False,58,7,4,1,2,0,0
5/1/2025,28947491,3/3/2025,Paid,Active,Thursday,False,59,8,4,3,0,1,0
5/1/2025,29659181,3/6/2025,Free,Active,Thursday,False,56,8,4,2,0,0,0
5/1/2025,31297307,3/4/2025,Paid,Active,Thursday,False,58,8,7,0,1,0,0
5/1/2025,32287062,3/4/2025,Free,Active,Thursday,False,58,16,4,0,2,0,2
5/1/2025,33834899,3/5/2025,Paid,Active,Thursday,False,57,8,13,0,0,0,1
5/1/2025,34782115,3/4/2025,Free,Active,Thursday,False,58,9,6,0,0,0,0
5/1/2025,36222279,3/5/2025,Paid,Active,Thursday,False,57,9,3,3,0,0,2
5/1/2025,36329183,3/4/2025,Paid,Active,Thursday,False,58,13,5,1,1,0,0
5/1/2025,39114147,3/7/2025,Free,Active,Thursday,False,55,15,7,3,0,0,0
5/1/2025,39534512,3/6/2025,Free,Active,Thursday,False,56,2,0,5,0,0,0
5/1/2025,40070917,3/4/2025,Paid,Active,Thursday,False,58,19,3,0,0,1,0
5/1/2025,40071067,3/7/2025,Free,Active,Thursday,False,55,5,8,1,0,2,0
5/1/2025,44382081,3/5/2025,Free,Active,Thursday,False,57,11,2,1,1,0,0
5/1/2025,44441861,3/6/2025,Free,Active,Thursday,False,56,4,2,3,0,0,0
5/1/2025,44549411,3/3/2025,Paid,Active,Thursday,False,59,13,13,2,0,0,0
5/1/2025,46347412,3/5/2025,Free,Active,Thursday,False,57,7,7,1,1,1,0
5/1/2025,48924961,3/6/2025,Free,Active,Thursday,False,56,41,3,2,1,0,1
5/1/2025,51499006,3/7/2025,Free,Active,Thursday,False,55,5,10,2,0,0,0
5/1/2025,53226858,3/4/2025,Paid,Active,Thursday,False,58,7,1,4,2,0,0
5/1/2025,55796778,3/7/2025,Paid,Active,Thursday,False,55,21,4,2,2,0,0
5/1/2025,56195615,3/7/2025,Free,Active,Thursday,False,55,10,5,5,0,0,0
5/1/2025,57850647,3/3/2025,Paid,Active,Thursday,False,59,10,3,2,2,0,0
5/1/2025,59783512,3/5/2025,Paid,Active,Thursday,False,57,27,6,1,2,0,0
5/1/2025,60977230,3/4/2025,Paid,Active,Thursday,False,58,17,7,1,0,0,0
5/1/2025,61786206,3/3/2025,Free,Active,Thursday,False,59,6,2,5,1,0,0
5/1/2025,63585558,3/6/2025,Paid,Active,Thursday,False,56,8,13,0,0,1,0
5/1/2025,65164953,3/4/2025,Free,Active,Thursday,False,58,11,3,4,0,0,0
5/1/2025,66077920,3/3/2025,Paid,Active,Thursday,False,59,2,2,0,1,0,0
5/1/2025,66085019,3/5/2025,Free,Active,Thursday,False,57,9,10,0,1,0,0
5/1/2025,67901718,3/7/2025,Paid,Active,Thursday,False,55,5,4,1,0,0,0
5/1/2025,70007939,3/4/2025,Free,Active,Thursday,False,58,48,4,1,3,0,0
5/1/2025,70268283,3/4/2025,Free,Active,Thursday,False,58,11,5,1,0,1,0
5/1/2025,72469436,3/3/2025,Free,Active,Thursday,False,59,19,3,0,2,0,2
5/1/2025,73128237,3/7/2025,Paid,Active,Thursday,False,55,8,2,8,0,1,1
5/1/2025,73567762,3/6/2025,Free,Active,Thursday,False,56,4,2,1,0,0,0
5/1/2025,73963079,3/4/2025,Paid,Active,Thursday,False,58,12,1,1,1,0,1
5/1/2025,74062340,3/5/2025,Free,Active,Thursday,False,57,6,0,1,0,0,0
5/1/2025,74598602,3/6/2025,Paid,Active,Thursday,False,56,33,5,2,1,2,0
5/1/2025,76023894,3/4/2025,Free,Active,Thursday,False,58,11,9,0,1,1,1
5/1/2025,76306583,3/6/2025,Paid,Active,Thursday,False,56,6,9,2,0,1,0
5/1/2025,76671851,3/6/2025,Free,Active,Thursday,False,56,10,4,3,0,0,0
5/1/2025,77337890,3/3/2025,Paid,Active,Thursday,False,59,12,3,4,0,0,0
5/1/2025,77362777,3/6/2025,Free,Active,Thursday,False,56,7,9,0,0,1,0
5/1/2025,77687782,3/3/2025,Free,Active,Thursday,False,59,40,3,0,5,0,2
5/1/2025,78514449,3/7/2025,Free,Active,Thursday,False,55,9,3,3,2,0,0
5/1/2025,79819778,3/7/2025,Free,Active,Thursday,False,55,6,1,1,1,0,0
5/1/2025,79854644,3/5/2025,Free,Active,Thursday,False,57,15,10,2,0,0,0
5/1/2025,80322173,3/5/2025,Free,Active,Thursday,False,57,8,3,5,1,0,0
5/1/2025,80640969,3/5/2025,Free,Active,Thursday,False,57,10,7,1,0,0,0
5/1/2025,81062415,3/7/2025,Paid,Active,Thursday,False,55,7,2,2,2,0,0
5/1/2025,81895947,3/5/2025,Free,Active,Thursday,False,57,3,1,3,0,0,0
5/1/2025,83673862,3/3/2025,Free,Active,Thursday,False,59,4,1,3,0,0,0
5/1/2025,83753999,3/6/2025,Free,Active,Thursday,False,56,1,1,0,0,1,0
5/1/2025,86762579,3/5/2025,Paid,Active,Thursday,False,57,6,3,4,0,0,0
5/1/2025,89281326,3/3/2025,Free,Active,Thursday,False,59,3,3,0,0,0,0
5/1/2025,90384679,3/6/2025,Free,Active,Thursday,False,56,5,7,1,1,1,0
5/1/2025,90589301,3/5/2025,Free,Active,Thursday,False,57,14,2,2,0,0,0
5/1/2025,91286478,3/7/2025,Free,Active,Thursday,False,55,13,1,1,1,0,0
5/1/2025,92575198,3/4/2025,Free,Active,Thursday,False,58,5,2,2,0,0,1
5/1/2025,93721129,3/4/2025,Paid,Active,Thursday,False,58,4,3,4,0,0,0
5/1/2025,94491215,3/7/2025,Free,Active,Thursday,False,55,9,3,1,0,1,0
5/1/2025,95834438,3/3/2025,Free,Active,Thursday,False,59,10,4,1,1,1,0
5/1/2025,95928771,3/5/2025,Paid,Active,Thursday,False,57,6,6,0,0,0,0
5/2/2025,10439750,3/6/2025,Paid,Active,Friday,False,57,24,2,1,1,0,0
5/2/2025,11495794,3/6/2025,Paid,Active,Friday,False,57,22,3,0,1,0,1
5/2/2025,12089369,3/7/2025,Free,Active,Friday,False,56,4,6,2,1,0,0
5/2/2025,12839768,3/7/2025,Free,Active,Friday,False,56,11,5,5,0,0,0
5/2/2025,14209843,3/4/2025,Paid,Active,Friday,False,59,9,5,3,1,0,0
5/2/2025,14495366,3/5/2025,Free,Active,Friday,False,58,5,7,1,0,0,0
5/2/2025,14528458,3/5/2025,Free,Active,Friday,False,58,22,4,1,2,0,0
5/2/2025,15647148,3/6/2025,Free,Active,Friday,False,57,19,4,2,0,0,0
5/2/2025,16323501,3/5/2025,Free,Active,Friday,False,58,8,10,2,0,0,0
5/2/2025,17228968,3/6/2025,Paid,Active,Friday,False,57,4,4,0,0,0,0
5/2/2025,17983248,3/4/2025,Paid,Active,Friday,False,59,8,9,1,0,1,0
5/2/2025,19577042,3/6/2025,Free,Active,Friday,False,57,14,9,3,0,0,0
5/2/2025,20119241,3/7/2025,Paid,Active,Friday,False,56,8,5,4,0,0,1
5/2/2025,22264388,3/6/2025,Paid,Active,Friday,False,57,3,2,2,0,0,0
5/2/2025,23272498,3/5/2025,Free,Active,Friday,False,58,9,9,1,0,0,0
5/2/2025,23940170,3/6/2025,Free,Active,Friday,False,57,7,8,0,1,2,0
5/2/2025,24627496,3/7/2025,Paid,Active,Friday,False,56,16,1,1,2,0,0
5/2/2025,26103384,3/4/2025,Paid,Active,Friday,False,59,12,4,5,1,0,1
5/2/2025,27469715,3/4/2025,Free,Active,Friday,False,59,4,1,1,1,0,0
5/2/2025,28168630,3/5/2025,Free,Active,Friday,False,58,95,3,2,5,1,0
5/2/2025,28500176,3/7/2025,Free,Active,Friday,False,56,2,0,5,0,0,0
5/2/2025,28608102,3/4/2025,Paid,Active,Friday,False,59,12,2,1,0,1,0
5/2/2025,29659181,3/6/2025,Free,Active,Friday,False,57,16,1,2,1,0,0
5/2/2025,31297307,3/4/2025,Paid,Active,Friday,False,59,8,5,0,0,0,0
5/2/2025,33834899,3/5/2025,Paid,Active,Friday,False,58,5,3,0,0,0,0
5/2/2025,34782115,3/4/2025,Free,Active,Friday,False,59,5,10,0,0,0,0
5/2/2025,36017834,3/7/2025,Paid,Active,Friday,False,56,36,5,1,2,0,0
5/2/2025,36222279,3/5/2025,Paid,Active,Friday,False,58,10,4,5,0,0,0
5/2/2025,36329183,3/4/2025,Paid,Active,Friday,False,59,6,9,2,1,0,0
5/2/2025,39114147,3/7/2025,Free,Active,Friday,False,56,12,9,2,2,1,0
5/2/2025,39534512,3/6/2025,Free,Active,Friday,False,57,5,2,2,0,0,1
5/2/2025,40071067,3/7/2025,Free,Active,Friday,False,56,4,5,1,1,0,0
5/2/2025,40836783,3/5/2025,Paid,Active,Friday,False,58,9,10,0,1,1,0
5/2/2025,43564818,3/4/2025,Free,Active,Friday,False,59,16,3,4,1,0,1
5/2/2025,44382081,3/5/2025,Free,Active,Friday,False,58,17,0,1,0,0,0
5/2/2025,46347412,3/5/2025,Free,Active,Friday,False,58,8,10,1,3,0,0
5/2/2025,48924961,3/6/2025,Free,Active,Friday,False,57,38,4,3,0,0,0
5/2/2025,51499006,3/7/2025,Free,Active,Friday,False,56,16,10,0,1,0,0
5/2/2025,55617207,3/6/2025,Free,Active,Friday,False,57,6,9,2,0,1,0
5/2/2025,55796778,3/7/2025,Paid,Active,Friday,False,56,17,4,1,1,0,0
5/2/2025,56195615,3/7/2025,Free,Active,Friday,False,56,7,7,5,0,0,0
5/2/2025,59783512,3/5/2025,Paid,Active,Friday,False,58,18,7,1,1,0,2
5/2/2025,60977230,3/4/2025,Paid,Active,Friday,False,59,11,8,2,1,0,0
5/2/2025,63534569,3/7/2025,Paid,Active,Friday,False,56,5,5,2,0,1,0
5/2/2025,63585558,3/6/2025,Paid,Active,Friday,False,57,11,12,3,2,1,0
5/2/2025,65164953,3/4/2025,Free,Active,Friday,False,59,3,4,1,0,0,0
5/2/2025,66085019,3/5/2025,Free,Active,Friday,False,58,7,5,2,0,1,0
5/2/2025,68955030,3/6/2025,Free,Active,Friday,False,57,4,2,2,0,0,0
5/2/2025,70007939,3/4/2025,Free,Active,Friday,False,59,30,4,1,0,0,0
5/2/2025,70268283,3/4/2025,Free,Active,Friday,False,59,4,3,1,0,1,0
5/2/2025,73128237,3/7/2025,Paid,Active,Friday,False,56,4,6,2,0,0,0
5/2/2025,73963079,3/4/2025,Paid,Active,Friday,False,59,16,4,1,0,0,0
5/2/2025,74484152,3/4/2025,Paid,Active,Friday,False,59,16,8,1,2,1,0
5/2/2025,74598602,3/6/2025,Paid,Active,Friday,False,57,30,2,2,2,0,0
5/2/2025,76023894,3/4/2025,Free,Active,Friday,False,59,10,4,1,0,0,0
5/2/2025,76306583,3/6/2025,Paid,Active,Friday,False,57,7,15,3,0,0,0
5/2/2025,76671851,3/6/2025,Free,Active,Friday,False,57,9,1,2,1,0,1
5/2/2025,77362777,3/6/2025,Free,Active,Friday,False,57,3,7,1,0,0,0
5/2/2025,78514449,3/7/2025,Free,Active,Friday,False,56,32,1,3,0,0,0
5/2/2025,79391007,3/5/2025,Free,Active,Friday,False,58,3,10,0,0,0,0
5/2/2025,79854644,3/5/2025,Free,Active,Friday,False,58,18,8,2,0,0,0
5/2/2025,80322173,3/5/2025,Free,Active,Friday,False,58,11,3,4,0,0,0
5/2/2025,80640969,3/5/2025,Free,Active,Friday,False,58,6,5,1,0,0,0
5/2/2025,81062415,3/7/2025,Paid,Active,Friday,False,56,8,2,1,1,0,0
5/2/2025,81895947,3/5/2025,Free,Active,Friday,False,58,10,3,5,0,0,0
5/2/2025,86762579,3/5/2025,Paid,Active,Friday,False,58,4,1,3,0,1,0
5/2/2025,89547601,3/5/2025,Free,Active,Friday,False,58,2,9,1,0,1,0
5/2/2025,90384679,3/6/2025,Free,Active,Friday,False,57,11,9,2,0,1,0
5/2/2025,90589301,3/5/2025,Free,Active,Friday,False,58,19,2,1,5,0,0
5/2/2025,92207376,3/7/2025,Paid,Active,Friday,False,56,5,9,2,0,0,0
5/2/2025,92575198,3/4/2025,Free,Active,Friday,False,59,13,5,5,0,0,0
5/2/2025,93721129,3/4/2025,Paid,Active,Friday,False,59,4,4,3,2,0,0
5/2/2025,93805705,3/4/2025,Free,Active,Friday,False,59,4,2,2,0,0,1
5/2/2025,94491215,3/7/2025,Free,Active,Friday,False,56,14,8,0,0,0,0
5/2/2025,95928771,3/5/2025,Paid,Active,Friday,False,58,8,5,1,0,0,0
5/3/2025,10439750,3/6/2025,Paid,Active,Saturday,True,58,11,3,1,1,0,0
5/3/2025,10453161,3/5/2025,Paid,Active,Saturday,True,59,19,4,1,1,0,0
5/3/2025,10517792,3/6/2025,Free,Active,Saturday,True,58,9,3,1,0,0,0
5/3/2025,10522638,3/7/2025,Paid,Active,Saturday,True,57,24,3,1,0,0,0
5/3/2025,11495794,3/6/2025,Paid,Active,Saturday,True,58,15,2,1,1,0,0
5/3/2025,12089369,3/7/2025,Free,Active,Saturday,True,57,11,5,0,1,0,0
5/3/2025,12839768,3/7/2025,Free,Active,Saturday,True,57,7,4,4,0,1,0
5/3/2025,14495366,3/5/2025,Free,Active,Saturday,True,59,4,5,1,1,0,0
5/3/2025,14851543,3/7/2025,Paid,Active,Saturday,True,57,8,4,2,0,0,0
5/3/2025,16323501,3/5/2025,Free,Active,Saturday,True,59,9,9,1,1,1,0
5/3/2025,16402515,3/7/2025,Free,Active,Saturday,True,57,7,1,5,0,0,0
5/3/2025,18940612,3/7/2025,Free,Active,Saturday,True,57,95,2,3,5,0,0
5/3/2025,19577042,3/6/2025,Free,Active,Saturday,True,58,14,6,0,1,0,1
5/3/2025,20119241,3/7/2025,Paid,Active,Saturday,True,57,9,3,5,1,0,0
5/3/2025,22264388,3/6/2025,Paid,Active,Saturday,True,58,2,1,1,0,0,1
5/3/2025,23272498,3/5/2025,Free,Active,Saturday,True,59,11,4,1,0,0,0
5/3/2025,23358649,3/5/2025,Free,Active,Saturday,True,59,9,4,1,2,0,0
5/3/2025,23940170,3/6/2025,Free,Active,Saturday,True,58,5,8,1,0,1,1
5/3/2025,25761792,3/6/2025,Free,Active,Saturday,True,58,17,8,1,1,2,0
5/3/2025,28168630,3/5/2025,Free,Active,Saturday,True,59,36,2,1,4,0,0
5/3/2025,29659181,3/6/2025,Free,Active,Saturday,True,58,31,4,1,2,0,0
5/3/2025,30665172,3/6/2025,Paid,Active,Saturday,True,58,8,3,5,0,1,1
5/3/2025,36017834,3/7/2025,Paid,Active,Saturday,True,57,30,5,1,4,1,0
5/3/2025,36222279,3/5/2025,Paid,Active,Saturday,True,59,3,2,3,1,1,0
5/3/2025,39114147,3/7/2025,Free,Active,Saturday,True,57,17,10,1,1,0,0
5/3/2025,40836783,3/5/2025,Paid,Active,Saturday,True,59,4,12,1,0,0,0
5/3/2025,44441861,3/6/2025,Free,Active,Saturday,True,58,6,2,2,0,0,1
5/3/2025,46347412,3/5/2025,Free,Active,Saturday,True,59,4,8,1,1,1,0
5/3/2025,51499006,3/7/2025,Free,Active,Saturday,True,57,8,6,2,0,1,0
5/3/2025,55617207,3/6/2025,Free,Active,Saturday,True,58,16,9,1,0,1,0
5/3/2025,56195615,3/7/2025,Free,Active,Saturday,True,57,7,1,5,0,0,0
5/3/2025,59783512,3/5/2025,Paid,Active,Saturday,True,59,16,3,3,0,0,0
5/3/2025,63534569,3/7/2025,Paid,Active,Saturday,True,57,11,10,2,0,0,0
5/3/2025,63585558,3/6/2025,Paid,Active,Saturday,True,58,7,6,0,3,0,1
5/3/2025,64875604,3/6/2025,Paid,Active,Saturday,True,58,4,3,0,0,0,0
5/3/2025,66085019,3/5/2025,Free,Active,Saturday,True,59,7,10,1,0,0,0
5/3/2025,67901718,3/7/2025,Paid,Active,Saturday,True,57,5,3,2,0,0,0
5/3/2025,73128237,3/7/2025,Paid,Active,Saturday,True,57,11,5,9,0,1,0
5/3/2025,73567762,3/6/2025,Free,Active,Saturday,True,58,3,1,5,0,0,0
5/3/2025,74598602,3/6/2025,Paid,Active,Saturday,True,58,20,3,1,0,0,0
5/3/2025,76306583,3/6/2025,Paid,Active,Saturday,True,58,14,6,1,0,0,0
5/3/2025,76671851,3/6/2025,Free,Active,Saturday,True,58,6,2,5,1,1,0
5/3/2025,77362777,3/6/2025,Free,Active,Saturday,True,58,3,8,2,0,2,0
5/3/2025,78514449,3/7/2025,Free,Active,Saturday,True,57,42,3,2,3,0,0
5/3/2025,79854644,3/5/2025,Free,Active,Saturday,True,59,17,4,2,1,0,0
5/3/2025,80322173,3/5/2025,Free,Active,Saturday,True,59,11,3,4,0,0,1
5/3/2025,80640969,3/5/2025,Free,Active,Saturday,True,59,4,7,0,1,0,0
5/3/2025,81062415,3/7/2025,Paid,Active,Saturday,True,57,4,4,4,0,0,0
5/3/2025,86762579,3/5/2025,Paid,Cancelled,Saturday,True,59,7,3,3,0,0,2
5/3/2025,89547601,3/5/2025,Free,Active,Saturday,True,59,3,8,1,0,0,0
5/3/2025,90384679,3/6/2025,Free,Active,Saturday,True,58,11,10,3,3,0,0
5/3/2025,90589301,3/5/2025,Free,Active,Saturday,True,59,41,2,1,3,0,0
5/3/2025,92207376,3/7/2025,Paid,Active,Saturday,True,57,8,3,1,2,1,0
5/3/2025,94491215,3/7/2025,Free,Active,Saturday,True,57,5,10,1,1,0,0
5/3/2025,95928771,3/5/2025,Paid,Active,Saturday,True,59,3,11,0,0,1,1
5/4/2025,10517792,3/6/2025,Free,Active,Sunday,True,59,8,10,0,0,0,0
5/4/2025,10522638,3/7/2025,Paid,Active,Sunday,True,58,19,4,0,2,0,0
5/4/2025,11495794,3/6/2025,Paid,Active,Sunday,True,59,38,5,1,3,0,1
5/4/2025,12839768,3/7/2025,Free,Active,Sunday,True,58,12,3,5,1,0,0
5/4/2025,14851543,3/7/2025,Paid,Active,Sunday,True,58,7,4,2,0,0,1
5/4/2025,15647148,3/6/2025,Free,Active,Sunday,True,59,15,0,2,1,1,0
5/4/2025,16402515,3/7/2025,Free,Active,Sunday,True,58,6,3,3,2,0,0
5/4/2025,17228968,3/6/2025,Paid,Active,Sunday,True,59,10,9,1,1,0,0
5/4/2025,18940612,3/7/2025,Free,Active,Sunday,True,58,63,2,3,3,0,0
5/4/2025,19577042,3/6/2025,Free,Active,Sunday,True,59,10,6,3,1,0,0
5/4/2025,20119241,3/7/2025,Paid,Active,Sunday,True,58,7,4,3,0,0,0
5/4/2025,22264388,3/6/2025,Paid,Active,Sunday,True,59,9,2,6,0,0,0
5/4/2025,23940170,3/6/2025,Free,Active,Sunday,True,59,3,10,1,1,0,0
5/4/2025,25761792,3/6/2025,Free,Active,Sunday,True,59,12,9,1,0,1,0
5/4/2025,28500176,3/7/2025,Free,Active,Sunday,True,58,3,1,1,0,0,0
5/4/2025,29659181,3/6/2025,Free,Active,Sunday,True,59,16,1,2,1,0,0
5/4/2025,30665172,3/6/2025,Paid,Active,Sunday,True,59,9,2,6,0,1,0
5/4/2025,36017834,3/7/2025,Paid,Active,Sunday,True,58,37,2,3,1,0,0
5/4/2025,39114147,3/7/2025,Free,Active,Sunday,True,58,5,8,2,0,0,1
5/4/2025,40071067,3/7/2025,Free,Active,Sunday,True,58,5,10,0,0,0,0
5/4/2025,51499006,3/7/2025,Free,Active,Sunday,True,58,6,10,2,0,0,0
5/4/2025,55617207,3/6/2025,Free,Active,Sunday,True,59,16,10,1,0,0,0
5/4/2025,55796778,3/7/2025,Paid,Active,Sunday,True,58,15,2,1,0,0,0
5/4/2025,56195615,3/7/2025,Free,Active,Sunday,True,58,7,3,4,0,1,1
5/4/2025,63534569,3/7/2025,Paid,Active,Sunday,True,58,5,11,0,1,1,0
5/4/2025,63585558,3/6/2025,Paid,Active,Sunday,True,59,12,8,1,0,0,0
5/4/2025,64875604,3/6/2025,Paid,Active,Sunday,True,59,6,5,0,0,0,0
5/4/2025,67901718,3/7/2025,Paid,Active,Sunday,True,58,4,8,1,0,0,0
5/4/2025,68805871,3/6/2025,Free,Active,Sunday,True,59,5,5,0,2,0,0
5/4/2025,73128237,3/7/2025,Paid,Active,Sunday,True,58,17,6,3,1,0,0
5/4/2025,73567762,3/6/2025,Free,Active,Sunday,True,59,2,0,3,0,0,0
5/4/2025,74598602,3/6/2025,Paid,Active,Sunday,True,59,18,5,2,1,0,0
5/4/2025,76306583,3/6/2025,Paid,Active,Sunday,True,59,16,15,2,2,0,0
5/4/2025,76671851,3/6/2025,Free,Active,Sunday,True,59,3,1,5,0,0,0
5/4/2025,77362777,3/6/2025,Free,Active,Sunday,True,59,7,10,2,0,0,0
5/4/2025,78514449,3/7/2025,Free,Active,Sunday,True,58,26,4,1,0,0,0
5/4/2025,79819778,3/7/2025,Free,Active,Sunday,True,58,7,2,1,2,1,0
5/4/2025,81062415,3/7/2025,Paid,Active,Sunday,True,58,3,1,3,0,0,0
5/4/2025,83753999,3/6/2025,Free,Active,Sunday,True,59,7,5,1,0,0,0
5/4/2025,90384679,3/6/2025,Free,Active,Sunday,True,59,5,10,3,2,0,0
5/4/2025,91286478,3/7/2025,Free,Active,Sunday,True,58,11,2,0,2,0,0
5/4/2025,92207376,3/7/2025,Paid,Active,Sunday,True,58,10,5,0,1,0,0
5/4/2025,94491215,3/7/2025,Free,Active,Sunday,True,58,13,8,2,0,2,0
5/5/2025,10522638,3/7/2025,Paid,Active,Monday,False,59,30,1,0,1,0,0
5/5/2025,12839768,3/7/2025,Free,Active,Monday,False,59,14,4,5,0,0,0
5/5/2025,14851543,3/7/2025,Paid,Active,Monday,False,59,9,4,3,0,0,1
5/5/2025,16402515,3/7/2025,Free,Active,Monday,False,59,7,1,3,1,0,1
5/5/2025,18940612,3/7/2025,Free,Active,Monday,False,59,96,1,2,4,0,1
5/5/2025,20119241,3/7/2025,Paid,Active,Monday,False,59,9,3,4,1,0,0
5/5/2025,36017834,3/7/2025,Paid,Active,Monday,False,59,36,5,1,2,0,0
5/5/2025,39114147,3/7/2025,Free,Active,Monday,False,59,6,9,1,0,1,0
5/5/2025,51499006,3/7/2025,Free,Active,Monday,False,59,7,6,1,0,1,0
5/5/2025,55796778,3/7/2025,Paid,Active,Monday,False,59,10,3,1,0,0,0
5/5/2025,56195615,3/7/2025,Free,Active,Monday,False,59,10,2,4,0,1,1
5/5/2025,78514449,3/7/2025,Free,Active,Monday,False,59,15,7,1,0,0,0
5/5/2025,79819778,3/7/2025,Free,Active,Monday,False,59,6,4,5,1,0,0
5/5/2025,81062415,3/7/2025,Paid,Active,Monday,False,59,10,4,3,1,0,0
5/5/2025,92207376,3/7/2025,Paid,Active,Monday,False,59,11,5,2,0,0,0
5/5/2025,94491215,3/7/2025,Free,Active,Monday,False,59,8,10,2,0,0,1
